date,store_id,sku_id,customer_id,quantity,unit_price,total_value,channel,discount_pct
2022-01-17,41,1020,2071.0,4,7.47,29.88,Website,25.0
2025-06-28,36,1147,986.0,1,20.74,20.74,MobileApp,0.0
2024-02-18,6,1125,4567.0,4,26.97,107.88,Store,0.0
2022-02-14,18,1103,1595.0,3,28.79,86.37,Store,25.0
2025-03-21,45,1173,3846.0,2,163.58,327.16,Website,0.0
2024-01-12,10,1046,4050.0,3,49.46,148.38,MobileApp,15.0
2021-09-25,5,1034,4175.0,1,57.56,57.56,Website,0.0
2022-12-02,6,1183,3816.0,6,120.41,722.46,Noon,10.0
2024-01-09,2,1017,,3,36.75,110.25,Store,15.0
2022-09-28,3,1042,1956.0,1,44.9,44.9,Store,0.0
2023-06-14,4,1027,49.0,1,6.05,6.05,Store,0.0
2022-12-19,8,1171,578.0,4,41.67,166.68,MobileApp,0.0
2021-02-09,29,1148,3147.0,2,45.57,91.14,Noon,15.0
2024-01-06,2,1043,4032.0,4,19.93,79.72,Website,15.0
2023-08-27,37,1121,1043.0,1,31.88,31.88,Store,0.0
2022-12-20,44,1014,1679.0,2,7.83,15.66,Store,0.0
2022-07-22,9,1077,2851.0,4,47.6,190.4,Store,0.0
2021-03-04,7,1147,,2,20.74,41.48,Store,0.0
2023-04-23,15,1008,,5,43.94,219.7,Store,0.0
2021-04-14,15,1143,,4,12.91,51.64,MobileApp,25.0
2023-06-03,47,1176,4563.0,1,6.83,6.83,Amazon.ae,0.0
2025-01-24,26,1163,1041.0,4,31.78,127.12,Store,15.0
2024-01-10,22,1114,1939.0,1,152.42,152.42,Store,0.0
2025-04-20,7,1188,483.0,1,20.38,20.38,Website,0.0
2023-04-27,37,1132,,1,34.78,34.78,Store,0.0
2023-11-16,34,1098,1569.0,2,103.53,207.06,Amazon.ae,0.0
2021-11-30,17,1153,1833.0,1,160.72,160.72,Store,0.0
2021-05-10,15,1115,2588.0,3,44.22,132.66,MobileApp,0.0
2021-11-10,44,1134,,4,13.83,55.32,Store,0.0
2021-06-05,25,1092,1478.0,3,28.19,84.57,Store,0.0
2022-01-24,41,1148,2610.0,6,40.21,241.26,Store,25.0
2021-09-07,44,1026,,3,5.7,17.1,Store,0.0
2023-12-23,1,1167,1045.0,3,44.15,132.45,Website,0.0
2021-12-22,18,1136,4743.0,3,60.29,180.87,MobileApp,0.0
2022-04-12,4,1150,1614.0,1,99.85,99.85,Store,25.0
2024-04-17,6,1073,,2,120.38,240.76,Store,0.0
2022-06-03,2,1178,,3,23.94,71.82,Store,0.0
2021-02-16,25,1106,4964.0,2,9.59,19.18,Amazon.ae,15.0
2021-05-18,47,1185,,3,77.39,232.17,MobileApp,0.0
2025-01-13,2,1033,3031.0,5,32.44,162.2,Store,0.0
2025-10-14,32,1173,2687.0,1,163.58,163.58,Store,0.0
2021-12-25,4,1184,1820.0,2,22.41,44.82,Store,0.0
2025-04-10,15,1167,4949.0,4,44.15,176.6,Store,0.0
2022-01-07,48,1084,2196.0,3,47.89,143.67,Store,0.0
2025-05-26,24,1156,4302.0,1,33.95,33.95,MobileApp,0.0
2022-10-15,38,1129,3043.0,2,152.84,305.68,Store,0.0
2023-08-20,26,1115,2464.0,2,44.22,88.44,Store,0.0
2021-03-03,50,1172,,4,113.45,453.8,Website,0.0
2022-04-05,34,1085,1238.0,4,19.97,79.88,Website,25.0
2021-12-23,45,1179,3216.0,2,28.84,57.68,Store,0.0
2022-08-08,21,1169,611.0,3,5.48,16.44,Store,10.0
2022-09-03,33,1084,2498.0,4,47.89,191.56,Store,0.0
2022-12-19,42,1069,3454.0,3,38.3,114.9,MobileApp,0.0
2021-12-18,30,1046,127.0,1,58.19,58.19,Store,0.0
2023-05-28,4,1193,1569.0,2,13.87,27.74,Store,0.0
2023-11-08,28,1045,2820.0,2,141.21,282.42,Store,0.0
2021-01-29,43,1092,4994.0,3,28.19,84.57,Store,0.0
2024-02-26,7,1140,1982.0,6,30.47,182.82,Store,15.0
2022-10-07,3,1054,3405.0,3,9.86,29.58,MobileApp,0.0
2023-02-04,5,1062,940.0,3,24.8,74.4,Website,15.0
2023-05-05,50,1129,3371.0,2,152.84,305.68,Store,0.0
2025-03-17,32,1017,279.0,6,43.23,259.38,Store,0.0
2022-12-05,12,1024,1886.0,3,8.79,26.37,Store,0.0
2024-12-29,24,1061,,1,53.82,53.82,Store,0.0
2021-09-04,43,1049,2265.0,3,118.16,354.48,Store,0.0
2022-06-04,48,1162,,1,26.4,26.4,Website,0.0
2021-11-13,18,1090,4745.0,2,36.54,73.08,Store,0.0
2024-02-14,7,1144,4949.0,1,12.29,12.29,Amazon.ae,15.0
2024-05-15,17,1129,3920.0,2,152.84,305.68,MobileApp,0.0
2023-01-26,21,1067,4049.0,3,42.13,126.39,Website,15.0
2023-01-03,20,1008,85.0,5,43.94,219.7,Store,0.0
2023-09-08,16,1132,1294.0,2,34.78,69.56,Store,0.0
2021-07-26,1,1189,,1,77.99,77.99,Store,0.0
2024-04-18,38,1019,4145.0,1,211.86,211.86,Store,0.0
2024-06-25,25,1037,2977.0,3,178.57,535.71,Website,0.0
2025-03-27,15,1088,3733.0,4,21.16,84.64,Website,0.0
2022-07-02,17,1166,51.0,3,44.39,133.17,Amazon.ae,10.0
2025-04-05,29,1024,3936.0,2,8.79,17.58,Store,0.0
2023-04-27,8,1131,3688.0,1,23.47,23.47,Website,0.0
2025-04-05,13,1118,,4,23.7,94.8,Website,0.0
2021-07-16,15,1004,1918.0,2,22.34,44.68,Website,10.0
2023-06-11,16,1009,677.0,3,90.95,272.85,Store,0.0
2022-02-06,7,1111,,3,12.56,37.68,Website,0.0
2023-01-01,28,1100,,3,15.48,46.44,Amazon.ae,15.0
2023-08-06,33,1130,2496.0,4,16.86,67.44,MobileApp,0.0
2025-06-06,46,1058,4707.0,4,45.07,180.28,Website,0.0
2025-01-08,49,1137,3689.0,3,6.72,20.16,Store,0.0
2021-03-11,1,1105,4708.0,1,17.04,17.04,Website,0.0
2024-08-12,45,1050,1606.0,4,17.84,71.36,MobileApp,0.0
2023-08-16,29,1006,1464.0,6,10.1,60.6,Store,20.0
2023-12-10,49,1161,1316.0,1,82.66,82.66,Store,0.0
2023-08-05,30,1137,2513.0,2,6.72,13.44,Website,0.0
2024-05-30,8,1088,,4,21.16,84.64,Amazon.ae,0.0
2025-07-14,9,1044,4233.0,5,19.61,98.05,Amazon.ae,10.0
2024-08-03,23,1182,,2,14.02,28.04,Website,0.0
2023-08-27,23,1061,1296.0,4,53.82,215.28,Store,0.0
2022-05-03,34,1142,,6,15.64,93.84,Website,0.0
2021-05-29,26,1172,2776.0,1,113.45,113.45,MobileApp,0.0
2025-01-30,49,1044,3878.0,1,21.79,21.79,Amazon.ae,0.0
2021-12-17,31,1176,3088.0,1,6.83,6.83,Store,0.0
2023-05-28,45,1053,1940.0,1,11.65,11.65,Store,0.0
2021-10-27,14,1083,,3,13.88,41.64,Noon,0.0
2024-04-11,11,1084,4878.0,2,38.31,76.62,Store,20.0
2021-11-05,15,1108,,1,39.32,39.32,Store,0.0
2022-06-27,30,1071,,4,5.49,21.96,MobileApp,0.0
2022-10-20,21,1057,2579.0,1,26.94,26.94,Store,0.0
2021-08-22,18,1049,,6,106.34,638.04,Website,10.0
2024-08-31,15,1070,4221.0,4,42.19,168.76,Store,0.0
2023-09-29,15,1075,1374.0,1,13.37,13.37,Store,0.0
2021-12-14,43,1063,,3,16.22,48.66,Store,0.0
2022-04-09,13,1048,,4,10.4,41.6,Website,25.0
2023-03-31,8,1039,1814.0,1,25.91,25.91,Website,0.0
2022-11-29,6,1172,,1,113.45,113.45,Store,0.0
2022-02-21,13,1034,,1,43.17,43.17,Store,25.0
2022-07-04,6,1095,4311.0,4,18.83,75.32,Website,10.0
2021-01-20,5,1120,3174.0,5,39.47,197.35,MobileApp,15.0
2024-08-23,30,1130,1957.0,3,15.17,45.51,MobileApp,10.0
2023-09-19,28,1118,,1,23.7,23.7,Store,0.0
2024-11-07,19,1001,,4,164.56,658.24,Store,0.0
2025-03-21,14,1010,1956.0,1,16.43,16.43,Store,0.0
2022-02-22,3,1076,3821.0,6,16.82,100.92,MobileApp,25.0
2021-06-29,12,1072,3912.0,2,238.26,476.52,Store,0.0
2023-01-22,32,1123,4375.0,1,8.35,8.35,MobileApp,15.0
2022-06-18,34,1037,2387.0,1,178.57,178.57,Store,0.0
2021-05-10,39,1171,,5,31.25,156.25,MobileApp,25.0
2025-09-20,20,1200,3156.0,2,7.49,14.98,Noon,0.0
2025-01-09,10,1186,2915.0,2,4.64,9.28,Website,15.0
2022-06-20,33,1079,1548.0,1,5.2,5.2,Store,0.0
2023-02-03,11,1012,3990.0,5,14.1,70.5,Website,0.0
2025-03-01,42,1159,,5,178.08,890.4,Store,0.0
2022-05-26,42,1056,4963.0,1,5.98,5.98,Store,0.0
2021-01-22,27,1017,3844.0,4,36.75,147.0,Amazon.ae,15.0
2022-09-13,41,1168,,3,19.12,57.36,Website,0.0
2024-02-15,19,1177,4274.0,1,2.84,2.84,MobileApp,0.0
2023-02-19,24,1184,934.0,3,19.05,57.15,Store,15.0
2021-10-16,13,1140,4046.0,3,35.85,107.55,Store,0.0
2024-05-21,28,1113,,2,25.29,50.58,Store,0.0
2021-03-21,38,1076,,3,22.42,67.26,Store,0.0
2025-07-16,26,1075,1873.0,3,13.37,40.11,Website,0.0
2021-03-21,31,1119,,1,36.07,36.07,Noon,0.0
2021-07-06,3,1063,3511.0,1,16.22,16.22,Website,0.0
2023-04-23,21,1004,1858.0,5,18.62,93.1,MobileApp,25.0
2025-06-21,50,1179,454.0,1,28.84,28.84,Noon,0.0
2024-05-26,8,1095,981.0,3,20.92,62.76,Store,0.0
2023-01-07,29,1179,,1,24.51,24.51,Website,15.0
2022-01-26,39,1143,4595.0,5,12.91,64.55,Store,25.0
2024-08-27,50,1113,458.0,6,22.76,136.56,Store,10.0
2021-07-28,37,1198,2467.0,3,23.32,69.96,Website,10.0
2023-01-19,9,1102,,1,18.31,18.31,Store,15.0
2024-02-02,4,1187,4876.0,3,60.65,181.95,Amazon.ae,15.0
2023-06-04,6,1110,4963.0,2,18.41,36.82,Website,0.0
2022-04-17,20,1084,1145.0,4,35.92,143.68,Website,25.0
2021-06-26,27,1088,,1,21.16,21.16,Store,0.0
2023-10-16,6,1090,2592.0,2,36.54,73.08,Website,0.0
2024-06-08,36,1188,286.0,3,20.38,61.14,Store,0.0
2022-12-11,13,1117,1266.0,1,9.94,9.94,Website,0.0
2023-11-04,23,1073,,1,120.38,120.38,Store,0.0
2025-03-24,24,1190,2419.0,2,14.18,28.36,MobileApp,30.0
2025-03-15,42,1047,968.0,5,25.28,126.4,Amazon.ae,30.0
2022-05-01,18,1002,,3,10.3,30.9,Website,25.0
2023-10-30,31,1183,87.0,1,133.79,133.79,Store,0.0
2024-04-24,38,1171,893.0,2,41.67,83.34,Website,0.0
2025-08-10,41,1129,2628.0,1,137.56,137.56,Website,10.0
2023-01-15,46,1112,3039.0,4,8.82,35.28,Website,15.0
2023-03-26,39,1170,2618.0,1,17.04,17.04,Website,20.0
2025-03-08,34,1128,2644.0,1,18.61,18.61,Amazon.ae,30.0
2025-06-18,42,1026,,1,5.7,5.7,Website,0.0
2025-03-18,32,1092,,1,19.73,19.73,Store,30.0
2024-01-21,40,1008,4824.0,5,43.94,219.7,Amazon.ae,0.0
2024-07-19,43,1079,4000.0,1,4.68,4.68,MobileApp,10.0
2024-04-19,21,1171,3015.0,1,41.67,41.67,MobileApp,0.0
2024-01-21,29,1089,2545.0,5,56.06,280.3,Store,15.0
2025-06-04,28,1077,1009.0,1,47.6,47.6,Store,0.0
2025-10-27,19,1124,3872.0,1,23.62,23.62,Website,0.0
2021-01-23,46,1052,,2,16.68,33.36,Website,0.0
2021-10-22,9,1198,1802.0,1,25.91,25.91,Website,0.0
2022-03-09,4,1130,,3,16.86,50.58,Website,0.0
2022-04-21,29,1047,971.0,3,27.08,81.24,Store,25.0
2025-06-27,20,1063,,1,16.22,16.22,Store,0.0
2023-09-30,8,1129,2308.0,4,152.84,611.36,Website,0.0
2022-12-12,32,1073,3323.0,1,120.38,120.38,Store,0.0
2024-03-05,11,1066,2928.0,2,49.78,99.56,Store,0.0
2024-04-15,44,1133,866.0,1,33.85,33.85,Website,0.0
2022-02-03,13,1093,2909.0,4,7.98,31.92,Store,0.0
2024-01-21,30,1033,3191.0,5,27.57,137.85,Website,15.0
2024-11-30,30,1141,,1,8.45,8.45,MobileApp,0.0
2025-10-11,30,1025,1855.0,1,8.48,8.48,Website,0.0
2021-09-17,22,1090,4916.0,1,36.54,36.54,Website,0.0
2021-01-18,42,1163,268.0,2,31.78,63.56,Noon,15.0
2023-10-15,24,1145,1670.0,1,11.46,11.46,Website,0.0
2023-06-20,30,1064,3008.0,3,17.68,53.04,Store,0.0
2025-10-21,26,1050,877.0,1,17.84,17.84,Website,0.0
2021-07-17,17,1133,2752.0,3,33.85,101.55,Noon,0.0
2021-07-02,45,1160,,3,5.56,16.68,Amazon.ae,10.0
2023-03-09,12,1174,4177.0,1,240.85,240.85,Website,0.0
2023-04-04,3,1163,2356.0,1,29.91,29.91,Noon,20.0
2022-07-24,18,1066,3296.0,5,44.8,224.0,Website,10.0
2021-07-03,49,1076,3312.0,2,22.42,44.84,Noon,0.0
2023-09-01,42,1146,1259.0,3,20.29,60.87,Store,0.0
2022-08-30,17,1069,,1,38.3,38.3,MobileApp,0.0
2021-12-26,14,1157,,1,14.63,14.63,Website,0.0
2022-11-07,25,1094,,1,23.5,23.5,Store,0.0
2021-12-10,17,1200,3381.0,1,7.49,7.49,MobileApp,0.0
2021-08-22,13,1148,1518.0,1,48.25,48.25,Website,10.0
2022-01-29,50,1132,,4,26.08,104.32,Amazon.ae,25.0
2024-06-09,38,1105,4201.0,1,17.04,17.04,Website,0.0
2025-04-26,4,1073,769.0,1,120.38,120.38,Website,0.0
2025-03-15,6,1017,4899.0,6,30.26,181.56,MobileApp,30.0
2024-06-18,45,1071,,4,3.84,15.36,Website,30.0
2024-05-25,16,1195,2656.0,1,20.92,20.92,MobileApp,0.0
2025-01-21,42,1008,2923.0,3,37.35,112.05,Store,15.0
2021-07-20,18,1159,4063.0,2,160.27,320.54,Store,10.0
2022-01-11,37,1113,3716.0,2,18.97,37.94,MobileApp,25.0
2021-07-18,17,1166,,5,49.32,246.6,Website,0.0
2024-01-23,15,1118,,1,23.7,23.7,Website,0.0
2021-05-16,32,1147,,1,20.74,20.74,Store,0.0
2025-08-20,7,1005,389.0,4,15.93,63.72,Store,10.0
2025-08-23,30,1087,,6,8.48,50.88,Amazon.ae,10.0
2024-05-19,34,1037,,1,178.57,178.57,MobileApp,0.0
2023-03-03,27,1022,2627.0,2,54.82,109.64,Store,0.0
2025-04-11,15,1112,,1,10.38,10.38,MobileApp,0.0
2021-05-17,18,1003,2530.0,3,12.0,36.0,Website,0.0
2025-07-12,30,1178,3079.0,1,21.55,21.55,Store,10.0
2023-08-27,37,1026,3050.0,2,4.56,9.12,Store,20.0
2025-04-09,16,1090,1858.0,2,36.54,73.08,Store,0.0
2025-03-20,15,1157,2711.0,4,14.63,58.52,Website,0.0
2025-06-29,16,1009,4937.0,1,90.95,90.95,Website,0.0
2023-09-19,23,1084,1027.0,4,47.89,191.56,Website,0.0
2025-01-04,10,1099,,3,42.36,127.08,MobileApp,15.0
2021-05-24,21,1165,,1,17.3,17.3,MobileApp,0.0
2025-03-16,48,1006,4523.0,3,12.62,37.86,Store,0.0
2023-11-11,12,1124,3502.0,3,23.62,70.86,Store,0.0
2021-03-27,32,1199,,2,229.89,459.78,Store,0.0
2023-09-15,10,1095,311.0,4,20.92,83.68,Amazon.ae,0.0
2024-04-18,23,1061,2294.0,2,53.82,107.64,Website,0.0
2024-09-07,19,1025,,1,8.48,8.48,Store,0.0
2021-01-23,19,1097,2246.0,5,2.22,11.1,Website,15.0
2021-08-22,1,1168,2067.0,5,19.12,95.6,Website,0.0
2021-06-20,39,1037,2578.0,1,178.57,178.57,Store,0.0
2024-03-22,22,1009,2116.0,5,90.95,454.75,Website,0.0
2024-10-17,36,1129,2575.0,4,152.84,611.36,MobileApp,0.0
2022-07-25,23,1118,,2,21.33,42.66,Website,10.0
2023-01-22,20,1127,1510.0,1,17.37,17.37,Website,15.0
2024-04-10,34,1197,,1,17.58,17.58,Website,0.0
2021-10-07,33,1160,2967.0,2,6.18,12.36,Noon,0.0
2024-09-15,38,1007,,3,67.26,201.78,Store,0.0
2022-02-17,39,1056,,3,5.98,17.94,Website,0.0
2024-05-29,6,1092,,1,28.19,28.19,Store,0.0
2022-03-22,23,1098,239.0,2,103.53,207.06,Website,0.0
2024-09-24,27,1193,,4,13.87,55.48,Store,0.0
2024-12-21,24,1080,2880.0,1,22.25,22.25,Store,0.0
2023-05-28,47,1019,,1,211.86,211.86,Store,0.0
2021-08-06,22,1058,347.0,2,40.56,81.12,MobileApp,10.0
2022-01-24,4,1134,4318.0,4,13.83,55.32,Store,0.0
2024-09-24,36,1096,1811.0,2,113.29,226.58,Amazon.ae,0.0
2021-08-10,14,1176,915.0,3,6.15,18.45,Website,10.0
2021-05-21,13,1072,665.0,1,238.26,238.26,Store,0.0
2025-05-05,30,1067,201.0,2,49.57,99.14,Store,0.0
2021-01-20,8,1150,,6,133.14,798.84,Store,0.0
2022-07-14,47,1191,701.0,4,9.9,39.6,Website,0.0
2023-12-24,12,1162,,1,26.4,26.4,MobileApp,0.0
2023-07-02,30,1130,4230.0,1,16.86,16.86,Website,0.0
2024-01-05,10,1071,974.0,2,4.67,9.34,Website,15.0
2025-05-10,6,1160,3832.0,1,6.18,6.18,Store,0.0
2022-08-08,23,1134,124.0,2,13.83,27.66,Store,0.0
2024-05-10,10,1133,825.0,3,33.85,101.55,MobileApp,0.0
2024-04-20,11,1124,,1,23.62,23.62,Amazon.ae,0.0
2022-09-03,10,1118,,1,23.7,23.7,Website,0.0
2021-07-11,15,1003,3303.0,1,10.8,10.8,Website,10.0
2024-10-02,5,1038,4827.0,1,99.28,99.28,MobileApp,0.0
2024-06-20,10,1008,1291.0,1,43.94,43.94,Noon,0.0
2023-03-30,13,1061,1154.0,5,43.06,215.3,Amazon.ae,20.0
2025-05-17,47,1186,,1,5.46,5.46,Store,0.0
2024-03-29,8,1120,1302.0,6,46.44,278.64,MobileApp,0.0
2024-08-18,47,1191,3246.0,2,8.91,17.82,Amazon.ae,10.0
2022-05-14,25,1196,3509.0,1,29.94,29.94,MobileApp,0.0
2023-10-28,16,1167,,1,44.15,44.15,Store,0.0
2023-09-09,49,1078,2030.0,1,179.73,179.73,Website,0.0
2024-11-19,1,1186,222.0,4,5.46,21.84,Store,0.0
2021-04-08,27,1064,,1,17.68,17.68,Amazon.ae,0.0
2023-06-05,19,1072,,4,238.26,953.04,Store,0.0
2021-11-28,16,1127,4819.0,3,14.3,42.9,Website,30.0
2022-06-20,22,1087,2084.0,2,9.42,18.84,Store,0.0
2022-02-06,11,1126,,1,19.27,19.27,Store,25.0
2022-12-22,46,1123,,2,9.82,19.64,Website,0.0
2021-11-17,46,1148,559.0,3,53.61,160.83,MobileApp,0.0
2023-09-28,5,1069,4859.0,2,38.3,76.6,MobileApp,0.0
2022-08-04,24,1112,2494.0,3,9.34,28.02,Website,10.0
2025-02-24,15,1128,,4,22.59,90.36,MobileApp,15.0
2023-01-06,23,1030,,1,18.73,18.73,Website,15.0
2021-02-28,4,1001,4084.0,2,139.88,279.76,Website,15.0
2022-03-14,23,1144,2758.0,3,14.46,43.38,Store,0.0
2022-08-06,39,1034,1813.0,2,51.8,103.6,Website,10.0
2022-02-28,43,1026,1933.0,4,4.28,17.12,Store,25.0
2022-04-01,14,1181,,2,38.61,77.22,Store,0.0
2024-01-01,5,1005,3463.0,2,17.7,35.4,MobileApp,0.0
2025-03-06,12,1112,2721.0,5,10.38,51.9,Store,0.0
2024-11-17,17,1197,4616.0,2,17.58,35.16,Store,0.0
2021-01-12,38,1161,,1,70.26,70.26,Store,15.0
2022-07-01,28,1111,3002.0,4,12.56,50.24,Website,0.0
2025-10-10,29,1146,1071.0,2,20.29,40.58,Store,0.0
2025-10-02,2,1158,1960.0,1,7.27,7.27,Store,0.0
2021-05-22,6,1182,2436.0,2,14.02,28.04,Store,0.0
2023-01-19,43,1026,4846.0,1,5.7,5.7,Amazon.ae,0.0
2023-08-27,27,1110,,4,14.73,58.92,MobileApp,20.0
2023-08-31,40,1063,,3,16.22,48.66,MobileApp,0.0
2022-07-05,8,1036,404.0,6,80.53,483.18,Store,10.0
2025-03-01,4,1019,1964.0,4,148.3,593.2,MobileApp,30.0
2022-05-13,39,1061,2401.0,3,53.82,161.46,Website,0.0
2022-12-01,43,1187,2461.0,6,64.22,385.32,MobileApp,10.0
2021-08-02,25,1178,380.0,4,23.94,95.76,Store,0.0
2021-10-19,29,1076,,1,22.42,22.42,Store,0.0
2024-02-09,9,1103,429.0,1,38.39,38.39,Website,0.0
2025-03-09,10,1025,2083.0,1,8.48,8.48,Store,0.0
2023-08-21,49,1173,1652.0,1,130.86,130.86,Store,20.0
2024-03-06,18,1064,2277.0,1,17.68,17.68,Store,0.0
2024-12-11,23,1091,2530.0,3,8.74,26.22,Store,0.0
2022-09-20,7,1127,1257.0,1,20.43,20.43,Website,0.0
2024-08-03,15,1176,,3,6.15,18.45,MobileApp,10.0
2022-02-11,48,1157,1123.0,3,14.63,43.89,Store,0.0
2021-05-04,33,1196,10.0,2,22.46,44.92,Website,25.0
2025-06-16,19,1113,,1,25.29,25.29,Store,0.0
2025-03-16,13,1178,15.0,3,23.94,71.82,Website,0.0
2024-03-02,35,1037,,2,178.57,357.14,Store,0.0
2021-04-07,48,1168,2980.0,2,19.12,38.24,Website,0.0
2021-10-18,6,1118,1001.0,1,23.7,23.7,Website,0.0
2021-09-14,7,1047,2419.0,1,36.11,36.11,Store,0.0
2021-06-02,3,1105,1671.0,1,17.04,17.04,Store,0.0
2025-03-21,25,1067,3573.0,2,34.7,69.4,Website,30.0
2025-01-13,7,1164,431.0,1,166.8,166.8,Amazon.ae,15.0
2023-07-30,22,1138,1066.0,4,37.02,148.08,Store,20.0
2023-04-27,25,1132,,4,34.78,139.12,Store,0.0
2021-03-20,3,1045,4890.0,1,141.21,141.21,Website,0.0
2021-02-04,16,1166,4195.0,1,41.92,41.92,MobileApp,15.0
2024-05-05,28,1047,,3,36.11,108.33,Amazon.ae,0.0
2023-05-28,22,1057,1179.0,2,26.94,53.88,Store,0.0
2021-03-17,42,1048,,1,13.87,13.87,Store,0.0
2023-07-10,44,1163,,5,37.39,186.95,Store,0.0
2021-06-25,40,1056,4803.0,1,5.98,5.98,Store,0.0
2025-08-24,12,1013,2277.0,5,32.07,160.35,Amazon.ae,10.0
2023-03-26,25,1133,3555.0,1,27.08,27.08,Store,20.0
2021-01-05,35,1120,4502.0,3,39.47,118.41,Store,15.0
2024-05-31,36,1135,2266.0,3,50.49,151.47,Store,0.0
2022-08-18,37,1131,3205.0,1,23.47,23.47,Store,0.0
2022-11-30,49,1019,4089.0,3,211.86,635.58,Store,0.0
2021-03-14,7,1113,3549.0,2,25.29,50.58,Store,0.0
2023-09-01,11,1065,1727.0,3,177.83,533.49,Website,0.0
2025-05-06,11,1037,,3,178.57,535.71,Noon,0.0
2023-03-29,19,1033,25.0,3,25.95,77.85,Website,20.0
2023-08-12,44,1150,2274.0,2,133.14,266.28,Website,0.0
2022-12-21,16,1048,,2,13.87,27.74,Store,0.0
2025-09-30,50,1121,3482.0,1,31.88,31.88,Store,0.0
2022-10-02,27,1060,4018.0,1,37.82,37.82,Amazon.ae,0.0
2024-11-02,48,1033,4773.0,4,32.44,129.76,Website,0.0
2024-02-22,15,1129,3452.0,1,129.91,129.91,Website,15.0
2021-02-11,13,1037,4583.0,5,178.57,892.85,Website,0.0
2022-12-22,36,1012,2169.0,4,14.1,56.4,Store,0.0
2022-12-04,14,1128,,3,26.58,79.74,Store,0.0
2024-01-04,30,1167,1812.0,3,37.53,112.59,Website,15.0
2022-12-04,28,1089,3279.0,3,65.95,197.85,Amazon.ae,0.0
2025-01-23,36,1169,276.0,4,6.09,24.36,Website,0.0
2025-01-04,19,1001,,4,139.88,559.52,Website,15.0
2022-01-09,4,1104,4191.0,1,15.84,15.84,Store,25.0
2021-10-07,25,1055,1634.0,1,11.14,11.14,Store,0.0
2022-01-07,37,1160,2590.0,2,6.18,12.36,Store,0.0
2024-07-28,48,1048,1721.0,6,12.48,74.88,MobileApp,10.0
2021-11-30,38,1053,1543.0,1,11.65,11.65,Store,0.0
2023-04-12,22,1184,3135.0,3,17.93,53.79,MobileApp,20.0
2022-09-03,30,1158,130.0,1,7.27,7.27,Store,0.0
2022-03-23,19,1145,2894.0,3,11.46,34.38,Store,0.0
2023-12-08,25,1090,2720.0,4,36.54,146.16,Store,0.0
2022-03-18,23,1034,2448.0,1,57.56,57.56,Store,0.0
2025-07-15,38,1171,193.0,3,41.67,125.01,Store,0.0
2021-07-24,34,1161,4080.0,4,82.66,330.64,Website,0.0
2023-03-25,45,1198,4375.0,1,25.91,25.91,Store,0.0
2025-08-30,35,1164,931.0,5,176.62,883.1,MobileApp,10.0
2025-01-16,1,1046,3135.0,5,49.46,247.3,Website,15.0
2025-02-06,41,1054,4871.0,1,9.86,9.86,Store,0.0
2024-06-06,4,1004,1660.0,4,24.82,99.28,Website,0.0
2023-02-08,4,1121,,1,27.1,27.1,MobileApp,15.0
2021-05-08,27,1121,,5,31.88,159.4,MobileApp,0.0
2022-04-02,27,1002,4388.0,1,13.73,13.73,Store,0.0
2024-09-27,28,1087,4736.0,2,9.42,18.84,Store,0.0
2023-07-06,39,1150,,1,133.14,133.14,MobileApp,0.0
2022-10-02,49,1125,1768.0,1,26.97,26.97,Store,0.0
2024-12-16,4,1168,1867.0,2,19.12,38.24,Store,0.0
2023-11-05,43,1108,3788.0,2,39.32,78.64,Amazon.ae,0.0
2021-06-16,13,1053,,2,11.65,23.3,Website,0.0
2022-06-03,48,1084,1266.0,1,47.89,47.89,MobileApp,0.0
2023-06-16,37,1161,2520.0,1,82.66,82.66,Store,0.0
2024-08-04,33,1176,3234.0,5,6.83,34.15,MobileApp,0.0
2021-12-28,11,1098,1259.0,3,103.53,310.59,Amazon.ae,0.0
2024-01-21,6,1168,231.0,6,16.25,97.5,Amazon.ae,15.0
2021-12-27,11,1197,4976.0,2,17.58,35.16,MobileApp,0.0
2025-09-03,28,1166,128.0,2,49.32,98.64,Website,0.0
2025-08-22,45,1068,,1,85.58,85.58,Amazon.ae,10.0
2024-09-08,41,1066,393.0,1,49.78,49.78,Store,0.0
2021-02-01,32,1038,2106.0,5,84.39,421.95,Website,15.0
2023-01-19,30,1182,2999.0,4,14.02,56.08,Noon,0.0
2024-02-24,15,1066,,4,42.31,169.24,Store,15.0
2023-05-10,42,1071,4291.0,2,5.49,10.98,Store,0.0
2023-02-12,30,1006,2068.0,2,10.73,21.46,Store,15.0
2021-03-13,40,1024,161.0,2,8.79,17.58,MobileApp,0.0
2025-01-16,25,1022,3128.0,6,54.82,328.92,Website,0.0
2024-01-06,30,1083,2029.0,2,11.8,23.6,MobileApp,15.0
2021-03-03,14,1199,3763.0,1,229.89,229.89,Amazon.ae,0.0
2021-10-26,29,1110,4791.0,3,18.41,55.23,Website,0.0
2021-06-30,25,1004,2792.0,2,24.82,49.64,Amazon.ae,0.0
2021-10-27,49,1119,877.0,2,36.07,72.14,Store,0.0
2022-05-25,32,1092,,1,28.19,28.19,Store,0.0
2025-05-04,3,1138,4938.0,3,46.28,138.84,Store,0.0
2021-02-15,8,1172,2350.0,4,96.43,385.72,MobileApp,15.0
2024-09-04,19,1098,526.0,2,103.53,207.06,Website,0.0
2022-03-29,47,1005,3614.0,2,17.7,35.4,Amazon.ae,0.0
2021-12-21,9,1114,2160.0,3,152.42,457.26,Website,0.0
2023-05-15,44,1010,,4,16.43,65.72,MobileApp,0.0
2023-06-29,4,1019,894.0,1,169.49,169.49,Store,20.0
2024-11-12,46,1167,3208.0,3,44.15,132.45,Store,0.0
2023-06-13,32,1146,,2,20.29,40.58,Store,0.0
2021-08-07,16,1001,1320.0,5,164.56,822.8,MobileApp,0.0
2024-06-21,12,1103,1709.0,1,38.39,38.39,Store,0.0
2022-05-26,18,1040,299.0,2,84.68,169.36,Website,0.0
2024-04-04,34,1097,,1,2.61,2.61,MobileApp,0.0
2021-05-10,50,1042,619.0,4,44.9,179.6,Noon,0.0
2021-12-04,19,1112,1106.0,2,10.38,20.76,Store,0.0
2023-07-02,36,1030,1004.0,3,17.63,52.89,Store,20.0
2024-10-26,4,1074,,1,62.67,62.67,Store,0.0
2023-03-03,20,1053,2822.0,2,11.65,23.3,Store,0.0
2023-10-11,29,1018,662.0,1,55.16,55.16,MobileApp,0.0
2024-04-04,46,1100,669.0,4,15.48,61.92,Website,15.0
2022-11-09,11,1077,946.0,1,47.6,47.6,Store,0.0
2025-02-12,43,1189,3856.0,6,66.29,397.74,Website,15.0
2021-03-30,5,1027,526.0,2,6.05,12.1,Store,0.0
2021-06-06,20,1137,2238.0,2,6.72,13.44,Store,0.0
2021-03-10,43,1109,69.0,2,36.39,72.78,MobileApp,0.0
2021-03-21,32,1120,,1,46.44,46.44,Website,0.0
2024-10-26,36,1125,474.0,4,26.97,107.88,Store,0.0
2023-09-09,50,1146,1934.0,1,20.29,20.29,MobileApp,0.0
2022-08-21,39,1101,1898.0,4,22.43,89.72,MobileApp,10.0
2021-07-29,8,1177,3990.0,4,2.56,10.24,Noon,10.0
2021-01-24,48,1061,,3,53.82,161.46,Store,0.0
2024-08-10,45,1098,,2,103.53,207.06,Store,0.0
2023-01-13,20,1197,3885.0,2,14.94,29.88,Store,15.0
2021-04-11,24,1033,3232.0,4,32.44,129.76,MobileApp,0.0
2021-10-27,25,1191,,3,9.9,29.7,Store,0.0
2022-12-19,36,1178,1887.0,3,23.94,71.82,Store,0.0
2024-04-12,23,1173,,2,130.86,261.72,Website,20.0
2025-02-22,21,1160,315.0,5,5.25,26.25,Website,15.0
2021-11-25,19,1179,3813.0,1,28.84,28.84,Amazon.ae,0.0
2022-08-13,50,1012,4268.0,2,12.69,25.38,MobileApp,10.0
2022-03-15,31,1085,1816.0,1,26.63,26.63,Website,0.0
2021-06-18,24,1139,2254.0,2,22.71,45.42,Store,0.0
2025-01-01,21,1107,4295.0,2,136.65,273.3,MobileApp,15.0
2023-07-20,29,1199,,5,229.89,1149.45,Store,0.0
2024-04-27,9,1071,3594.0,3,5.49,16.47,Store,0.0
2025-04-22,21,1017,3002.0,2,43.23,86.46,Website,0.0
2024-07-29,5,1057,3683.0,3,24.25,72.75,Store,10.0
2021-03-02,22,1195,,1,20.92,20.92,Store,0.0
2022-02-09,29,1117,,1,9.94,9.94,Amazon.ae,0.0
2024-01-05,47,1159,3199.0,4,151.37,605.48,Amazon.ae,15.0
2025-09-18,22,1106,,3,11.28,33.84,MobileApp,0.0
2025-09-14,32,1155,2421.0,3,22.88,68.64,Website,0.0
2024-12-02,19,1084,3039.0,1,40.71,40.71,Website,15.0
2024-12-19,3,1193,4587.0,1,13.87,13.87,Store,0.0
2023-04-03,43,1151,3325.0,2,114.18,228.36,MobileApp,20.0
2021-09-11,41,1186,1008.0,3,5.46,16.38,Noon,0.0
2025-10-28,37,1117,766.0,1,9.94,9.94,MobileApp,0.0
2021-02-11,23,1085,1025.0,2,26.63,53.26,Noon,0.0
2025-05-06,49,1178,182.0,1,23.94,23.94,Store,0.0
2023-03-12,2,1098,2318.0,3,103.53,310.59,Store,0.0
2024-02-24,30,1054,,6,9.86,59.16,MobileApp,0.0
2021-06-17,8,1012,,1,14.1,14.1,MobileApp,0.0
2021-01-29,4,1070,,2,35.86,71.72,Store,15.0
2024-07-29,19,1047,3704.0,2,36.11,72.22,Store,0.0
2024-04-07,11,1107,1752.0,5,136.65,683.25,MobileApp,15.0
2021-06-23,7,1004,,1,24.82,24.82,Store,0.0
2024-12-16,45,1181,2077.0,3,38.61,115.83,Website,0.0
2022-01-27,38,1143,587.0,3,17.21,51.63,Amazon.ae,0.0
2021-12-12,26,1069,,2,38.3,76.6,Website,0.0
2022-01-24,45,1015,3860.0,2,20.35,40.7,Store,25.0
2023-07-05,29,1057,,4,26.94,107.76,Store,0.0
2021-10-23,32,1040,,2,84.68,169.36,Store,0.0
2021-01-30,47,1126,2393.0,2,25.7,51.4,Website,0.0
2023-05-14,6,1023,2503.0,4,60.82,243.28,Store,0.0
2024-01-14,45,1035,984.0,5,208.57,1042.85,Store,15.0
2023-04-22,47,1017,62.0,1,32.42,32.42,Noon,25.0
2024-05-16,19,1197,4725.0,2,17.58,35.16,Store,0.0
2021-03-22,5,1065,2915.0,2,177.83,355.66,Store,0.0
2021-05-05,11,1058,2119.0,2,33.8,67.6,Store,25.0
2025-06-18,7,1095,4621.0,2,20.92,41.84,Store,0.0
2021-12-04,48,1032,1530.0,1,15.16,15.16,Website,0.0
2023-04-01,30,1118,1213.0,3,18.96,56.88,Store,20.0
2021-02-24,28,1160,3997.0,1,6.18,6.18,Website,0.0
2023-07-06,49,1013,,4,28.5,114.0,Website,20.0
2022-12-05,2,1155,943.0,4,22.88,91.52,Website,0.0
2022-04-21,42,1024,,6,8.79,52.74,Website,0.0
2021-05-02,49,1037,2124.0,4,178.57,714.28,MobileApp,0.0
2025-04-19,43,1004,3225.0,2,24.82,49.64,Website,0.0
2025-07-20,24,1031,,1,13.74,13.74,Store,10.0
2022-07-08,1,1159,,3,178.08,534.24,MobileApp,0.0
2022-02-16,32,1179,,3,28.84,86.52,Website,0.0
2023-01-03,22,1131,3140.0,2,19.95,39.9,MobileApp,15.0
2025-05-11,30,1012,,1,14.1,14.1,MobileApp,0.0
2022-10-01,25,1102,,1,21.54,21.54,Website,0.0
2022-09-11,13,1065,,3,177.83,533.49,Store,0.0
2021-01-23,30,1022,,3,46.6,139.8,Website,15.0
2025-03-04,28,1100,4207.0,6,12.75,76.5,Noon,30.0
2024-01-10,49,1039,,2,22.02,44.04,Amazon.ae,15.0
2024-05-19,31,1028,2453.0,3,41.78,125.34,MobileApp,0.0
2021-11-02,17,1134,,2,13.83,27.66,Amazon.ae,0.0
2022-08-21,42,1002,852.0,6,13.73,82.38,Website,0.0
2021-12-28,42,1055,,1,11.14,11.14,MobileApp,0.0
2025-03-28,40,1005,187.0,2,17.7,35.4,Store,0.0
2024-11-26,27,1059,,1,21.23,21.23,Store,0.0
2023-06-09,22,1165,1927.0,2,17.3,34.6,Amazon.ae,0.0
2024-05-27,48,1054,,2,9.86,19.72,Website,0.0
2023-06-11,10,1044,4669.0,2,21.79,43.58,MobileApp,0.0
2024-12-29,17,1161,,3,82.66,247.98,Website,0.0
2021-12-08,27,1097,4719.0,1,2.61,2.61,Noon,0.0
2023-07-02,12,1084,,2,38.31,76.62,Store,20.0
2025-04-18,44,1064,,1,17.68,17.68,Amazon.ae,0.0
2024-12-27,40,1124,3600.0,1,23.62,23.62,Store,0.0
2025-04-03,43,1093,2618.0,3,7.98,23.94,Website,0.0
2025-04-19,37,1161,,1,82.66,82.66,Store,0.0
2024-09-19,13,1093,3879.0,2,7.98,15.96,Store,0.0
2021-03-19,9,1092,1577.0,4,28.19,112.76,Store,0.0
2022-02-10,42,1105,3855.0,3,17.04,51.12,Store,0.0
2022-01-11,39,1049,3770.0,1,118.16,118.16,Website,0.0
2025-06-22,10,1038,682.0,4,99.28,397.12,MobileApp,0.0
2022-04-26,13,1132,51.0,1,26.08,26.08,Amazon.ae,25.0
2023-03-25,13,1004,,4,19.86,79.44,Store,20.0
2021-01-09,10,1186,4261.0,3,5.46,16.38,Store,0.0
2023-02-20,43,1110,1236.0,1,15.65,15.65,Store,15.0
2024-09-15,21,1039,,3,25.91,77.73,Store,0.0
2024-03-24,2,1008,,5,37.35,186.75,Amazon.ae,15.0
2021-10-17,39,1163,1926.0,1,37.39,37.39,Store,0.0
2023-04-18,23,1059,4753.0,2,21.23,42.46,MobileApp,0.0
2021-11-26,48,1110,,5,18.41,92.05,Amazon.ae,0.0
2021-07-27,7,1119,1692.0,1,32.46,32.46,Website,10.0
2022-03-23,36,1192,788.0,1,21.97,21.97,MobileApp,0.0
2025-06-21,25,1101,,1,24.92,24.92,Store,0.0
2023-02-28,45,1166,2384.0,2,41.92,83.84,MobileApp,15.0
2025-08-13,38,1074,2517.0,1,56.4,56.4,Store,10.0
2024-02-25,43,1152,4487.0,4,53.94,215.76,MobileApp,0.0
2025-03-10,28,1118,,1,23.7,23.7,Website,0.0
2023-06-15,23,1032,1946.0,1,15.16,15.16,Store,0.0
2024-10-20,14,1152,1805.0,1,53.94,53.94,Store,0.0
2024-12-02,1,1102,1113.0,5,21.54,107.7,Store,0.0
2023-10-24,45,1144,4249.0,1,14.46,14.46,Store,0.0
2022-01-20,32,1144,,4,14.46,57.84,Store,0.0
2022-11-20,21,1177,1878.0,2,2.84,5.68,Store,0.0
2025-08-04,41,1077,1954.0,2,42.84,85.68,MobileApp,10.0
2021-11-07,9,1025,1288.0,2,8.48,16.96,Store,0.0
2025-03-02,33,1098,,6,72.47,434.82,Website,30.0
2025-05-17,29,1165,3795.0,1,17.3,17.3,Store,0.0
2024-08-03,37,1065,4110.0,5,160.05,800.25,Store,10.0
2021-05-07,50,1123,2116.0,4,7.36,29.44,Website,25.0
2022-07-20,28,1138,1133.0,5,46.28,231.4,Website,0.0
2023-11-01,50,1041,3655.0,2,13.76,27.52,Website,0.0
2024-08-25,39,1045,3877.0,3,127.09,381.27,Website,10.0
2025-02-10,43,1040,1551.0,3,84.68,254.04,Website,0.0
2025-06-13,15,1009,,2,90.95,181.9,Store,0.0
2025-05-24,11,1197,2699.0,2,17.58,35.16,Store,0.0
2024-01-06,48,1004,1866.0,2,21.1,42.2,Store,15.0
2021-02-13,14,1155,4634.0,5,19.45,97.25,Store,15.0
2023-01-29,5,1108,691.0,6,39.32,235.92,MobileApp,0.0
2023-01-26,17,1112,,5,8.82,44.1,Noon,15.0
2024-01-07,9,1100,,2,15.48,30.96,Website,15.0
2021-06-26,33,1077,1911.0,3,47.6,142.8,Website,0.0
2025-01-25,33,1022,2523.0,1,54.82,54.82,Store,0.0
2025-10-09,41,1091,4103.0,1,8.74,8.74,Store,0.0
2024-05-18,28,1023,,1,60.82,60.82,Store,0.0
2022-01-21,33,1099,2779.0,2,49.84,99.68,Store,0.0
2022-04-21,24,1126,873.0,5,25.7,128.5,Store,0.0
2023-10-28,23,1040,4180.0,2,84.68,169.36,Store,0.0
2021-05-02,3,1131,585.0,1,17.6,17.6,Website,25.0
2022-05-10,11,1002,18.0,2,13.73,27.46,Store,0.0
2023-11-16,46,1160,252.0,1,6.18,6.18,Store,0.0
2021-07-29,7,1143,2778.0,6,15.49,92.94,Store,10.0
2024-12-21,34,1066,1878.0,2,49.78,99.56,MobileApp,0.0
2024-04-21,18,1039,2642.0,3,25.91,77.73,Store,0.0
2024-10-22,49,1041,2733.0,3,13.76,41.28,Store,0.0
2024-07-09,28,1131,,4,23.47,93.88,Website,0.0
2024-09-07,26,1056,2425.0,1,5.98,5.98,Store,0.0
2024-06-19,40,1139,,2,15.9,31.8,MobileApp,30.0
2021-02-01,13,1156,,4,28.86,115.44,Website,15.0
2021-05-15,28,1096,4096.0,5,113.29,566.45,Store,0.0
2023-07-16,12,1005,4141.0,3,17.7,53.1,Store,0.0
2024-01-13,1,1196,653.0,1,29.94,29.94,Website,0.0
2023-09-10,22,1086,268.0,1,15.06,15.06,MobileApp,0.0
2024-11-20,14,1101,2805.0,1,24.92,24.92,MobileApp,0.0
2023-06-29,45,1163,,2,29.91,59.82,Website,20.0
2022-08-25,22,1022,2006.0,1,49.34,49.34,Website,10.0
2021-02-11,15,1183,1964.0,5,113.72,568.6,Amazon.ae,15.0
2025-02-24,10,1050,2105.0,2,15.16,30.32,MobileApp,15.0
2025-06-21,18,1001,1807.0,2,164.56,329.12,Store,0.0
2024-12-01,32,1164,3184.0,2,196.24,392.48,Store,0.0
2024-01-25,3,1145,,3,11.46,34.38,Website,0.0
2022-10-09,23,1146,3850.0,1,20.29,20.29,Website,0.0
2025-03-08,41,1181,1798.0,3,38.61,115.83,Website,0.0
2021-06-06,24,1050,777.0,4,17.84,71.36,Store,0.0
2021-01-15,13,1117,2258.0,6,8.45,50.7,MobileApp,15.0
2022-02-23,26,1009,3167.0,1,68.21,68.21,Website,25.0
2023-12-19,7,1188,4352.0,2,20.38,40.76,Store,0.0
2021-03-21,8,1174,719.0,2,240.85,481.7,Amazon.ae,0.0
2025-02-28,40,1192,1237.0,4,21.97,87.88,Website,0.0
2023-05-06,35,1068,4891.0,2,95.09,190.18,Amazon.ae,0.0
2022-06-11,34,1162,1553.0,2,26.4,52.8,MobileApp,0.0
2022-05-16,9,1165,,4,17.3,69.2,Store,0.0
2025-07-13,36,1129,,5,152.84,764.2,Store,0.0
2022-02-21,24,1059,1437.0,4,15.92,63.68,Website,25.0
2025-05-29,27,1026,,2,5.7,11.4,Store,0.0
2023-06-02,46,1182,,2,14.02,28.04,MobileApp,0.0
2023-12-16,2,1192,2359.0,1,21.97,21.97,Store,0.0
2025-08-14,30,1012,4620.0,4,12.69,50.76,Website,10.0
2021-05-28,16,1009,3643.0,2,90.95,181.9,Website,0.0
2021-09-27,24,1167,3111.0,1,44.15,44.15,Store,0.0
2021-07-13,17,1095,2309.0,1,18.83,18.83,Store,10.0
2023-02-13,32,1164,2723.0,5,196.24,981.2,Website,0.0
2023-10-27,6,1026,,1,5.7,5.7,Store,0.0
2025-07-09,39,1057,4990.0,1,24.25,24.25,Store,10.0
2024-04-18,20,1052,4373.0,3,16.68,50.04,Website,0.0
2024-02-28,10,1081,3696.0,4,8.55,34.2,Noon,15.0
2025-02-22,1,1144,,3,12.29,36.87,Website,15.0
2022-05-20,50,1081,,1,10.06,10.06,Store,0.0
2023-09-12,3,1096,1502.0,1,113.29,113.29,Store,0.0
2024-08-20,24,1144,2874.0,4,13.01,52.04,Store,10.0
2024-01-28,10,1124,288.0,3,23.62,70.86,Store,0.0
2021-12-13,12,1078,3251.0,3,179.73,539.19,Noon,0.0
2022-05-11,17,1042,3573.0,4,44.9,179.6,MobileApp,0.0
2024-02-22,1,1106,1892.0,3,9.59,28.77,Store,15.0
2023-11-26,36,1113,,2,25.29,50.58,Noon,0.0
2021-10-09,50,1156,2609.0,2,33.95,67.9,Store,0.0
2022-05-11,36,1177,,2,2.84,5.68,Store,0.0
2023-12-28,24,1046,1911.0,3,58.19,174.57,Website,0.0
2022-09-11,8,1082,3882.0,1,44.66,44.66,Store,0.0
2022-01-03,31,1025,,2,8.48,16.96,Store,0.0
2021-06-16,38,1163,4694.0,1,37.39,37.39,Website,0.0
2022-02-15,14,1028,,2,31.34,62.68,Website,25.0
2024-11-28,6,1139,,1,22.71,22.71,Store,0.0
2024-02-18,34,1107,2241.0,1,136.65,136.65,Store,15.0
2024-05-05,23,1043,4239.0,1,23.45,23.45,Store,0.0
2025-06-05,42,1022,,2,54.82,109.64,Store,0.0
2024-08-03,42,1160,706.0,2,5.56,11.12,Amazon.ae,10.0
2024-02-24,8,1126,4441.0,1,25.7,25.7,Noon,0.0
2021-09-01,24,1051,4643.0,1,71.35,71.35,MobileApp,0.0
2023-05-29,24,1176,1132.0,3,6.83,20.49,Store,0.0
2022-12-28,15,1192,4525.0,1,21.97,21.97,Website,0.0
2025-09-27,23,1078,2683.0,4,179.73,718.92,MobileApp,0.0
2023-03-25,50,1114,1269.0,2,121.94,243.88,Website,20.0
2024-10-22,25,1100,4351.0,1,18.21,18.21,Store,0.0
2024-01-09,11,1004,879.0,5,21.1,105.5,Store,15.0
2024-02-22,42,1014,4182.0,4,6.66,26.64,MobileApp,15.0
2023-01-08,27,1158,2828.0,6,6.18,37.08,Amazon.ae,15.0
2025-02-05,5,1057,1127.0,5,26.94,134.7,Website,0.0
2025-06-25,34,1043,3340.0,1,23.45,23.45,Website,0.0
2025-02-08,3,1177,1352.0,4,2.41,9.64,Amazon.ae,15.0
2022-06-22,45,1056,,2,5.98,11.96,Store,0.0
2021-01-03,11,1076,2999.0,1,22.42,22.42,MobileApp,0.0
2021-04-25,43,1186,2228.0,5,4.1,20.5,Amazon.ae,25.0
2021-04-09,3,1103,259.0,1,38.39,38.39,Website,0.0
2023-06-12,20,1087,2942.0,4,9.42,37.68,MobileApp,0.0
2021-07-20,5,1156,1847.0,3,25.46,76.38,Store,25.0
2024-08-03,43,1196,4570.0,5,29.94,149.7,Website,0.0
2025-01-05,12,1200,3944.0,1,6.37,6.37,Noon,15.0
2025-08-26,45,1055,3527.0,1,11.14,11.14,Amazon.ae,0.0
2024-03-19,46,1014,,3,6.66,19.98,Store,15.0
2025-07-03,30,1002,1767.0,1,12.36,12.36,Store,10.0
2021-05-01,18,1012,3864.0,5,10.58,52.9,Website,25.0
2021-09-23,34,1073,,4,120.38,481.52,Store,0.0
2024-06-07,10,1013,1867.0,2,35.63,71.26,Store,0.0
2023-02-19,2,1069,3278.0,2,38.3,76.6,Store,0.0
2021-06-23,16,1060,,3,37.82,113.46,Website,0.0
2021-11-03,31,1187,657.0,1,71.35,71.35,Store,0.0
2022-10-29,31,1094,932.0,3,23.5,70.5,Store,0.0
2022-08-29,41,1138,4403.0,4,41.65,166.6,MobileApp,10.0
2025-05-25,28,1081,2515.0,2,10.06,20.12,Website,0.0
2021-04-02,40,1042,,2,44.9,89.8,Store,0.0
2024-06-03,20,1011,568.0,3,20.37,61.11,Website,0.0
2022-09-22,38,1119,58.0,3,36.07,108.21,Website,0.0
2024-02-26,7,1141,259.0,1,7.18,7.18,MobileApp,15.0
2021-02-10,31,1177,1424.0,3,2.84,8.52,Website,0.0
2021-08-02,4,1084,,2,47.89,95.78,MobileApp,0.0
2025-02-10,34,1061,4591.0,5,45.75,228.75,Store,15.0
2022-03-26,49,1108,,1,39.32,39.32,Store,0.0
2025-09-30,4,1113,4189.0,3,25.29,75.87,Website,0.0
2021-09-16,7,1181,330.0,1,38.61,38.61,Website,0.0
2023-01-15,41,1047,4510.0,4,36.11,144.44,MobileApp,0.0
2023-12-02,25,1173,1594.0,1,139.04,139.04,Store,15.0
2021-05-15,45,1042,,3,44.9,134.7,MobileApp,0.0
2023-02-13,2,1046,4170.0,3,49.46,148.38,Amazon.ae,15.0
2023-09-19,29,1175,3470.0,2,59.84,119.68,Amazon.ae,0.0
2025-01-25,9,1198,1449.0,5,22.02,110.1,Store,15.0
2023-12-16,44,1144,3242.0,2,14.46,28.92,Website,0.0
2021-02-21,33,1110,3969.0,3,15.65,46.95,Amazon.ae,15.0
2023-10-27,32,1036,2273.0,4,89.48,357.92,Website,0.0
2025-01-19,19,1197,4828.0,4,17.58,70.32,MobileApp,0.0
2023-09-28,46,1050,3080.0,1,17.84,17.84,Store,0.0
2023-01-27,17,1127,3532.0,6,17.37,104.22,Website,15.0
2024-06-20,22,1147,3119.0,2,20.74,41.48,Store,0.0
2024-09-18,32,1185,1740.0,1,77.39,77.39,Store,0.0
2025-06-12,45,1163,1922.0,3,37.39,112.17,Website,0.0
2021-06-02,38,1127,766.0,2,20.43,40.86,Website,0.0
2021-03-12,18,1047,848.0,2,36.11,72.22,MobileApp,0.0
2024-11-22,19,1093,,2,7.98,15.96,Website,0.0
2022-12-02,29,1083,4150.0,2,13.88,27.76,Store,0.0
2025-10-06,13,1177,,1,2.84,2.84,Store,0.0
2024-10-23,14,1036,,2,89.48,178.96,MobileApp,0.0
2023-03-07,44,1070,231.0,2,42.19,84.38,Store,0.0
2023-07-19,36,1062,3119.0,5,29.18,145.9,Amazon.ae,0.0
2021-05-30,41,1166,,1,49.32,49.32,MobileApp,0.0
2023-06-17,14,1088,3802.0,1,21.16,21.16,Store,0.0
2023-10-13,12,1050,488.0,2,17.84,35.68,Website,0.0
2022-06-11,2,1021,,2,28.83,57.66,Website,0.0
2024-06-08,29,1094,1391.0,2,23.5,47.0,Store,0.0
2024-10-26,19,1197,1586.0,4,17.58,70.32,Store,0.0
2025-07-22,42,1009,,3,90.95,272.85,Store,0.0
2023-02-12,29,1029,4186.0,3,23.72,71.16,Website,15.0
2024-09-28,29,1043,1562.0,2,23.45,46.9,Store,0.0
2025-04-12,7,1030,4175.0,2,22.04,44.08,Store,0.0
2023-12-14,49,1139,4490.0,4,22.71,90.84,Store,0.0
2022-07-27,50,1172,,5,102.1,510.5,Store,10.0
2024-01-08,36,1024,2531.0,5,7.47,37.35,Noon,15.0
2022-02-04,46,1078,,4,134.8,539.2,Website,25.0
2024-05-31,5,1170,,1,21.3,21.3,MobileApp,0.0
2022-08-21,41,1168,,4,17.21,68.84,Store,10.0
2025-10-31,10,1062,4968.0,4,29.18,116.72,MobileApp,0.0
2021-02-02,2,1125,3323.0,4,22.92,91.68,Store,15.0
2024-06-17,25,1157,3344.0,1,14.63,14.63,Website,0.0
2025-03-02,39,1028,,2,29.25,58.5,Store,30.0
2021-11-30,44,1195,4590.0,1,20.92,20.92,Website,0.0
2021-02-02,17,1070,,3,42.19,126.57,Website,0.0
2021-07-04,27,1033,,2,29.2,58.4,Noon,10.0
2024-05-09,16,1189,3146.0,2,77.99,155.98,Store,0.0
2024-06-03,35,1149,1103.0,1,103.58,103.58,Store,0.0
2025-06-21,33,1133,2500.0,2,33.85,67.7,Store,0.0
2023-07-06,12,1123,1866.0,2,9.82,19.64,Amazon.ae,0.0
2021-04-21,25,1180,3528.0,5,6.3,31.5,Website,25.0
2024-04-27,35,1023,,2,60.82,121.64,MobileApp,0.0
2021-08-24,48,1096,3017.0,3,101.96,305.88,MobileApp,10.0
2023-12-29,17,1137,3139.0,1,6.72,6.72,Amazon.ae,0.0
2022-05-06,18,1179,4768.0,3,28.84,86.52,Store,0.0
2024-02-18,43,1139,3921.0,2,22.71,45.42,Website,0.0
2024-02-22,10,1195,1822.0,5,17.78,88.9,Amazon.ae,15.0
2023-12-01,45,1162,3348.0,1,22.44,22.44,Website,15.0
2024-01-13,10,1183,4682.0,6,113.72,682.32,Website,15.0
2021-05-26,40,1198,1281.0,2,25.91,51.82,Store,0.0
2021-06-10,18,1089,4905.0,1,65.95,65.95,Amazon.ae,0.0
2023-06-26,41,1148,3203.0,2,53.61,107.22,Website,0.0
2025-08-30,41,1137,4776.0,6,6.72,40.32,Store,0.0
2021-11-12,19,1107,,3,160.77,482.31,Store,0.0
2024-05-08,46,1133,,4,33.85,135.4,Store,0.0
2024-06-08,39,1148,3314.0,2,53.61,107.22,Store,0.0
2024-02-09,33,1067,3700.0,6,42.13,252.78,Website,15.0
2025-06-17,15,1171,1166.0,3,41.67,125.01,Store,0.0
2024-04-28,30,1035,1585.0,1,245.38,245.38,Website,0.0
2024-11-03,12,1102,1618.0,2,21.54,43.08,Amazon.ae,0.0
2022-02-25,12,1028,437.0,3,31.34,94.02,Store,25.0
2023-05-06,13,1083,1646.0,1,13.88,13.88,Store,0.0
2022-06-03,38,1057,4486.0,4,26.94,107.76,Store,0.0
2025-08-04,18,1073,3369.0,6,120.38,722.28,Website,0.0
2025-08-09,13,1036,1892.0,4,80.53,322.12,Website,10.0
2024-03-28,36,1017,,4,36.75,147.0,Website,15.0
2022-11-19,16,1103,3058.0,1,38.39,38.39,Website,0.0
2022-08-28,44,1112,2802.0,4,9.34,37.36,Store,10.0
2025-08-24,40,1017,3327.0,3,38.91,116.73,Store,10.0
2022-03-04,16,1113,1318.0,2,25.29,50.58,Website,0.0
2024-08-03,20,1024,1090.0,6,8.79,52.74,Noon,0.0
2024-03-21,31,1113,1421.0,5,21.5,107.5,Website,15.0
2022-01-05,23,1137,4048.0,6,6.72,40.32,Store,0.0
2023-02-03,34,1135,2202.0,3,50.49,151.47,Store,0.0
2025-10-06,15,1046,2547.0,4,58.19,232.76,Amazon.ae,0.0
2022-02-20,15,1196,3833.0,2,29.94,59.88,Store,0.0
2025-06-07,37,1103,,1,28.79,28.79,Store,25.0
2021-11-10,8,1022,929.0,1,54.82,54.82,Store,0.0
2025-03-04,34,1032,4411.0,5,15.16,75.8,MobileApp,0.0
2024-01-05,18,1130,3110.0,2,14.33,28.66,MobileApp,15.0
2025-01-08,27,1032,3125.0,3,12.89,38.67,MobileApp,15.0
2024-02-22,29,1169,1473.0,6,5.18,31.08,Store,15.0
2021-07-29,29,1076,4847.0,1,20.18,20.18,Website,10.0
2023-05-04,19,1191,,3,9.9,29.7,Amazon.ae,0.0
2022-10-16,23,1093,933.0,2,7.98,15.96,Website,0.0
2024-02-07,23,1134,1373.0,4,11.76,47.04,Store,15.0
2024-08-14,43,1068,3197.0,3,85.58,256.74,Store,10.0
2024-04-04,18,1022,,4,54.82,219.28,MobileApp,0.0
2021-05-08,35,1180,,4,8.4,33.6,Amazon.ae,0.0
2023-06-09,24,1148,4786.0,2,53.61,107.22,Store,0.0
2024-08-28,15,1033,161.0,2,29.2,58.4,Amazon.ae,10.0
2021-10-30,38,1175,436.0,3,59.84,179.52,Store,0.0
2023-04-26,46,1036,94.0,2,89.48,178.96,Store,0.0
2025-07-18,18,1082,369.0,4,44.66,178.64,Website,0.0
2022-06-19,3,1063,2819.0,1,16.22,16.22,Store,0.0
2022-05-01,50,1200,1237.0,2,5.62,11.24,Store,25.0
2024-07-26,2,1117,1330.0,3,8.95,26.85,Store,10.0
2021-05-17,29,1161,3727.0,1,82.66,82.66,Store,0.0
2021-01-28,5,1190,2350.0,2,17.22,34.44,Store,15.0
2024-09-28,9,1107,,2,160.77,321.54,Store,0.0
2024-04-28,24,1020,3066.0,3,9.96,29.88,MobileApp,0.0
2025-03-31,36,1193,1166.0,2,9.71,19.42,Website,30.0
2023-04-02,36,1103,1094.0,2,38.39,76.78,Website,0.0
2025-01-14,33,1198,3118.0,1,25.91,25.91,MobileApp,0.0
2021-08-26,41,1127,3828.0,1,20.43,20.43,MobileApp,0.0
2024-08-02,34,1046,2388.0,3,52.37,157.11,MobileApp,10.0
2022-01-30,6,1197,4583.0,2,13.18,26.36,Store,25.0
2023-01-24,37,1048,2632.0,3,13.87,41.61,Website,0.0
2023-03-27,4,1108,4204.0,5,31.46,157.3,MobileApp,20.0
2022-12-14,20,1057,1818.0,1,26.94,26.94,Website,0.0
2024-05-22,21,1163,,1,37.39,37.39,Store,0.0
2025-03-13,42,1012,4347.0,3,9.87,29.61,Website,30.0
2024-04-07,29,1150,4023.0,5,113.17,565.85,Amazon.ae,15.0
2023-10-21,25,1123,1215.0,1,9.82,9.82,Store,0.0
2024-03-30,20,1156,2499.0,2,33.95,67.9,Noon,0.0
2024-02-26,15,1192,,2,18.67,37.34,MobileApp,15.0
2024-09-28,31,1144,27.0,1,14.46,14.46,Store,0.0
2021-01-26,13,1041,1247.0,3,11.7,35.1,Amazon.ae,15.0
2023-08-10,6,1111,1887.0,2,10.05,20.1,Store,20.0
2024-10-10,50,1098,3124.0,4,103.53,414.12,Store,0.0
2022-02-02,9,1004,2477.0,5,24.82,124.1,Store,0.0
2023-08-06,11,1019,,6,169.49,1016.94,Store,20.0
2025-10-21,40,1067,2383.0,1,49.57,49.57,Website,0.0
2023-01-27,33,1199,991.0,5,195.41,977.05,Store,15.0
2025-02-23,1,1105,3512.0,3,14.48,43.44,Store,15.0
2022-06-17,3,1096,2028.0,1,113.29,113.29,Website,0.0
2024-10-12,14,1190,537.0,1,20.26,20.26,Store,0.0
2024-12-08,34,1048,,3,13.87,41.61,Store,0.0
2021-05-26,33,1075,3579.0,1,13.37,13.37,Amazon.ae,0.0
2023-02-10,18,1159,4193.0,2,151.37,302.74,Store,15.0
2025-01-26,26,1018,808.0,5,55.16,275.8,MobileApp,0.0
2022-04-13,31,1004,3190.0,4,18.62,74.48,Noon,25.0
2024-02-18,2,1129,2581.0,1,152.84,152.84,MobileApp,0.0
2022-05-26,16,1199,,1,229.89,229.89,Website,0.0
2023-07-15,10,1141,2134.0,3,6.76,20.28,Website,20.0
2021-05-02,39,1188,3818.0,4,15.28,61.12,Store,25.0
2022-09-21,36,1091,577.0,2,8.74,17.48,MobileApp,0.0
2025-01-23,18,1045,1771.0,1,120.03,120.03,MobileApp,15.0
2025-06-21,7,1026,3712.0,1,5.7,5.7,Store,0.0
2021-10-11,50,1179,632.0,1,28.84,28.84,Store,0.0
2025-02-23,13,1129,4019.0,2,152.84,305.68,MobileApp,0.0
2025-04-22,42,1088,978.0,3,21.16,63.48,Store,0.0
2022-03-11,48,1092,3895.0,1,28.19,28.19,Website,0.0
2024-02-27,44,1193,194.0,1,11.79,11.79,Website,15.0
2024-02-17,12,1148,2434.0,2,45.57,91.14,MobileApp,15.0
2022-06-06,49,1166,1076.0,1,49.32,49.32,Store,0.0
2021-03-25,17,1005,,3,17.7,53.1,Amazon.ae,0.0
2022-04-12,18,1100,,4,13.66,54.64,MobileApp,25.0
2022-05-13,15,1154,,1,15.89,15.89,Store,0.0
2021-11-17,7,1188,427.0,2,20.38,40.76,Website,0.0
2021-10-12,4,1137,,1,6.72,6.72,Store,0.0
2021-08-11,50,1193,1961.0,6,13.87,83.22,Store,0.0
2023-01-05,17,1142,1803.0,2,15.64,31.28,Amazon.ae,0.0
2024-08-03,50,1034,2717.0,5,51.8,259.0,Website,10.0
2025-05-17,12,1197,4040.0,4,17.58,70.32,Store,0.0
2024-06-26,25,1159,4646.0,1,178.08,178.08,MobileApp,0.0
2023-04-06,41,1166,479.0,1,39.46,39.46,MobileApp,20.0
2025-06-09,26,1148,1231.0,2,53.61,107.22,Store,0.0
2023-05-15,7,1042,718.0,1,44.9,44.9,Amazon.ae,0.0
2024-02-04,35,1163,3398.0,4,37.39,149.56,Website,0.0
2025-08-29,5,1169,,5,5.48,27.4,Store,10.0
2025-02-22,23,1148,2905.0,6,45.57,273.42,Website,15.0
2023-04-15,29,1135,1440.0,4,50.49,201.96,Store,0.0
2023-02-22,49,1156,,2,28.86,57.72,Website,15.0
2021-12-26,32,1112,2162.0,3,10.38,31.14,Store,0.0
2025-03-04,50,1008,1387.0,6,30.76,184.56,Website,30.0
2025-01-30,46,1158,1750.0,3,6.18,18.54,Amazon.ae,15.0
2024-01-16,21,1087,,5,9.42,47.1,Website,0.0
2025-03-03,5,1184,,5,15.69,78.45,MobileApp,30.0
2021-09-04,37,1090,1347.0,3,36.54,109.62,Store,0.0
2022-07-30,44,1141,,4,7.6,30.4,Noon,10.0
2023-08-05,36,1076,1184.0,6,22.42,134.52,Website,0.0
2021-08-22,10,1079,,3,5.2,15.6,Store,0.0
2025-02-11,11,1040,2600.0,2,71.98,143.96,Store,15.0
2021-07-07,48,1137,,5,6.05,30.25,Store,10.0
2023-10-20,15,1043,2434.0,1,23.45,23.45,Store,0.0
2022-04-06,28,1169,3394.0,1,4.57,4.57,MobileApp,25.0
2021-01-30,15,1052,968.0,6,14.18,85.08,Website,15.0
2024-09-11,46,1162,1157.0,2,26.4,52.8,Store,0.0
2025-10-22,17,1030,,1,22.04,22.04,Store,0.0
2023-05-06,41,1073,2623.0,1,120.38,120.38,Store,0.0
2024-05-02,17,1038,4500.0,1,99.28,99.28,Store,0.0
2023-12-22,41,1056,2470.0,4,5.98,23.92,Store,0.0
2025-07-25,31,1044,4503.0,3,19.61,58.83,Website,10.0
2024-12-24,14,1116,3053.0,2,78.12,156.24,Website,0.0
2021-01-07,33,1137,,3,5.71,17.13,MobileApp,15.0
2023-02-22,36,1066,4839.0,2,42.31,84.62,Amazon.ae,15.0
2021-05-18,12,1167,2213.0,3,44.15,132.45,Website,0.0
2021-02-14,44,1024,4616.0,1,7.47,7.47,MobileApp,15.0
2023-08-13,13,1035,1102.0,4,196.3,785.2,Website,20.0
2025-02-08,24,1010,2997.0,2,13.97,27.94,Website,15.0
2021-11-28,41,1008,3921.0,3,30.76,92.28,Noon,30.0
2024-08-17,22,1096,,3,113.29,339.87,Website,0.0
2023-01-30,39,1131,4369.0,2,23.47,46.94,Amazon.ae,0.0
2022-05-17,49,1140,2675.0,1,35.85,35.85,MobileApp,0.0
2025-05-16,14,1197,714.0,2,17.58,35.16,Website,0.0
2022-02-12,41,1089,1773.0,6,49.46,296.76,Store,25.0
2021-08-14,44,1027,4234.0,1,5.44,5.44,Store,10.0
2023-04-27,46,1141,491.0,1,8.45,8.45,Store,0.0
2024-10-26,9,1008,,1,43.94,43.94,Website,0.0
2023-07-17,2,1147,2707.0,6,20.74,124.44,Store,0.0
2021-01-09,9,1033,2723.0,5,32.44,162.2,MobileApp,0.0
2021-11-26,30,1200,1619.0,6,5.24,31.44,Store,30.0
2022-07-23,1,1109,,3,36.39,109.17,Amazon.ae,0.0
2023-04-23,45,1117,,2,9.94,19.88,Amazon.ae,0.0
2024-09-04,4,1036,,1,89.48,89.48,Website,0.0
2023-09-25,16,1032,114.0,2,15.16,30.32,MobileApp,0.0
2021-09-04,11,1005,2048.0,1,17.7,17.7,Website,0.0
2021-10-20,19,1057,229.0,2,26.94,53.88,Website,0.0
2024-04-21,4,1084,,4,47.89,191.56,Store,0.0
2023-05-12,22,1025,1308.0,2,8.48,16.96,Amazon.ae,0.0
2023-06-03,8,1024,4796.0,1,8.79,8.79,Website,0.0
2023-05-20,9,1106,,2,11.28,22.56,Store,0.0
2024-11-01,32,1128,267.0,1,26.58,26.58,MobileApp,0.0
2022-06-23,46,1102,4944.0,2,21.54,43.08,Store,0.0
2022-03-20,13,1015,3237.0,3,27.13,81.39,Store,0.0
2025-07-24,31,1158,3613.0,1,6.54,6.54,MobileApp,10.0
2021-10-20,28,1016,48.0,1,19.44,19.44,Noon,0.0
2024-01-26,13,1045,4302.0,4,120.03,480.12,Noon,15.0
2022-02-05,47,1165,4996.0,2,12.98,25.96,MobileApp,25.0
2021-04-13,44,1128,2282.0,3,19.93,59.79,Amazon.ae,25.0
2022-03-02,16,1153,2476.0,3,160.72,482.16,Store,0.0
2024-08-09,11,1014,1824.0,5,7.83,39.15,MobileApp,0.0
2025-05-18,11,1169,1657.0,1,6.09,6.09,Website,0.0
2023-04-01,26,1057,1448.0,2,21.55,43.1,Store,20.0
2024-10-01,46,1186,4146.0,3,5.46,16.38,Store,0.0
2025-05-23,4,1170,4448.0,3,21.3,63.9,MobileApp,0.0
2025-07-15,8,1023,1750.0,4,60.82,243.28,Store,0.0
2021-07-31,49,1045,1871.0,4,127.09,508.36,Website,10.0
2025-01-24,30,1071,4491.0,3,4.67,14.01,Website,15.0
2025-01-01,14,1070,835.0,2,42.19,84.38,Amazon.ae,0.0
2025-04-23,34,1052,1309.0,3,16.68,50.04,Store,0.0
2023-12-03,43,1115,155.0,5,44.22,221.1,Amazon.ae,0.0
2024-04-30,7,1101,198.0,3,24.92,74.76,Website,0.0
2024-05-29,14,1065,3134.0,4,177.83,711.32,Website,0.0
2025-05-19,37,1125,4069.0,1,26.97,26.97,Store,0.0
2025-01-13,39,1119,2127.0,6,30.66,183.96,Store,15.0
2021-12-17,12,1129,1302.0,2,152.84,305.68,Website,0.0
2021-04-07,25,1045,,1,141.21,141.21,Store,0.0
2024-01-27,38,1007,2659.0,3,57.17,171.51,Website,15.0
2024-10-05,37,1102,551.0,1,21.54,21.54,Store,0.0
2025-03-15,3,1199,1962.0,4,229.89,919.56,Store,0.0
2025-01-22,30,1025,178.0,4,7.21,28.84,MobileApp,15.0
2024-01-30,29,1162,1343.0,2,22.44,44.88,MobileApp,15.0
2021-07-22,48,1114,455.0,6,152.42,914.52,Amazon.ae,0.0
2023-07-21,45,1196,2226.0,1,29.94,29.94,Amazon.ae,0.0
2023-08-17,49,1098,3675.0,5,82.82,414.1,Website,20.0
2024-09-19,48,1053,4454.0,1,11.65,11.65,MobileApp,0.0
2021-08-30,32,1045,2804.0,4,127.09,508.36,Website,10.0
2025-08-03,5,1073,2261.0,3,108.34,325.02,Amazon.ae,10.0
2021-05-02,19,1121,,1,23.91,23.91,Store,25.0
2024-11-22,29,1075,1164.0,2,13.37,26.74,Website,0.0
2021-03-17,30,1051,2419.0,1,71.35,71.35,MobileApp,0.0
2022-10-31,19,1040,1191.0,3,84.68,254.04,Website,0.0
2022-01-08,15,1045,2558.0,1,105.91,105.91,Website,25.0
2025-03-01,37,1182,1121.0,3,9.81,29.43,Store,30.0
2021-08-17,16,1176,2442.0,2,6.15,12.3,Amazon.ae,10.0
2025-09-01,27,1062,2162.0,1,29.18,29.18,Website,0.0
2025-02-08,49,1196,820.0,6,25.45,152.7,Website,15.0
2023-06-15,19,1044,4182.0,1,21.79,21.79,Noon,0.0
2023-06-18,4,1089,,1,65.95,65.95,Store,0.0
2024-08-15,29,1047,518.0,5,36.11,180.55,MobileApp,0.0
2023-06-08,23,1194,4436.0,2,9.63,19.26,Website,0.0
2021-11-11,12,1050,2219.0,1,17.84,17.84,Store,0.0
2023-08-31,36,1158,3156.0,1,5.82,5.82,MobileApp,20.0
2024-02-18,49,1150,1011.0,5,113.17,565.85,MobileApp,15.0
2022-08-03,42,1096,2096.0,6,101.96,611.76,Noon,10.0
2023-03-30,27,1036,562.0,1,71.58,71.58,Website,20.0
2022-05-30,11,1013,,3,35.63,106.89,MobileApp,0.0
2022-03-27,5,1049,4997.0,1,118.16,118.16,Store,0.0
2023-12-15,39,1024,3536.0,1,8.79,8.79,MobileApp,0.0
2024-04-03,37,1008,,6,43.94,263.64,Website,0.0
2022-12-22,41,1005,,1,17.7,17.7,Noon,0.0
2021-02-24,26,1137,772.0,4,5.71,22.84,MobileApp,15.0
2025-04-30,30,1040,4891.0,2,84.68,169.36,Store,0.0
2025-05-04,32,1088,,1,21.16,21.16,Store,0.0
2025-01-11,29,1078,1882.0,3,179.73,539.19,MobileApp,0.0
2024-03-28,39,1134,1838.0,4,11.76,47.04,Website,15.0
2023-05-11,9,1020,3058.0,2,9.96,19.92,Store,0.0
2024-09-20,31,1141,3087.0,1,8.45,8.45,Website,0.0
2021-08-27,32,1053,3959.0,4,11.65,46.6,MobileApp,0.0
2022-07-06,32,1081,,4,9.05,36.2,Noon,10.0
2025-06-15,2,1191,3412.0,1,9.9,9.9,Store,0.0
2025-07-02,43,1134,3099.0,5,12.45,62.25,Store,10.0
2023-02-19,40,1022,3015.0,3,54.82,164.46,Store,0.0
2023-01-26,11,1074,20.0,6,53.27,319.62,Store,15.0
2021-02-24,4,1181,2539.0,6,32.82,196.92,Store,15.0
2023-08-20,48,1024,3253.0,3,8.79,26.37,Store,0.0
2021-05-08,25,1149,192.0,3,77.68,233.04,Website,25.0
2025-10-16,4,1157,4147.0,3,14.63,43.89,Store,0.0
2022-05-02,23,1050,,5,13.38,66.9,Store,25.0
2025-02-08,36,1054,4556.0,4,9.86,39.44,Website,0.0
2021-08-31,4,1076,2186.0,3,22.42,67.26,MobileApp,0.0
2025-01-13,42,1029,,6,23.72,142.32,Website,15.0
2023-10-14,24,1050,3842.0,1,17.84,17.84,Store,0.0
2021-02-24,21,1162,1591.0,4,26.4,105.6,MobileApp,0.0
2023-09-05,33,1043,1553.0,2,23.45,46.9,Store,0.0
2025-03-10,16,1064,1399.0,5,17.68,88.4,Website,0.0
2025-08-16,1,1065,3881.0,6,160.05,960.3,Website,10.0
2024-01-21,10,1002,3938.0,2,13.73,27.46,Store,0.0
2023-05-09,7,1073,4386.0,3,120.38,361.14,Store,0.0
2024-09-15,4,1099,3310.0,2,49.84,99.68,Store,0.0
2024-01-02,1,1020,3190.0,1,8.47,8.47,Store,15.0
2025-10-30,34,1091,,1,8.74,8.74,Store,0.0
2024-11-10,38,1055,3974.0,2,11.14,22.28,Amazon.ae,0.0
2024-05-12,45,1028,61.0,1,41.78,41.78,Store,0.0
2023-04-09,26,1158,,3,7.27,21.81,Website,0.0
2023-12-18,16,1166,,2,49.32,98.64,Store,0.0
2021-01-06,17,1167,4194.0,2,44.15,88.3,Store,0.0
2022-05-22,30,1127,2355.0,1,20.43,20.43,Noon,0.0
2023-01-11,15,1186,545.0,6,5.46,32.76,Noon,0.0
2024-04-14,46,1074,3564.0,3,62.67,188.01,Website,0.0
2021-02-09,40,1169,,2,5.18,10.36,Store,15.0
2021-06-26,24,1192,1398.0,1,21.97,21.97,Noon,0.0
2025-01-08,47,1164,,2,166.8,333.6,Store,15.0
2023-12-13,12,1099,4128.0,2,49.84,99.68,Store,0.0
2021-09-30,43,1192,3852.0,4,21.97,87.88,Store,0.0
2023-10-21,47,1088,1179.0,2,21.16,42.32,Store,0.0
2021-02-03,35,1107,,1,136.65,136.65,Website,15.0
2024-03-30,15,1116,,4,66.4,265.6,Website,15.0
2021-09-25,40,1097,3354.0,1,2.61,2.61,Store,0.0
2021-01-25,39,1066,2841.0,4,49.78,199.12,Store,0.0
2023-10-16,18,1038,527.0,1,99.28,99.28,Store,0.0
2021-01-17,2,1131,,2,19.95,39.9,Amazon.ae,15.0
2023-05-02,21,1154,3780.0,2,15.89,31.78,Website,0.0
2023-07-10,28,1046,3147.0,2,46.55,93.1,Website,20.0
2025-04-11,37,1002,1661.0,2,13.73,27.46,Website,0.0
2023-10-02,21,1143,3590.0,2,17.21,34.42,Website,0.0
2023-06-29,22,1175,1387.0,4,59.84,239.36,MobileApp,0.0
2023-03-14,34,1083,3949.0,3,13.88,41.64,Amazon.ae,0.0
2022-07-23,30,1176,,1,6.83,6.83,Website,0.0
2021-07-31,35,1192,1495.0,3,19.77,59.31,Website,10.0
2025-01-11,12,1022,,2,54.82,109.64,Website,0.0
2022-05-05,11,1082,,1,44.66,44.66,Store,0.0
2024-10-27,27,1062,2926.0,4,29.18,116.72,MobileApp,0.0
2023-01-08,50,1099,2553.0,3,49.84,149.52,MobileApp,0.0
2025-06-01,4,1124,3863.0,3,23.62,70.86,Store,0.0
2023-07-08,11,1115,1573.0,5,44.22,221.1,Website,0.0
2025-08-29,18,1067,2224.0,2,44.61,89.22,Store,10.0
2022-12-23,37,1121,3464.0,2,31.88,63.76,Website,0.0
2021-11-24,36,1078,3796.0,1,179.73,179.73,Store,0.0
2023-09-12,9,1029,4337.0,2,27.9,55.8,MobileApp,0.0
2024-07-07,3,1096,4114.0,1,101.96,101.96,Store,10.0
2024-12-27,39,1105,131.0,2,17.04,34.08,Store,0.0
2024-02-16,11,1130,319.0,3,16.86,50.58,Website,0.0
2022-09-22,17,1140,3194.0,1,35.85,35.85,Website,0.0
2024-12-21,38,1051,3119.0,2,71.35,142.7,Store,0.0
2025-02-11,22,1163,,3,37.39,112.17,Website,0.0
2023-09-30,29,1108,,1,39.32,39.32,Store,0.0
2021-01-15,50,1004,,4,21.1,84.4,Store,15.0
2023-08-05,38,1165,,2,13.84,27.68,Website,20.0
2021-01-09,21,1071,2106.0,3,5.49,16.47,MobileApp,0.0
2025-10-31,24,1115,725.0,1,44.22,44.22,MobileApp,0.0
2022-06-23,2,1086,794.0,2,15.06,30.12,Website,0.0
2021-03-15,40,1167,4748.0,1,44.15,44.15,Store,0.0
2024-08-02,20,1157,,6,13.17,79.02,Website,10.0
2025-02-22,41,1052,516.0,2,14.18,28.36,Website,15.0
2024-12-24,23,1089,4129.0,4,65.95,263.8,Store,0.0
2022-03-17,35,1161,3281.0,1,82.66,82.66,Website,0.0
2023-01-05,21,1129,1203.0,4,129.91,519.64,Website,15.0
2023-08-26,29,1054,,5,7.89,39.45,Noon,20.0
2022-06-15,30,1161,4269.0,2,82.66,165.32,Store,0.0
2023-07-22,14,1148,,1,42.89,42.89,Store,20.0
2021-04-09,34,1168,1054.0,4,19.12,76.48,Store,0.0
2022-05-26,20,1153,2074.0,2,160.72,321.44,Store,0.0
2023-12-23,39,1117,2952.0,1,9.94,9.94,Amazon.ae,0.0
2023-02-25,1,1043,1845.0,6,19.93,119.58,Store,15.0
2022-12-03,17,1019,352.0,3,190.67,572.01,Store,10.0
2022-02-27,23,1038,2449.0,1,74.46,74.46,Noon,25.0
2024-09-17,33,1183,2283.0,3,133.79,401.37,Store,0.0
2024-05-18,2,1045,,3,141.21,423.63,MobileApp,0.0
2024-06-30,48,1014,,3,7.83,23.49,Store,0.0
2022-08-12,34,1021,2468.0,5,25.95,129.75,Amazon.ae,10.0
2023-01-30,33,1187,3199.0,1,60.65,60.65,Website,15.0
2022-02-24,50,1040,1623.0,1,84.68,84.68,Store,0.0
2022-10-28,15,1198,3920.0,2,25.91,51.82,Website,0.0
2024-05-02,10,1176,778.0,4,6.83,27.32,Website,0.0
2025-04-20,47,1060,4175.0,1,37.82,37.82,Store,0.0
2024-07-28,27,1033,3564.0,5,29.2,146.0,Website,10.0
2022-03-30,2,1124,1633.0,4,23.62,94.48,Store,0.0
2025-02-04,33,1147,4896.0,3,17.63,52.89,MobileApp,15.0
2025-06-18,24,1017,3824.0,1,43.23,43.23,Store,0.0
2021-06-26,30,1032,1783.0,4,15.16,60.64,Store,0.0
2022-05-12,4,1176,290.0,2,6.83,13.66,Store,0.0
2022-08-25,44,1066,647.0,6,44.8,268.8,MobileApp,10.0
2023-10-28,18,1185,,3,77.39,232.17,Website,0.0
2022-08-04,42,1185,,2,69.65,139.3,Website,10.0
2022-02-13,44,1082,3831.0,2,33.49,66.98,Amazon.ae,25.0
2024-06-22,32,1139,,2,22.71,45.42,Website,0.0
2025-08-08,6,1100,637.0,6,16.39,98.34,Store,10.0
2021-02-27,33,1104,2813.0,3,17.95,53.85,Store,15.0
2023-09-20,6,1082,1417.0,1,44.66,44.66,Amazon.ae,0.0
2021-02-02,22,1048,,3,11.79,35.37,Website,15.0
2021-12-25,47,1124,,1,23.62,23.62,Store,0.0
2025-08-25,24,1197,1985.0,4,17.58,70.32,Store,0.0
2023-03-28,4,1111,907.0,1,12.56,12.56,Website,0.0
2022-09-08,34,1164,,2,196.24,392.48,Website,0.0
2022-12-26,21,1166,1506.0,2,49.32,98.64,Website,0.0
2024-12-27,45,1193,,3,13.87,41.61,Amazon.ae,0.0
2022-01-29,28,1133,,1,33.85,33.85,Store,0.0
2025-01-26,45,1180,1824.0,1,8.4,8.4,Store,0.0
2021-01-04,25,1025,3024.0,1,7.21,7.21,Website,15.0
2022-06-03,11,1159,1362.0,2,178.08,356.16,Store,0.0
2025-10-26,11,1070,19.0,1,42.19,42.19,Website,0.0
2024-01-24,13,1140,4092.0,5,35.85,179.25,Amazon.ae,0.0
2024-10-14,42,1072,3989.0,1,238.26,238.26,MobileApp,0.0
2021-05-12,28,1081,2856.0,3,7.54,22.62,Website,25.0
2022-06-11,47,1003,3539.0,2,12.0,24.0,Website,0.0
2025-02-28,49,1188,,1,20.38,20.38,MobileApp,0.0
2023-02-28,47,1119,1746.0,1,36.07,36.07,Store,0.0
2025-10-25,19,1081,,2,10.06,20.12,Store,0.0
2024-07-04,45,1158,3223.0,6,7.27,43.62,Store,0.0
2021-02-27,50,1072,,4,238.26,953.04,Website,0.0
2025-04-01,31,1146,,2,14.2,28.4,MobileApp,30.0
2021-11-08,20,1118,511.0,3,23.7,71.1,MobileApp,0.0
2023-05-05,4,1118,3048.0,3,23.7,71.1,Website,0.0
2021-11-14,15,1146,,1,20.29,20.29,Store,0.0
2022-06-19,28,1099,4870.0,2,49.84,99.68,Store,0.0
2024-09-14,23,1103,1265.0,3,38.39,115.17,Amazon.ae,0.0
2023-06-13,35,1151,4948.0,1,142.73,142.73,Store,0.0
2025-03-18,31,1021,,2,20.18,40.36,Website,30.0
2025-03-24,21,1038,4280.0,4,69.5,278.0,Amazon.ae,30.0
2025-08-02,20,1155,378.0,4,20.59,82.36,MobileApp,10.0
2024-02-29,36,1043,1417.0,3,23.45,70.35,Website,0.0
2022-09-10,2,1062,2578.0,1,29.18,29.18,Store,0.0
2025-03-28,39,1059,,2,21.23,42.46,MobileApp,0.0
2023-03-22,10,1104,923.0,3,21.12,63.36,Store,0.0
2022-10-27,37,1070,,3,42.19,126.57,Store,0.0
2022-05-31,18,1161,9.0,1,82.66,82.66,Website,0.0
2021-12-09,10,1139,3529.0,1,22.71,22.71,Store,0.0
2023-01-15,29,1048,3954.0,6,11.79,70.74,Website,15.0
2024-09-29,23,1007,2123.0,2,67.26,134.52,Store,0.0
2024-05-24,23,1051,,2,71.35,142.7,Store,0.0
2023-05-04,37,1188,2153.0,2,20.38,40.76,Store,0.0
2022-08-11,36,1042,2931.0,3,44.9,134.7,Amazon.ae,0.0
2023-09-09,27,1078,4776.0,2,179.73,359.46,MobileApp,0.0
2021-02-08,13,1156,2191.0,5,28.86,144.3,Website,15.0
2022-05-25,25,1137,3152.0,3,6.72,20.16,Store,0.0
2025-06-03,2,1153,2405.0,1,160.72,160.72,Website,0.0
2022-12-24,47,1055,4538.0,1,11.14,11.14,Website,0.0
2022-03-22,28,1161,1282.0,2,82.66,165.32,Amazon.ae,0.0
2021-01-30,8,1035,,1,208.57,208.57,MobileApp,15.0
2024-10-23,9,1028,3441.0,1,41.78,41.78,Website,0.0
2023-05-10,38,1149,,2,103.58,207.16,Store,0.0
2022-07-06,46,1008,,3,43.94,131.82,Amazon.ae,0.0
2024-08-02,30,1117,2030.0,3,8.95,26.85,Amazon.ae,10.0
2023-12-04,10,1190,,1,20.26,20.26,Website,0.0
2023-03-11,25,1043,1998.0,1,23.45,23.45,Noon,0.0
2024-02-04,35,1001,4070.0,3,139.88,419.64,Store,15.0
2025-01-28,31,1158,,3,6.18,18.54,Store,15.0
2022-11-02,23,1180,1747.0,2,8.4,16.8,Store,0.0
2023-07-08,31,1109,,5,29.11,145.55,MobileApp,20.0
2021-09-05,49,1120,2218.0,3,46.44,139.32,Store,0.0
2022-04-02,46,1111,3192.0,6,9.42,56.52,Store,25.0
2021-01-30,18,1145,2446.0,4,11.46,45.84,Amazon.ae,0.0
2022-04-19,36,1073,3642.0,5,120.38,601.9,Amazon.ae,0.0
2022-01-11,22,1122,1638.0,1,31.6,31.6,Store,0.0
2025-03-15,15,1068,1141.0,3,95.09,285.27,MobileApp,0.0
2024-03-24,19,1081,613.0,2,8.55,17.1,Website,15.0
2022-04-15,40,1043,2251.0,5,23.45,117.25,MobileApp,0.0
2024-11-07,28,1044,3334.0,2,21.79,43.58,Website,0.0
2024-02-13,5,1173,2622.0,6,163.58,981.48,Website,0.0
2023-10-07,32,1151,2911.0,1,142.73,142.73,Store,0.0
2021-01-04,20,1084,4953.0,1,40.71,40.71,Store,15.0
2023-05-19,39,1042,2535.0,1,44.9,44.9,Store,0.0
2025-09-10,18,1078,3127.0,2,179.73,359.46,Store,0.0
2024-11-24,33,1184,1688.0,1,22.41,22.41,Website,0.0
2021-01-18,46,1007,4629.0,1,67.26,67.26,Noon,0.0
2024-08-06,22,1057,3553.0,5,24.25,121.25,MobileApp,10.0
2025-01-26,21,1121,208.0,5,31.88,159.4,Store,0.0
2021-01-29,17,1040,,2,84.68,169.36,Website,0.0
2023-08-14,4,1159,,6,142.46,854.76,Store,20.0
2021-12-26,9,1010,2294.0,3,16.43,49.29,Website,0.0
2023-10-26,35,1091,1079.0,1,8.74,8.74,Website,0.0
2023-10-20,15,1094,1602.0,2,23.5,47.0,Website,0.0
2024-03-17,6,1173,2822.0,2,139.04,278.08,Website,15.0
2025-03-01,42,1035,2706.0,3,171.77,515.31,MobileApp,30.0
2023-08-27,44,1056,2264.0,3,5.98,17.94,Website,0.0
2022-10-19,9,1087,3525.0,2,9.42,18.84,Amazon.ae,0.0
2023-07-27,22,1022,,4,43.86,175.44,MobileApp,20.0
2024-10-26,18,1137,2348.0,1,6.72,6.72,Store,0.0
2023-05-27,8,1161,1000.0,4,82.66,330.64,MobileApp,0.0
2025-02-25,11,1132,890.0,4,29.56,118.24,Store,15.0
2021-03-08,28,1041,319.0,4,13.76,55.04,Website,0.0
2023-09-10,47,1159,3303.0,3,178.08,534.24,Store,0.0
2025-01-30,8,1059,2868.0,3,18.05,54.15,Website,15.0
2022-09-29,6,1039,145.0,3,25.91,77.73,Website,0.0
2021-04-14,21,1116,3223.0,4,78.12,312.48,MobileApp,0.0
2024-01-01,27,1120,1173.0,1,39.47,39.47,MobileApp,15.0
2021-01-24,3,1022,1524.0,1,46.6,46.6,MobileApp,15.0
2023-02-06,7,1051,106.0,3,71.35,214.05,Website,0.0
2023-09-29,17,1113,,1,25.29,25.29,Website,0.0
2023-07-19,50,1120,,4,37.15,148.6,Amazon.ae,20.0
2021-03-12,46,1009,2875.0,1,90.95,90.95,Noon,0.0
2022-11-13,16,1015,676.0,1,27.13,27.13,Store,0.0
2022-04-14,2,1143,4600.0,1,12.91,12.91,Store,25.0
2023-04-13,13,1016,2184.0,4,15.55,62.2,Website,20.0
2024-06-06,40,1080,772.0,2,22.25,44.5,MobileApp,0.0
2021-07-06,13,1148,1119.0,3,48.25,144.75,Store,10.0
2021-06-05,50,1041,2226.0,1,13.76,13.76,Store,0.0
2023-05-10,4,1095,4706.0,2,20.92,41.84,Website,0.0
2022-01-23,2,1112,3616.0,3,7.78,23.34,Website,25.0
2024-12-21,46,1192,,2,21.97,43.94,Store,0.0
2021-01-06,37,1160,3869.0,6,6.18,37.08,Store,0.0
2021-03-07,46,1054,,2,9.86,19.72,Amazon.ae,0.0
2025-01-17,39,1059,3083.0,2,21.23,42.46,Store,0.0
2022-04-12,36,1164,1841.0,3,147.18,441.54,Website,25.0
2022-06-14,40,1090,3164.0,3,36.54,109.62,Store,0.0
2021-05-13,36,1022,1885.0,5,43.86,219.3,MobileApp,20.0
2022-11-04,26,1151,2900.0,1,142.73,142.73,Amazon.ae,0.0
2022-07-17,45,1056,4006.0,6,5.38,32.28,Store,10.0
2025-05-22,36,1002,2837.0,3,13.73,41.19,Store,0.0
2021-12-24,15,1113,,2,25.29,50.58,Store,0.0
2023-01-05,31,1066,3830.0,6,49.78,298.68,Amazon.ae,0.0
2023-10-07,45,1042,2174.0,4,44.9,179.6,Noon,0.0
2025-05-05,27,1167,4040.0,3,44.15,132.45,Store,0.0
2023-04-12,7,1012,,1,11.28,11.28,Amazon.ae,20.0
2024-12-15,23,1119,,1,36.07,36.07,Website,0.0
2021-08-11,19,1008,,3,43.94,131.82,Website,0.0
2021-06-27,4,1079,,1,5.2,5.2,Website,0.0
2025-01-24,38,1184,380.0,3,22.41,67.23,Amazon.ae,0.0
2021-09-17,18,1179,4065.0,1,28.84,28.84,MobileApp,0.0
2021-12-18,47,1158,,1,7.27,7.27,Store,0.0
2023-11-12,2,1170,1177.0,2,21.3,42.6,Store,0.0
2022-01-18,8,1113,967.0,4,25.29,101.16,Store,0.0
2021-02-08,39,1103,4908.0,5,38.39,191.95,Website,0.0
2021-02-21,1,1146,1008.0,1,20.29,20.29,MobileApp,0.0
2024-05-26,30,1192,4187.0,1,21.97,21.97,Website,0.0
2022-04-19,20,1141,3060.0,6,8.45,50.7,Store,0.0
2025-06-11,14,1088,,2,21.16,42.32,Store,0.0
2025-07-08,21,1081,1920.0,4,10.06,40.24,Store,0.0
2024-12-27,44,1095,4788.0,2,20.92,41.84,Website,0.0
2023-08-16,39,1104,,6,21.12,126.72,Website,0.0
2022-06-19,34,1010,3021.0,2,16.43,32.86,Store,0.0
2023-04-07,41,1104,3062.0,1,21.12,21.12,Noon,0.0
2024-10-31,25,1118,,2,23.7,47.4,Website,0.0
2022-01-02,22,1155,,3,22.88,68.64,MobileApp,0.0
2021-12-11,15,1159,4791.0,1,178.08,178.08,Store,0.0
2024-08-23,18,1014,,2,7.83,15.66,Website,0.0
2024-06-12,40,1142,646.0,1,15.64,15.64,Store,0.0
2021-08-08,46,1061,114.0,3,53.82,161.46,Store,0.0
2021-12-01,44,1143,4444.0,5,13.77,68.85,Amazon.ae,20.0
2021-12-28,40,1199,53.0,3,229.89,689.67,Store,0.0
2022-07-20,9,1038,158.0,1,89.35,89.35,Website,10.0
2021-06-26,11,1053,1288.0,3,11.65,34.95,Store,0.0
2023-08-12,20,1146,1961.0,3,20.29,60.87,MobileApp,0.0
2023-05-26,46,1172,4685.0,4,113.45,453.8,Website,0.0
2024-01-07,16,1156,1788.0,5,33.95,169.75,Store,0.0
2022-05-07,15,1074,,1,62.67,62.67,Store,0.0
2025-09-14,24,1101,,1,24.92,24.92,MobileApp,0.0
2022-07-20,15,1142,4648.0,4,15.64,62.56,MobileApp,0.0
2025-08-05,36,1074,2445.0,5,56.4,282.0,Store,10.0
2025-06-25,34,1026,605.0,2,5.7,11.4,Store,0.0
2022-05-07,50,1020,3024.0,1,9.96,9.96,Website,0.0
2024-06-04,6,1096,3512.0,3,113.29,339.87,Store,0.0
2021-06-25,24,1187,1296.0,2,71.35,142.7,MobileApp,0.0
2025-06-23,46,1161,3999.0,2,82.66,165.32,Website,0.0
2021-05-07,21,1101,,2,18.69,37.38,Website,25.0
2025-01-18,7,1074,,1,53.27,53.27,MobileApp,15.0
2025-01-25,1,1112,399.0,3,10.38,31.14,Website,0.0
2025-01-29,29,1062,3538.0,6,29.18,175.08,Store,0.0
2021-07-12,10,1112,3276.0,5,10.38,51.9,Store,0.0
2025-10-02,3,1091,,1,8.74,8.74,Store,0.0
2024-03-02,13,1098,,1,103.53,103.53,Noon,0.0
2023-12-31,34,1002,4332.0,2,13.73,27.46,Store,0.0
2022-07-06,36,1145,,4,10.31,41.24,MobileApp,10.0
2022-08-20,2,1098,818.0,5,93.18,465.9,MobileApp,10.0
2024-07-28,5,1069,2207.0,2,38.3,76.6,Amazon.ae,0.0
2024-02-05,12,1120,3749.0,3,39.47,118.41,MobileApp,15.0
2023-01-15,18,1030,2581.0,4,18.73,74.92,MobileApp,15.0
2021-05-31,10,1043,3278.0,3,23.45,70.35,Website,0.0
2023-06-16,45,1145,,4,11.46,45.84,Store,0.0
2021-01-28,38,1131,312.0,5,23.47,117.35,Store,0.0
2025-03-12,7,1156,,2,33.95,67.9,MobileApp,0.0
2024-06-19,31,1025,3928.0,2,5.94,11.88,Store,30.0
2024-03-18,17,1168,3034.0,1,19.12,19.12,Website,0.0
2025-03-14,44,1192,3834.0,1,15.38,15.38,Store,30.0
2022-05-04,5,1064,3603.0,2,17.68,35.36,Store,0.0
2024-11-17,46,1071,3204.0,3,5.49,16.47,Store,0.0
2022-06-26,25,1188,2087.0,1,20.38,20.38,Website,0.0
2023-05-01,35,1001,3571.0,3,164.56,493.68,Website,0.0
2024-02-19,37,1176,4821.0,3,5.81,17.43,MobileApp,15.0
2021-10-01,20,1183,2916.0,3,133.79,401.37,MobileApp,0.0
2021-08-17,32,1152,1696.0,5,48.55,242.75,MobileApp,10.0
2025-06-19,40,1094,367.0,3,23.5,70.5,Amazon.ae,0.0
2021-02-02,13,1120,1455.0,3,39.47,118.41,Website,15.0
2021-05-10,31,1078,,1,134.8,134.8,Store,25.0
2024-06-10,28,1020,,1,9.96,9.96,MobileApp,0.0
2023-02-16,38,1037,1821.0,3,151.78,455.34,Website,15.0
2022-12-05,43,1054,3676.0,3,9.86,29.58,Store,0.0
2024-02-24,22,1139,1987.0,1,19.3,19.3,Store,15.0
2024-10-02,20,1039,,1,25.91,25.91,Amazon.ae,0.0
2021-03-09,22,1171,2554.0,2,41.67,83.34,Website,0.0
2023-05-31,31,1139,661.0,3,22.71,68.13,Store,0.0
2021-12-25,15,1059,378.0,2,21.23,42.46,Website,0.0
2023-09-09,42,1104,4634.0,4,21.12,84.48,Website,0.0
2023-10-17,46,1179,4109.0,1,28.84,28.84,Noon,0.0
2025-06-29,5,1149,3392.0,3,103.58,310.74,Store,0.0
2025-07-30,28,1036,3938.0,4,80.53,322.12,Amazon.ae,10.0
2024-08-18,16,1021,,3,28.83,86.49,Store,0.0
2023-02-25,2,1197,767.0,6,14.94,89.64,Website,15.0
2022-01-07,1,1171,4614.0,2,41.67,83.34,Website,0.0
2021-10-23,30,1073,1088.0,1,120.38,120.38,Website,0.0
2021-06-01,13,1100,527.0,1,18.21,18.21,MobileApp,0.0
2023-05-10,2,1076,1789.0,1,22.42,22.42,Website,0.0
2022-08-18,13,1099,3969.0,6,44.86,269.16,Website,10.0
2021-05-01,35,1056,848.0,3,5.98,17.94,Website,0.0
2021-01-23,30,1115,3417.0,1,44.22,44.22,Website,0.0
2025-04-06,28,1041,997.0,1,13.76,13.76,Website,0.0
2025-01-16,5,1012,455.0,6,14.1,84.6,Store,0.0
2025-07-09,25,1080,1338.0,1,22.25,22.25,Website,0.0
2025-05-11,50,1064,1757.0,4,17.68,70.72,Amazon.ae,0.0
2022-07-28,50,1174,,5,216.76,1083.8,Amazon.ae,10.0
2025-05-20,4,1165,2707.0,1,17.3,17.3,Website,0.0
2022-11-28,37,1082,,1,44.66,44.66,Store,0.0
2021-01-10,40,1059,,4,18.05,72.2,Store,15.0
2024-04-11,44,1081,2622.0,5,8.05,40.25,MobileApp,20.0
2024-10-29,43,1091,864.0,4,8.74,34.96,Website,0.0
2023-09-19,20,1044,4964.0,2,21.79,43.58,Store,0.0
2023-10-06,19,1118,3406.0,1,23.7,23.7,Store,0.0
2025-09-02,44,1071,,1,5.49,5.49,Store,0.0
2025-01-10,44,1172,4858.0,2,96.43,192.86,MobileApp,15.0
2021-04-10,37,1159,4239.0,3,178.08,534.24,Amazon.ae,0.0
2024-11-06,41,1037,1241.0,1,178.57,178.57,Website,0.0
2025-01-09,46,1078,1431.0,6,152.77,916.62,Store,15.0
2023-07-23,49,1184,,2,17.93,35.86,MobileApp,20.0
2022-05-04,4,1065,1193.0,5,177.83,889.15,Website,0.0
2021-06-07,40,1158,,3,7.27,21.81,Website,0.0
2022-11-12,11,1163,2812.0,2,37.39,74.78,Store,0.0
2024-12-11,11,1012,1993.0,1,14.1,14.1,Store,0.0
2023-05-23,46,1144,1944.0,1,14.46,14.46,Store,0.0
2022-01-11,5,1043,4834.0,2,17.59,35.18,Store,25.0
2022-05-05,8,1105,840.0,2,17.04,34.08,Store,0.0
2022-11-02,33,1054,190.0,3,9.86,29.58,Amazon.ae,0.0
2025-07-05,3,1165,4450.0,6,17.3,103.8,Noon,0.0
2024-09-13,14,1186,3862.0,3,5.46,16.38,Store,0.0
2022-01-16,1,1044,1124.0,3,21.79,65.37,Website,0.0
2024-03-03,26,1020,3515.0,3,9.96,29.88,MobileApp,0.0
2022-07-16,42,1015,4555.0,2,27.13,54.26,Website,0.0
2024-06-15,23,1161,3418.0,2,82.66,165.32,MobileApp,0.0
2021-08-04,17,1161,,6,74.39,446.34,Store,10.0
2021-05-15,40,1098,3658.0,1,82.82,82.82,Website,20.0
2023-11-22,28,1196,3441.0,4,29.94,119.76,Store,0.0
2022-11-05,26,1069,4742.0,3,38.3,114.9,Store,0.0
2021-02-18,33,1115,,3,37.59,112.77,Amazon.ae,15.0
2021-05-10,41,1164,1307.0,5,147.18,735.9,Website,25.0
2021-05-27,46,1170,2533.0,4,21.3,85.2,Store,0.0
2025-07-25,27,1033,1312.0,4,32.44,129.76,Store,0.0
2021-08-10,9,1106,2218.0,6,11.28,67.68,Store,0.0
2021-06-01,20,1036,,3,89.48,268.44,Website,0.0
2021-04-24,2,1061,3480.0,5,53.82,269.1,Amazon.ae,0.0
2022-07-10,18,1028,4092.0,1,41.78,41.78,Store,0.0
2022-05-01,31,1059,4540.0,3,15.92,47.76,Website,25.0
2025-03-01,37,1177,3617.0,1,1.99,1.99,MobileApp,30.0
2024-12-18,13,1161,2815.0,1,82.66,82.66,Website,0.0
2021-09-04,8,1020,1457.0,1,9.96,9.96,Website,0.0
2023-04-03,39,1081,2629.0,2,8.05,16.1,Store,20.0
2023-04-10,43,1024,383.0,3,7.03,21.09,Website,20.0
2022-03-31,36,1033,3999.0,1,32.44,32.44,Store,0.0
2023-08-05,1,1053,1584.0,1,9.32,9.32,Noon,20.0
2025-04-05,38,1011,4646.0,1,20.37,20.37,MobileApp,0.0
2025-07-16,47,1012,2036.0,1,12.69,12.69,MobileApp,10.0
2025-03-04,38,1022,354.0,3,54.82,164.46,Amazon.ae,0.0
2023-09-13,34,1195,1229.0,3,20.92,62.76,Store,0.0
2023-04-25,8,1145,4184.0,1,11.46,11.46,Website,0.0
2021-05-16,33,1041,4780.0,1,13.76,13.76,Store,0.0
2025-08-29,23,1059,,6,21.23,127.38,Website,0.0
2021-12-07,37,1183,4310.0,4,133.79,535.16,Store,0.0
2023-04-08,28,1136,,2,48.23,96.46,MobileApp,20.0
2022-01-19,15,1045,,2,105.91,211.82,Amazon.ae,25.0
2025-10-27,19,1188,3561.0,1,20.38,20.38,Noon,0.0
2021-04-26,41,1154,4699.0,6,11.92,71.52,Store,25.0
2021-12-12,23,1138,957.0,4,46.28,185.12,Store,0.0
2025-10-23,9,1185,,1,77.39,77.39,Website,0.0
2021-08-01,24,1178,1142.0,3,23.94,71.82,Website,0.0
2025-09-30,16,1006,,4,12.62,50.48,Store,0.0
2022-10-18,1,1113,2762.0,3,25.29,75.87,Website,0.0
2023-09-04,13,1196,2121.0,2,29.94,59.88,Store,0.0
2025-09-19,4,1119,3573.0,3,36.07,108.21,Website,0.0
2023-03-09,29,1123,2067.0,4,9.82,39.28,MobileApp,0.0
2024-06-29,3,1005,,1,17.7,17.7,Store,0.0
2022-04-12,11,1106,2045.0,4,8.46,33.84,Store,25.0
2024-08-03,3,1193,4355.0,2,12.48,24.96,Store,10.0
2023-04-03,1,1122,,2,31.6,63.2,Store,0.0
2023-08-15,42,1050,,5,17.84,89.2,Store,0.0
2021-11-28,32,1071,329.0,2,3.84,7.68,Store,30.0
2025-03-13,27,1118,3910.0,3,23.7,71.1,MobileApp,0.0
2022-03-25,21,1133,1503.0,3,33.85,101.55,MobileApp,0.0
2023-01-12,8,1083,3565.0,1,11.8,11.8,Website,15.0
2023-12-04,29,1094,2604.0,4,23.5,94.0,MobileApp,0.0
2023-04-15,37,1151,2567.0,3,114.18,342.54,Amazon.ae,20.0
2023-08-17,26,1192,,2,21.97,43.94,Amazon.ae,0.0
2025-08-31,14,1006,,2,12.62,25.24,Website,0.0
2023-06-16,48,1110,4078.0,2,18.41,36.82,Website,0.0
2022-07-16,37,1005,2889.0,3,15.93,47.79,MobileApp,10.0
2023-01-20,47,1170,3156.0,1,18.1,18.1,Website,15.0
2023-06-16,1,1181,,2,38.61,77.22,Store,0.0
2025-01-31,29,1067,3112.0,3,49.57,148.71,Store,0.0
2022-11-15,39,1049,,1,118.16,118.16,Website,0.0
2023-01-31,45,1008,2892.0,4,37.35,149.4,Store,15.0
2024-12-08,12,1170,353.0,1,21.3,21.3,Store,0.0
2022-05-01,45,1038,3040.0,6,74.46,446.76,Website,25.0
2024-01-03,47,1153,,2,136.61,273.22,Store,15.0
2021-11-14,3,1168,1290.0,3,19.12,57.36,Store,0.0
2024-10-01,42,1175,391.0,2,59.84,119.68,Website,0.0
2023-02-25,22,1025,3871.0,4,7.21,28.84,MobileApp,15.0
2023-01-08,49,1018,2141.0,3,46.89,140.67,Store,15.0
2024-06-02,11,1027,3841.0,2,6.05,12.1,Store,0.0
2025-06-09,33,1198,3060.0,6,19.43,116.58,MobileApp,25.0
2022-10-06,10,1134,3252.0,2,13.83,27.66,Store,0.0
2021-07-09,27,1029,1014.0,1,25.11,25.11,MobileApp,10.0
2025-09-16,34,1169,416.0,1,6.09,6.09,Store,0.0
2024-02-20,42,1149,76.0,1,103.58,103.58,Website,0.0
2022-04-19,34,1100,360.0,6,18.21,109.26,Store,0.0
2024-01-20,33,1123,1789.0,2,9.82,19.64,MobileApp,0.0
2023-04-12,9,1015,,1,21.7,21.7,Website,20.0
2024-04-08,44,1147,663.0,2,20.74,41.48,Website,0.0
2025-04-11,40,1119,,4,36.07,144.28,Store,0.0
2021-01-06,18,1167,,4,37.53,150.12,Website,15.0
2023-03-11,36,1176,3897.0,1,6.83,6.83,Store,0.0
2021-01-10,18,1025,3685.0,5,8.48,42.4,Store,0.0
2025-08-19,19,1063,,3,14.6,43.8,Website,10.0
2022-06-27,15,1162,,3,26.4,79.2,Store,0.0
2025-06-18,28,1036,3429.0,1,89.48,89.48,Store,0.0
2023-07-21,18,1039,2987.0,1,25.91,25.91,Store,0.0
2024-03-17,50,1141,4815.0,2,7.18,14.36,Amazon.ae,15.0
2021-10-12,3,1016,3472.0,3,19.44,58.32,Store,0.0
2024-10-06,30,1153,2956.0,2,160.72,321.44,Website,0.0
2024-12-21,44,1159,4966.0,3,178.08,534.24,Website,0.0
2022-04-12,36,1115,4259.0,3,44.22,132.66,Store,0.0
2024-05-15,44,1094,4162.0,2,23.5,47.0,MobileApp,0.0
2022-12-27,8,1008,4439.0,1,43.94,43.94,Store,0.0
2023-07-10,19,1058,1905.0,2,45.07,90.14,Store,0.0
2021-08-23,4,1015,1443.0,4,27.13,108.52,Website,0.0
2022-04-26,29,1079,574.0,4,3.9,15.6,Website,25.0
2024-02-10,28,1117,,3,9.94,29.82,Store,0.0
2024-12-14,50,1044,2840.0,1,21.79,21.79,Website,0.0
2023-06-13,48,1157,,1,14.63,14.63,Website,0.0
2023-08-03,33,1183,2157.0,1,107.03,107.03,Store,20.0
2022-01-15,38,1098,17.0,3,77.65,232.95,Store,25.0
2023-11-29,17,1105,1341.0,2,17.04,34.08,Website,0.0
2022-02-20,23,1060,3539.0,6,28.36,170.16,Store,25.0
2022-06-22,6,1096,3341.0,1,113.29,113.29,Noon,0.0
2025-06-27,25,1085,592.0,3,26.63,79.89,Store,0.0
2021-06-28,23,1145,4108.0,2,11.46,22.92,Website,0.0
2022-08-11,8,1126,2146.0,5,23.13,115.65,Amazon.ae,10.0
2023-11-19,4,1031,2201.0,1,15.27,15.27,Store,0.0
2024-03-22,32,1136,,1,60.29,60.29,Amazon.ae,0.0
2022-09-25,1,1196,3658.0,1,29.94,29.94,Store,0.0
2022-05-11,1,1106,,2,11.28,22.56,Store,0.0
2023-08-16,16,1068,772.0,4,95.09,380.36,Website,0.0
2024-07-03,22,1096,3669.0,5,101.96,509.8,MobileApp,10.0
2025-08-09,31,1131,,1,21.12,21.12,Store,10.0
2025-08-17,7,1120,3586.0,1,46.44,46.44,Website,0.0
2023-10-18,19,1078,3850.0,1,179.73,179.73,Store,0.0
2024-10-27,20,1089,,1,65.95,65.95,Website,0.0
2023-06-13,42,1132,1556.0,2,34.78,69.56,Store,0.0
2021-02-19,19,1165,,3,14.7,44.1,Store,15.0
2023-07-13,47,1100,2219.0,3,14.57,43.71,Store,20.0
2024-05-04,6,1155,,1,22.88,22.88,MobileApp,0.0
2022-09-10,24,1077,3176.0,1,47.6,47.6,Store,0.0
2025-03-08,40,1132,883.0,2,24.35,48.7,Website,30.0
2024-04-18,40,1003,4106.0,2,12.0,24.0,MobileApp,0.0
2021-04-23,47,1182,4913.0,1,14.02,14.02,Store,0.0
2021-10-26,7,1095,3090.0,2,20.92,41.84,Store,0.0
2023-04-03,40,1087,897.0,5,9.42,47.1,Amazon.ae,0.0
2024-02-14,49,1066,,1,42.31,42.31,Website,15.0
2024-05-30,5,1008,595.0,2,43.94,87.88,Website,0.0
2022-01-26,43,1121,2131.0,2,23.91,47.82,Noon,25.0
2021-07-30,10,1163,,3,37.39,112.17,Website,0.0
2022-10-22,16,1156,1645.0,3,33.95,101.85,Website,0.0
2022-11-21,11,1132,4316.0,1,34.78,34.78,Website,0.0
2022-08-28,35,1195,,2,18.83,37.66,MobileApp,10.0
2025-03-19,41,1144,4548.0,1,10.12,10.12,Store,30.0
2023-08-15,43,1088,1356.0,4,16.93,67.72,MobileApp,20.0
2021-11-10,13,1093,4180.0,3,7.98,23.94,Store,0.0
2021-04-11,2,1133,,3,33.85,101.55,Website,0.0
2025-10-29,19,1161,2370.0,3,82.66,247.98,Store,0.0
2025-09-21,40,1163,,1,37.39,37.39,Website,0.0
2021-02-15,14,1010,3977.0,3,13.97,41.91,Website,15.0
2024-12-26,32,1152,1001.0,2,53.94,107.88,Amazon.ae,0.0
2022-12-26,10,1192,3468.0,2,21.97,43.94,Website,0.0
2025-08-24,20,1054,4812.0,5,8.87,44.35,Store,10.0
2021-08-18,20,1016,2013.0,3,17.5,52.5,Store,10.0
2025-09-17,23,1179,,2,28.84,57.68,Store,0.0
2024-07-05,29,1174,,1,216.76,216.76,MobileApp,10.0
2021-01-20,4,1141,,1,7.18,7.18,Website,15.0
2023-04-18,35,1016,,1,15.55,15.55,Store,20.0
2021-07-07,13,1142,,2,14.08,28.16,Store,10.0
2025-03-25,17,1052,,5,16.68,83.4,Website,0.0
2024-01-20,41,1038,289.0,5,84.39,421.95,MobileApp,15.0
2024-02-05,33,1082,4527.0,1,44.66,44.66,Website,0.0
2021-12-10,20,1023,3619.0,2,60.82,121.64,Noon,0.0
2021-07-07,6,1056,512.0,1,5.38,5.38,Website,10.0
2022-03-29,14,1024,4598.0,2,8.79,17.58,Store,0.0
2025-06-21,17,1073,1516.0,4,120.38,481.52,Noon,0.0
2022-01-24,3,1059,4265.0,1,15.92,15.92,Store,25.0
2025-08-30,43,1178,2526.0,2,21.55,43.1,Store,10.0
2023-04-18,43,1081,,2,8.05,16.1,Store,20.0
2024-06-28,49,1030,1859.0,2,22.04,44.08,Noon,0.0
2023-04-27,3,1035,113.0,3,245.38,736.14,Store,0.0
2024-11-25,27,1161,2627.0,3,82.66,247.98,Store,0.0
2021-09-11,25,1128,1757.0,1,26.58,26.58,Store,0.0
2024-03-13,18,1128,1977.0,5,22.59,112.95,Website,15.0
2022-01-28,2,1106,10.0,4,8.46,33.84,Store,25.0
2025-02-16,32,1159,1325.0,1,178.08,178.08,Amazon.ae,0.0
2021-11-20,1,1153,1164.0,1,160.72,160.72,Store,0.0
2023-05-15,28,1107,1416.0,2,160.77,321.54,Store,0.0
2023-06-04,34,1186,3740.0,1,5.46,5.46,Website,0.0
2024-06-14,37,1110,3597.0,3,18.41,55.23,Store,0.0
2021-11-17,41,1019,4221.0,4,211.86,847.44,MobileApp,0.0
2022-05-16,31,1056,,4,5.98,23.92,Website,0.0
2023-09-22,12,1113,,1,25.29,25.29,Store,0.0
2024-07-12,40,1160,1320.0,5,5.56,27.8,Store,10.0
2024-02-02,30,1176,113.0,1,6.83,6.83,MobileApp,0.0
2024-06-20,46,1020,4388.0,1,9.96,9.96,Store,0.0
2022-07-05,45,1149,,2,93.22,186.44,MobileApp,10.0
2025-02-07,27,1124,,5,23.62,118.1,MobileApp,0.0
2021-01-19,9,1147,,5,17.63,88.15,MobileApp,15.0
2023-10-17,30,1118,1093.0,3,23.7,71.1,Website,0.0
2023-06-07,39,1180,,2,8.4,16.8,Store,0.0
2024-01-07,22,1110,4243.0,2,15.65,31.3,Website,15.0
2021-09-26,37,1137,3719.0,2,6.72,13.44,MobileApp,0.0
2024-01-30,32,1021,,5,24.51,122.55,Store,15.0
2022-06-05,16,1109,2618.0,1,36.39,36.39,Store,0.0
2023-04-09,40,1101,3119.0,6,24.92,149.52,Store,0.0
2021-12-11,3,1032,3426.0,2,15.16,30.32,Store,0.0
2024-01-23,33,1195,1914.0,3,20.92,62.76,Website,0.0
2022-04-08,34,1023,2274.0,4,60.82,243.28,Store,0.0
2023-01-27,41,1143,4682.0,4,14.63,58.52,Website,15.0
2023-12-27,25,1011,2611.0,1,20.37,20.37,Store,0.0
2021-08-01,44,1193,,2,12.48,24.96,Store,10.0
2022-01-15,1,1094,2720.0,4,23.5,94.0,Amazon.ae,0.0
2024-12-17,17,1120,4115.0,2,46.44,92.88,Store,0.0
2024-03-26,30,1113,3736.0,4,21.5,86.0,Website,15.0
2022-06-15,7,1163,,2,37.39,74.78,Store,0.0
2022-10-16,4,1033,,1,32.44,32.44,Store,0.0
2024-05-05,40,1029,3761.0,2,27.9,55.8,Store,0.0
2021-03-02,24,1038,2817.0,4,99.28,397.12,Amazon.ae,0.0
2024-10-20,42,1073,,2,120.38,240.76,Store,0.0
2021-02-27,2,1175,2146.0,1,50.86,50.86,Store,15.0
2022-07-01,5,1067,2656.0,2,44.61,89.22,MobileApp,10.0
2021-10-23,43,1106,3011.0,1,11.28,11.28,Store,0.0
2022-03-19,48,1003,354.0,3,12.0,36.0,Website,0.0
2021-12-16,33,1102,1275.0,2,21.54,43.08,Amazon.ae,0.0
2024-02-01,13,1148,822.0,4,53.61,214.44,Store,0.0
2021-09-17,6,1086,1243.0,3,15.06,45.18,Store,0.0
2024-06-16,17,1136,,2,60.29,120.58,Store,0.0
2021-02-07,31,1078,,5,152.77,763.85,MobileApp,15.0
2022-05-30,9,1080,,1,22.25,22.25,Store,0.0
2025-08-22,32,1076,,4,20.18,80.72,Store,10.0
2021-11-16,46,1026,,3,5.7,17.1,Amazon.ae,0.0
2022-08-10,5,1101,,1,22.43,22.43,MobileApp,10.0
2024-03-23,40,1193,1844.0,3,11.79,35.37,Amazon.ae,15.0
2023-03-13,7,1055,531.0,3,11.14,33.42,Website,0.0
2022-02-27,10,1037,391.0,1,133.93,133.93,Store,25.0
2025-06-07,32,1084,,3,35.92,107.76,MobileApp,25.0
2023-12-30,36,1007,3172.0,1,67.26,67.26,Store,0.0
2023-10-24,12,1133,1997.0,3,33.85,101.55,Store,0.0
2021-07-22,16,1074,867.0,4,47.0,188.0,Amazon.ae,25.0
2023-02-13,21,1101,677.0,2,21.18,42.36,Website,15.0
2023-12-24,7,1143,,1,17.21,17.21,Website,0.0
2025-05-01,46,1159,237.0,3,178.08,534.24,MobileApp,0.0
2021-10-18,16,1073,2505.0,2,120.38,240.76,Store,0.0
2022-08-03,46,1116,1526.0,1,78.12,78.12,Store,0.0
2024-02-22,16,1036,,4,89.48,357.92,Website,0.0
2021-03-22,34,1011,,1,20.37,20.37,Store,0.0
2021-08-13,34,1135,2129.0,5,50.49,252.45,MobileApp,0.0
2023-07-30,28,1113,3327.0,5,20.23,101.15,Website,20.0
2025-07-14,39,1120,3491.0,5,46.44,232.2,Store,0.0
2023-12-24,21,1129,,2,152.84,305.68,MobileApp,0.0
2023-04-25,13,1141,1492.0,2,8.45,16.9,Website,0.0
2025-04-20,49,1071,3292.0,4,5.49,21.96,Store,0.0
2022-04-10,3,1018,,3,55.16,165.48,Store,0.0
2021-08-11,41,1190,890.0,3,18.23,54.69,Amazon.ae,10.0
2023-05-07,31,1024,,2,8.79,17.58,Store,0.0
2022-02-15,37,1172,430.0,1,85.09,85.09,Website,25.0
2024-09-09,22,1164,1847.0,3,196.24,588.72,MobileApp,0.0
2024-04-23,17,1035,2451.0,4,245.38,981.52,Store,0.0
2021-10-11,11,1071,93.0,3,5.49,16.47,Website,0.0
2024-03-14,7,1091,506.0,2,8.74,17.48,MobileApp,0.0
2024-08-05,50,1062,567.0,2,26.26,52.52,Website,10.0
2025-02-18,18,1024,,3,8.79,26.37,Store,0.0
2025-03-24,14,1185,,2,77.39,154.78,Amazon.ae,0.0
2021-02-22,11,1022,2321.0,6,46.6,279.6,MobileApp,15.0
2022-02-27,1,1055,,4,8.36,33.44,Website,25.0
2023-11-05,47,1057,,2,26.94,53.88,MobileApp,0.0
2022-02-28,28,1174,,3,240.85,722.55,Website,0.0
2023-07-14,23,1195,3631.0,1,16.74,16.74,Website,20.0
2023-08-18,3,1142,749.0,4,12.51,50.04,MobileApp,20.0
2021-04-21,1,1007,2180.0,5,50.45,252.25,Store,25.0
2021-01-10,5,1137,3293.0,1,6.72,6.72,Website,0.0
2024-03-19,12,1072,721.0,2,202.52,405.04,Store,15.0
2023-01-08,4,1184,3289.0,5,19.05,95.25,Website,15.0
2025-03-10,7,1094,3833.0,1,23.5,23.5,Store,0.0
2021-02-07,27,1047,4830.0,3,36.11,108.33,MobileApp,0.0
2021-08-22,25,1113,905.0,4,22.76,91.04,Store,10.0
2023-07-21,42,1105,140.0,2,13.63,27.26,Store,20.0
2023-01-08,37,1055,,5,9.47,47.35,Store,15.0
2021-02-02,37,1006,950.0,4,10.73,42.92,Website,15.0
2025-04-12,40,1078,2599.0,3,179.73,539.19,Website,0.0
2025-03-15,9,1159,2340.0,5,124.66,623.3,Store,30.0
2023-05-29,14,1046,,1,58.19,58.19,Store,0.0
2021-10-14,20,1072,,3,238.26,714.78,Website,0.0
2022-04-13,33,1108,,2,29.49,58.98,Store,25.0
2021-02-04,49,1058,3053.0,4,38.31,153.24,MobileApp,15.0
2023-02-02,35,1054,157.0,6,9.86,59.16,Website,0.0
2023-03-12,10,1197,11.0,3,17.58,52.74,Website,0.0
2021-02-08,38,1195,2099.0,2,17.78,35.56,Website,15.0
2022-11-30,30,1108,4555.0,1,39.32,39.32,Store,0.0
2024-01-23,11,1166,,2,49.32,98.64,Website,0.0
2025-07-12,49,1128,18.0,4,23.92,95.68,MobileApp,10.0
2022-04-15,40,1059,2370.0,3,21.23,63.69,Website,0.0
2023-05-03,16,1057,,2,26.94,53.88,Website,0.0
2022-05-25,45,1140,,1,35.85,35.85,Store,0.0
2022-01-20,18,1034,,4,43.17,172.68,MobileApp,25.0
2023-03-01,11,1192,4118.0,3,21.97,65.91,Store,0.0
2024-04-14,21,1031,2301.0,1,15.27,15.27,Amazon.ae,0.0
2021-01-26,48,1055,3669.0,6,9.47,56.82,Store,15.0
2023-01-07,19,1023,3374.0,3,51.7,155.1,Website,15.0
2022-08-22,34,1157,,6,14.63,87.78,Amazon.ae,0.0
2021-05-15,26,1132,988.0,4,27.82,111.28,Store,20.0
2021-05-15,44,1031,,2,12.22,24.44,MobileApp,20.0
2021-07-04,1,1002,4597.0,2,13.73,27.46,Noon,0.0
2025-06-16,23,1032,2470.0,3,15.16,45.48,Store,0.0
2023-06-06,1,1124,2763.0,2,23.62,47.24,Noon,0.0
2024-12-26,34,1060,4418.0,2,37.82,75.64,MobileApp,0.0
2021-09-25,21,1151,,1,142.73,142.73,Store,0.0
2022-02-07,47,1019,1894.0,3,211.86,635.58,Website,0.0
2023-04-17,45,1167,260.0,1,35.32,35.32,Store,20.0
2023-02-24,6,1172,,2,96.43,192.86,Store,15.0
2022-01-11,48,1153,851.0,3,120.54,361.62,Website,25.0
2021-02-04,45,1130,3708.0,6,14.33,85.98,Amazon.ae,15.0
2025-08-24,32,1035,4436.0,5,220.84,1104.2,Store,10.0
2025-01-02,17,1147,1390.0,5,20.74,103.7,MobileApp,0.0
2024-09-10,45,1052,177.0,3,16.68,50.04,Website,0.0
2024-07-07,2,1046,1065.0,4,52.37,209.48,MobileApp,10.0
2024-10-11,27,1198,4433.0,2,25.91,51.82,MobileApp,0.0
2024-06-02,25,1174,4898.0,3,240.85,722.55,MobileApp,0.0
2024-04-30,24,1012,2698.0,1,14.1,14.1,Store,0.0
2025-07-26,27,1194,,3,8.67,26.01,Amazon.ae,10.0
2025-08-15,34,1185,3280.0,1,77.39,77.39,MobileApp,0.0
2022-08-30,23,1103,1769.0,3,34.55,103.65,Store,10.0
2023-01-04,6,1096,2889.0,3,96.3,288.9,MobileApp,15.0
2025-04-10,16,1033,636.0,2,32.44,64.88,Website,0.0
2025-03-22,49,1006,,1,8.83,8.83,Store,30.0
2021-01-20,17,1120,4983.0,1,39.47,39.47,MobileApp,15.0
2025-03-20,48,1164,789.0,2,137.37,274.74,Store,30.0
2024-06-08,37,1108,2804.0,2,39.32,78.64,Store,0.0
2025-01-05,44,1101,,3,21.18,63.54,MobileApp,15.0
2022-07-13,30,1057,2609.0,1,26.94,26.94,Store,0.0
2021-08-18,23,1137,2889.0,1,6.05,6.05,Store,10.0
2023-09-21,11,1134,3024.0,1,13.83,13.83,Store,0.0
2024-04-29,1,1153,1594.0,3,160.72,482.16,Website,0.0
2024-11-02,46,1062,,1,29.18,29.18,Store,0.0
2021-04-07,9,1162,4037.0,1,26.4,26.4,Store,0.0
2022-10-10,8,1200,,3,7.49,22.47,Store,0.0
2024-11-03,46,1068,,1,95.09,95.09,MobileApp,0.0
2022-07-09,4,1103,4923.0,1,34.55,34.55,MobileApp,10.0
2024-09-22,31,1110,,2,18.41,36.82,Store,0.0
2023-02-26,24,1064,,4,15.03,60.12,Store,15.0
2022-05-13,7,1120,,1,46.44,46.44,Store,0.0
2021-12-02,13,1094,530.0,6,18.8,112.8,Store,20.0
2024-08-14,6,1054,2990.0,1,9.86,9.86,Store,0.0
2023-02-04,24,1133,3629.0,2,28.77,57.54,MobileApp,15.0
2022-04-23,12,1166,4229.0,3,49.32,147.96,Store,0.0
2021-03-21,18,1128,784.0,3,26.58,79.74,Store,0.0
2022-03-25,23,1174,1234.0,1,240.85,240.85,Store,0.0
2021-08-19,11,1182,2813.0,4,12.62,50.48,Website,10.0
2022-05-01,6,1003,2365.0,6,12.0,72.0,Store,0.0
2023-05-02,25,1109,4513.0,4,36.39,145.56,Store,0.0
2021-02-27,11,1009,4134.0,2,77.31,154.62,Store,15.0
2021-06-06,20,1045,1842.0,3,141.21,423.63,Store,0.0
2021-03-29,11,1178,2060.0,2,23.94,47.88,Store,0.0
2021-07-12,15,1063,283.0,1,14.6,14.6,Noon,10.0
2022-12-02,43,1060,,5,34.04,170.2,Noon,10.0
2024-08-16,29,1081,,1,10.06,10.06,Amazon.ae,0.0
2021-05-09,48,1189,3085.0,4,58.49,233.96,Store,25.0
2025-03-19,42,1030,3983.0,3,15.43,46.29,Store,30.0
2023-05-28,11,1195,4277.0,3,20.92,62.76,Store,0.0
2025-07-20,45,1164,3265.0,6,196.24,1177.44,Noon,0.0
2022-02-28,23,1144,2796.0,4,10.84,43.36,Website,25.0
2024-02-05,24,1021,1322.0,3,24.51,73.53,Noon,15.0
2025-10-31,38,1110,517.0,1,18.41,18.41,Website,0.0
2024-06-05,13,1167,2716.0,2,44.15,88.3,Store,0.0
2021-02-07,21,1134,526.0,4,13.83,55.32,Store,0.0
2021-02-06,32,1059,,3,18.05,54.15,Website,15.0
2023-06-15,27,1011,3013.0,1,20.37,20.37,Store,0.0
2023-09-26,11,1133,865.0,1,33.85,33.85,Store,0.0
2022-04-19,27,1049,3883.0,6,118.16,708.96,Amazon.ae,0.0
2024-04-10,22,1161,620.0,2,66.13,132.26,MobileApp,20.0
2021-02-18,16,1082,289.0,3,44.66,133.98,Store,0.0
2025-03-30,9,1028,4536.0,1,41.78,41.78,Store,0.0
2022-10-23,49,1153,3979.0,1,160.72,160.72,Store,0.0
2025-07-02,32,1078,,2,161.76,323.52,MobileApp,10.0
2021-08-17,35,1156,2518.0,2,30.56,61.12,Store,10.0
2023-11-21,21,1196,3294.0,3,29.94,89.82,Website,0.0
2025-06-19,38,1148,,3,53.61,160.83,Website,0.0
2024-10-30,49,1143,3188.0,3,17.21,51.63,Website,0.0
2022-04-09,40,1086,,5,11.3,56.5,Store,25.0
2022-09-30,21,1170,,2,21.3,42.6,Store,0.0
2025-06-30,32,1020,4770.0,2,9.96,19.92,MobileApp,0.0
2024-11-27,13,1097,483.0,2,2.61,5.22,Website,0.0
2024-02-27,24,1152,2442.0,6,45.85,275.1,Amazon.ae,15.0
2025-08-26,36,1163,1178.0,1,33.65,33.65,Amazon.ae,10.0
2023-12-17,35,1144,4945.0,4,14.46,57.84,Amazon.ae,0.0
2021-12-20,5,1164,,1,196.24,196.24,Store,0.0
2023-02-12,24,1192,,2,18.67,37.34,Store,15.0
2021-01-04,26,1173,,3,163.58,490.74,Store,0.0
2023-01-27,35,1102,,2,21.54,43.08,Website,0.0
2021-03-15,36,1134,,1,13.83,13.83,Amazon.ae,0.0
2021-03-05,28,1188,3118.0,1,20.38,20.38,Store,0.0
2021-11-28,48,1019,4466.0,5,148.3,741.5,Store,30.0
2025-10-25,32,1123,1644.0,1,9.82,9.82,MobileApp,0.0
2022-07-19,14,1126,769.0,4,23.13,92.52,Store,10.0
2023-07-28,49,1120,2518.0,5,46.44,232.2,Store,0.0
2022-04-02,10,1102,171.0,1,16.16,16.16,Store,25.0
2022-09-30,40,1116,2692.0,1,78.12,78.12,Website,0.0
2023-12-05,26,1189,3884.0,1,77.99,77.99,Amazon.ae,0.0
2025-08-25,7,1127,1320.0,2,20.43,40.86,Website,0.0
2023-10-28,15,1038,2200.0,1,99.28,99.28,MobileApp,0.0
2024-01-27,39,1087,2559.0,3,8.01,24.03,Store,15.0
2022-07-06,49,1115,2859.0,3,39.8,119.4,Noon,10.0
2024-04-20,8,1020,2359.0,1,9.96,9.96,Amazon.ae,0.0
2025-01-31,42,1013,,2,35.63,71.26,Amazon.ae,0.0
2025-09-04,18,1160,4913.0,3,6.18,18.54,MobileApp,0.0
2022-02-02,43,1084,1353.0,1,35.92,35.92,Website,25.0
2024-04-28,19,1050,1772.0,4,17.84,71.36,Store,0.0
2025-05-26,44,1170,2094.0,3,21.3,63.9,MobileApp,0.0
2021-02-13,33,1195,4535.0,3,20.92,62.76,MobileApp,0.0
2024-01-06,27,1162,2047.0,6,22.44,134.64,Website,15.0
2024-05-13,33,1155,934.0,2,22.88,45.76,MobileApp,0.0
2025-01-25,21,1170,1201.0,6,18.1,108.6,Website,15.0
2024-06-09,48,1096,2225.0,3,113.29,339.87,Store,0.0
2023-06-27,8,1122,,2,31.6,63.2,Amazon.ae,0.0
2024-06-02,19,1188,1949.0,1,20.38,20.38,Store,0.0
2022-01-02,4,1194,1732.0,2,9.63,19.26,Store,0.0
2021-04-23,34,1104,604.0,2,21.12,42.24,Website,0.0
2023-06-30,25,1019,1461.0,3,211.86,635.58,Store,0.0
2024-04-19,25,1150,1718.0,2,133.14,266.28,Amazon.ae,0.0
2025-04-05,9,1177,382.0,2,2.84,5.68,Website,0.0
2021-02-26,37,1121,,2,27.1,54.2,MobileApp,15.0
2024-04-01,23,1088,3601.0,1,17.99,17.99,Amazon.ae,15.0
2022-01-13,16,1030,,2,16.53,33.06,Store,25.0
2024-11-30,17,1156,4464.0,2,33.95,67.9,Store,0.0
2024-08-24,4,1096,4100.0,5,101.96,509.8,Website,10.0
2023-03-27,33,1021,4558.0,1,23.06,23.06,Website,20.0
2022-05-08,29,1191,1869.0,4,9.9,39.6,Store,0.0
2023-04-20,10,1147,4622.0,5,20.74,103.7,Store,0.0
2024-07-27,48,1070,499.0,6,37.97,227.82,Store,10.0
2021-11-28,23,1031,858.0,5,15.27,76.35,Noon,0.0
2023-11-19,33,1158,4708.0,2,7.27,14.54,MobileApp,0.0
2024-01-29,50,1121,2539.0,1,27.1,27.1,Store,15.0
2025-02-04,11,1018,,4,55.16,220.64,MobileApp,0.0
2025-03-08,43,1181,4639.0,4,38.61,154.44,Website,0.0
2024-05-03,38,1054,934.0,2,9.86,19.72,Store,0.0
2021-05-23,19,1136,4731.0,1,60.29,60.29,Store,0.0
2025-09-03,44,1045,2558.0,1,141.21,141.21,Website,0.0
2025-01-28,49,1060,3815.0,1,37.82,37.82,Store,0.0
2021-11-12,19,1122,1481.0,2,31.6,63.2,Noon,0.0
2022-01-11,37,1035,,3,245.38,736.14,MobileApp,0.0
2022-02-02,16,1192,2313.0,2,16.48,32.96,Amazon.ae,25.0
2023-11-20,18,1064,1569.0,2,17.68,35.36,Amazon.ae,0.0
2022-12-26,2,1012,92.0,3,14.1,42.3,Store,0.0
2021-11-29,44,1046,1789.0,1,58.19,58.19,Store,0.0
2024-08-29,12,1157,,3,13.17,39.51,MobileApp,10.0
2022-03-09,27,1107,3806.0,3,160.77,482.31,Website,0.0
2021-03-30,7,1152,,1,53.94,53.94,MobileApp,0.0
2022-04-17,41,1135,2368.0,2,37.87,75.74,Store,25.0
2024-03-12,12,1052,4591.0,5,14.18,70.9,Store,15.0
2021-03-01,9,1004,1439.0,1,24.82,24.82,Store,0.0
2021-05-04,40,1188,586.0,4,15.28,61.12,Website,25.0
2023-06-19,11,1146,,4,20.29,81.16,Amazon.ae,0.0
2021-07-15,46,1044,2019.0,3,19.61,58.83,Store,10.0
2023-08-25,25,1012,,6,11.28,67.68,Store,20.0
2024-04-16,50,1169,1952.0,1,6.09,6.09,MobileApp,0.0
2022-05-16,47,1051,145.0,1,71.35,71.35,Store,0.0
2025-09-08,23,1024,4743.0,2,8.79,17.58,Store,0.0
2024-02-19,38,1131,3017.0,5,23.47,117.35,Website,0.0
2021-01-28,3,1022,197.0,3,54.82,164.46,Amazon.ae,0.0
2025-05-06,2,1192,2157.0,1,21.97,21.97,Store,0.0
2023-04-19,42,1013,535.0,4,28.5,114.0,Amazon.ae,20.0
2025-09-27,43,1161,3249.0,2,82.66,165.32,Store,0.0
2021-08-04,37,1080,2914.0,5,20.03,100.15,Store,10.0
2024-11-03,20,1106,2789.0,1,11.28,11.28,Website,0.0
2023-10-30,39,1098,2190.0,3,103.53,310.59,Website,0.0
2024-02-08,46,1168,4889.0,1,16.25,16.25,Website,15.0
2022-03-17,44,1066,4878.0,1,49.78,49.78,Store,0.0
2022-01-28,34,1197,3902.0,4,13.18,52.72,MobileApp,25.0
2022-11-09,14,1059,2014.0,2,21.23,42.46,Store,0.0
2024-04-11,37,1197,1532.0,3,17.58,52.74,Store,0.0
2023-02-12,43,1066,3887.0,5,42.31,211.55,MobileApp,15.0
2021-01-10,43,1090,3879.0,2,31.06,62.12,Website,15.0
2025-09-23,39,1007,2215.0,4,67.26,269.04,Store,0.0
2021-08-16,25,1140,,6,35.85,215.1,Store,0.0
2025-06-11,10,1111,2589.0,2,12.56,25.12,Website,0.0
2023-07-13,26,1148,,6,42.89,257.34,MobileApp,20.0
2022-07-03,25,1103,4939.0,6,38.39,230.34,Website,0.0
2024-08-02,49,1129,2341.0,4,137.56,550.24,Amazon.ae,10.0
2022-09-05,38,1157,358.0,2,14.63,29.26,Store,0.0
2024-02-14,24,1092,4309.0,3,28.19,84.57,Website,0.0
2022-02-08,10,1033,,5,24.33,121.65,Website,25.0
2025-01-16,47,1153,1556.0,2,136.61,273.22,Website,15.0
2021-08-03,6,1089,4033.0,2,65.95,131.9,Website,0.0
2024-12-05,49,1174,,4,240.85,963.4,Amazon.ae,0.0
2021-12-12,50,1047,3356.0,3,36.11,108.33,Store,0.0
2023-07-25,25,1045,3155.0,2,112.97,225.94,MobileApp,20.0
2021-06-15,30,1090,4399.0,1,36.54,36.54,Store,0.0
2023-11-18,3,1170,,2,21.3,42.6,Store,0.0
2023-02-07,7,1037,,1,151.78,151.78,Amazon.ae,15.0
2025-02-12,12,1022,1644.0,3,46.6,139.8,Website,15.0
2021-03-17,14,1065,3371.0,1,177.83,177.83,Store,0.0
2023-02-16,19,1189,,1,66.29,66.29,Store,15.0
2023-07-05,9,1158,4528.0,1,5.82,5.82,Website,20.0
2021-05-14,31,1019,4033.0,5,169.49,847.45,MobileApp,20.0
2024-05-30,30,1086,4600.0,1,15.06,15.06,MobileApp,0.0
2024-06-06,5,1083,,1,13.88,13.88,Store,0.0
2022-08-24,41,1052,4060.0,1,16.68,16.68,Website,0.0
2022-04-30,21,1072,513.0,2,238.26,476.52,Store,0.0
2024-03-28,41,1166,3612.0,5,41.92,209.6,Website,15.0
2023-06-07,4,1107,1994.0,3,160.77,482.31,MobileApp,0.0
2022-01-05,24,1108,48.0,1,39.32,39.32,Website,0.0
2024-08-19,15,1050,2515.0,3,16.06,48.18,MobileApp,10.0
2023-07-26,4,1034,4327.0,5,46.05,230.25,Store,20.0
2022-07-05,47,1196,,1,26.95,26.95,Store,10.0
2023-10-04,20,1102,,2,21.54,43.08,MobileApp,0.0
2023-05-17,29,1040,,2,84.68,169.36,Store,0.0
2023-08-02,25,1082,436.0,1,35.73,35.73,Website,20.0
2022-04-29,50,1146,825.0,4,15.22,60.88,Website,25.0
2024-10-17,22,1004,3639.0,2,24.82,49.64,Website,0.0
2024-09-24,10,1026,,1,5.7,5.7,Amazon.ae,0.0
2025-03-07,45,1083,4018.0,1,9.72,9.72,Website,30.0
2024-06-30,23,1144,4730.0,1,14.46,14.46,Amazon.ae,0.0
2024-06-13,21,1159,2852.0,4,178.08,712.32,Store,0.0
2022-12-11,33,1070,1082.0,2,42.19,84.38,Website,0.0
2022-04-15,28,1194,2732.0,3,7.22,21.66,Noon,25.0
2022-10-31,6,1179,4867.0,2,28.84,57.68,MobileApp,0.0
2024-02-16,36,1058,,5,45.07,225.35,MobileApp,0.0
2021-08-02,46,1123,277.0,1,9.82,9.82,Website,0.0
2023-12-02,15,1018,,5,55.16,275.8,Website,0.0
2023-06-03,24,1010,,1,16.43,16.43,Store,0.0
2024-04-20,30,1008,4027.0,2,43.94,87.88,MobileApp,0.0
2021-01-28,39,1138,3635.0,4,39.34,157.36,Store,15.0
2024-02-16,4,1042,2455.0,2,44.9,89.8,Amazon.ae,0.0
2022-02-26,30,1096,690.0,5,84.97,424.85,Store,25.0
2025-03-21,16,1064,,5,17.68,88.4,Store,0.0
2021-09-14,39,1020,,3,9.96,29.88,Store,0.0
2024-07-27,30,1038,723.0,2,89.35,178.7,Store,10.0
2022-03-13,9,1165,,1,17.3,17.3,Amazon.ae,0.0
2021-06-16,27,1026,323.0,1,5.7,5.7,MobileApp,0.0
2025-07-19,3,1161,,1,82.66,82.66,MobileApp,0.0
2024-04-22,9,1164,3251.0,2,196.24,392.48,Website,0.0
2021-08-07,37,1184,,1,22.41,22.41,MobileApp,0.0
2023-03-25,44,1118,,3,23.7,71.1,Website,0.0
2022-03-18,27,1172,1504.0,2,113.45,226.9,Website,0.0
2022-04-14,36,1126,3487.0,5,25.7,128.5,MobileApp,0.0
2022-10-28,28,1116,2428.0,1,78.12,78.12,Store,0.0
2022-04-02,26,1057,4560.0,6,26.94,161.64,MobileApp,0.0
2023-10-01,15,1042,,2,44.9,89.8,Website,0.0
2023-03-08,26,1193,1835.0,1,13.87,13.87,Store,0.0
2022-01-06,1,1042,678.0,5,33.67,168.35,Website,25.0
2024-04-07,49,1181,847.0,1,38.61,38.61,Store,0.0
2021-01-16,24,1104,,1,17.95,17.95,Store,15.0
2024-02-24,28,1055,,1,9.47,9.47,MobileApp,15.0
2021-11-28,17,1017,,1,43.23,43.23,Store,0.0
2021-08-23,18,1097,209.0,1,2.35,2.35,Store,10.0
2025-01-23,5,1095,275.0,2,20.92,41.84,Store,0.0
2023-11-28,25,1104,1977.0,2,21.12,42.24,MobileApp,0.0
2025-02-03,23,1144,1792.0,1,12.29,12.29,Website,15.0
2025-08-08,3,1198,3728.0,4,25.91,103.64,Noon,0.0
2024-06-30,11,1179,2860.0,3,28.84,86.52,Store,0.0
2022-03-15,39,1065,3704.0,2,177.83,355.66,Website,0.0
2021-05-16,45,1191,4896.0,1,9.9,9.9,Website,0.0
2021-09-25,19,1072,2627.0,1,238.26,238.26,Store,0.0
2024-08-29,8,1031,363.0,2,15.27,30.54,Store,0.0
2024-11-12,10,1188,2610.0,1,20.38,20.38,Store,0.0
2025-08-16,28,1182,,2,12.62,25.24,Store,10.0
2022-05-16,44,1118,4131.0,1,23.7,23.7,Store,0.0
2022-12-22,8,1002,4350.0,1,13.73,13.73,MobileApp,0.0
2021-11-09,23,1151,4076.0,2,142.73,285.46,Website,0.0
2022-11-17,30,1020,3356.0,1,9.96,9.96,MobileApp,0.0
2025-03-21,38,1074,1376.0,4,62.67,250.68,MobileApp,0.0
2021-12-09,35,1122,1637.0,2,31.6,63.2,Store,0.0
2025-02-07,16,1136,,1,60.29,60.29,Amazon.ae,0.0
2021-02-22,5,1011,,1,20.37,20.37,Store,0.0
2024-04-22,47,1026,3499.0,1,5.7,5.7,Store,0.0
2023-05-13,49,1182,255.0,4,14.02,56.08,Store,0.0
2025-10-07,7,1096,,2,113.29,226.58,Website,0.0
2023-05-31,47,1041,498.0,2,13.76,27.52,Store,0.0
2024-08-11,43,1167,843.0,4,44.15,176.6,Amazon.ae,0.0
2024-05-24,36,1082,4105.0,1,44.66,44.66,MobileApp,0.0
2021-01-16,10,1104,1010.0,5,17.95,89.75,Store,15.0
2024-12-04,30,1034,3029.0,2,57.56,115.12,Store,0.0
2022-10-16,34,1081,2279.0,3,10.06,30.18,Website,0.0
2022-12-21,30,1171,1616.0,1,41.67,41.67,Store,0.0
2022-08-29,32,1195,,3,20.92,62.76,Store,0.0
2021-10-14,8,1053,,2,11.65,23.3,Website,0.0
2021-08-03,44,1044,1168.0,4,19.61,78.44,Store,10.0
2021-01-03,6,1091,2697.0,1,8.74,8.74,Store,0.0
2024-09-19,6,1184,4108.0,3,22.41,67.23,MobileApp,0.0
2022-03-23,2,1051,493.0,2,71.35,142.7,Website,0.0
2022-04-03,36,1127,2247.0,4,15.32,61.28,Website,25.0
2023-07-12,8,1136,3079.0,5,60.29,301.45,Website,0.0
2022-02-12,41,1089,4842.0,1,49.46,49.46,Website,25.0
2024-09-09,14,1058,3918.0,2,45.07,90.14,Store,0.0
2022-04-21,18,1141,3425.0,4,6.34,25.36,Store,25.0
2021-04-12,18,1188,3919.0,2,20.38,40.76,Store,0.0
2021-05-02,17,1066,324.0,5,37.34,186.7,Amazon.ae,25.0
2024-08-31,49,1078,1877.0,3,161.76,485.28,MobileApp,10.0
2024-01-25,1,1137,2092.0,5,6.72,33.6,Amazon.ae,0.0
2024-12-27,46,1116,3508.0,2,78.12,156.24,Website,0.0
2025-02-28,38,1093,1697.0,3,6.78,20.34,Amazon.ae,15.0
2025-10-13,16,1109,1685.0,3,36.39,109.17,Website,0.0
2022-12-21,7,1195,4153.0,1,20.92,20.92,Website,0.0
2024-09-18,6,1068,2700.0,1,95.09,95.09,MobileApp,0.0
2023-05-04,27,1092,,1,28.19,28.19,Store,0.0
2022-10-29,23,1172,734.0,1,113.45,113.45,Store,0.0
2021-01-02,32,1192,,3,18.67,56.01,Amazon.ae,15.0
2021-05-10,17,1170,1454.0,3,15.98,47.94,Website,25.0
2025-07-18,41,1072,4090.0,2,214.43,428.86,Store,10.0
2024-09-25,9,1167,2351.0,2,44.15,88.3,MobileApp,0.0
2025-05-16,46,1033,3564.0,3,32.44,97.32,Store,0.0
2021-01-02,32,1109,,3,30.93,92.79,Store,15.0
2023-01-14,10,1093,3925.0,5,6.78,33.9,Website,15.0
2025-08-31,45,1160,2184.0,4,5.56,22.24,Website,10.0
2022-07-21,4,1048,3697.0,5,12.48,62.4,Website,10.0
2022-06-07,14,1197,,3,17.58,52.74,Store,0.0
2022-05-09,26,1053,,2,11.65,23.3,MobileApp,0.0
2024-02-11,17,1196,,4,29.94,119.76,Store,0.0
2025-04-14,43,1081,821.0,4,10.06,40.24,Store,0.0
2025-05-29,37,1125,2738.0,2,26.97,53.94,Store,0.0
2021-11-28,48,1068,,1,66.56,66.56,Website,30.0
2025-08-11,12,1084,,6,43.1,258.6,Website,10.0
2024-09-28,16,1160,168.0,3,6.18,18.54,Website,0.0
2024-08-08,26,1042,4425.0,2,40.41,80.82,Website,10.0
2024-04-14,1,1118,,2,23.7,47.4,MobileApp,0.0
2021-01-25,9,1174,541.0,4,240.85,963.4,Store,0.0
2024-01-04,43,1181,395.0,1,38.61,38.61,Website,0.0
2021-08-09,50,1189,2812.0,3,77.99,233.97,MobileApp,0.0
2025-08-11,36,1078,3547.0,2,161.76,323.52,Website,10.0
2021-05-11,42,1088,270.0,2,21.16,42.32,Website,0.0
2022-09-18,7,1181,2592.0,1,38.61,38.61,Website,0.0
2021-01-25,48,1148,240.0,2,45.57,91.14,Amazon.ae,15.0
2024-01-04,31,1051,3059.0,5,60.65,303.25,Website,15.0
2025-05-22,47,1140,,4,35.85,143.4,Store,0.0
2023-02-15,33,1105,4257.0,6,14.48,86.88,MobileApp,15.0
2022-12-30,23,1021,220.0,4,28.83,115.32,Store,0.0
2024-06-26,10,1139,,1,22.71,22.71,Store,0.0
2023-03-11,4,1161,2930.0,2,82.66,165.32,Store,0.0
2022-08-24,41,1134,3381.0,2,13.83,27.66,Website,0.0
2024-01-23,32,1100,,5,15.48,77.4,Website,15.0
2022-11-13,1,1020,,3,9.96,29.88,Store,0.0
2024-02-26,46,1034,1886.0,6,48.93,293.58,Website,15.0
2024-12-20,6,1190,4249.0,1,20.26,20.26,Store,0.0
2022-05-01,47,1132,3532.0,1,26.08,26.08,Website,25.0
2024-06-19,21,1117,2561.0,5,9.94,49.7,MobileApp,0.0
2025-02-03,11,1004,2424.0,3,21.1,63.3,Amazon.ae,15.0
2023-01-20,48,1047,1309.0,5,36.11,180.55,MobileApp,0.0
2024-02-21,5,1199,3983.0,2,195.41,390.82,Store,15.0
2021-01-10,36,1083,,1,11.8,11.8,Website,15.0
2022-05-01,12,1017,4803.0,2,32.42,64.84,Store,25.0
2021-01-12,15,1013,4888.0,5,30.29,151.45,Amazon.ae,15.0
2022-06-04,1,1200,3700.0,2,7.49,14.98,Store,0.0
2021-02-03,3,1122,694.0,3,31.6,94.8,Website,0.0
2024-05-13,3,1195,,2,20.92,41.84,Website,0.0
2022-07-12,42,1158,1587.0,3,6.54,19.62,Website,10.0
2025-07-31,23,1194,2646.0,6,8.67,52.02,Store,10.0
2025-05-13,23,1184,,1,22.41,22.41,Store,0.0
2022-08-30,4,1015,,2,27.13,54.26,MobileApp,0.0
2022-01-13,42,1187,,6,71.35,428.1,Amazon.ae,0.0
2021-08-14,43,1176,,1,6.15,6.15,MobileApp,10.0
2021-09-27,25,1005,2968.0,4,17.7,70.8,Website,0.0
2022-06-01,40,1154,4871.0,4,15.89,63.56,Store,0.0
2022-12-25,45,1044,1966.0,4,21.79,87.16,MobileApp,0.0
2025-01-08,34,1131,4600.0,5,23.47,117.35,MobileApp,0.0
2021-08-11,12,1176,2369.0,4,6.15,24.6,Amazon.ae,10.0
2025-08-16,17,1035,2961.0,1,245.38,245.38,MobileApp,0.0
2021-06-22,18,1079,,1,5.2,5.2,Amazon.ae,0.0
2025-01-21,36,1186,,2,4.64,9.28,Website,15.0
2024-07-16,18,1172,4226.0,2,102.1,204.2,Website,10.0
2021-06-12,5,1111,4849.0,1,12.56,12.56,Website,0.0
2025-04-04,12,1133,4553.0,4,33.85,135.4,Amazon.ae,0.0
2021-12-26,20,1177,804.0,1,2.84,2.84,Website,0.0
2025-04-03,31,1045,,1,141.21,141.21,Store,0.0
2023-03-24,44,1109,1231.0,2,29.11,58.22,Amazon.ae,20.0
2022-02-26,49,1082,3955.0,2,33.49,66.98,Website,25.0
2024-02-11,18,1027,2363.0,4,5.14,20.56,Amazon.ae,15.0
2023-05-24,6,1196,3159.0,3,29.94,89.82,Website,0.0
2021-04-07,44,1197,3681.0,2,17.58,35.16,Store,0.0
2022-08-15,10,1005,2353.0,3,17.7,53.1,Website,0.0
2021-06-14,10,1179,1342.0,1,28.84,28.84,MobileApp,0.0
2021-05-13,29,1019,2722.0,5,211.86,1059.3,MobileApp,0.0
2025-07-31,24,1008,4235.0,2,43.94,87.88,Website,0.0
2021-07-23,11,1178,160.0,1,21.55,21.55,Website,10.0
2022-01-30,43,1045,2597.0,1,105.91,105.91,Store,25.0
2023-07-23,27,1168,,4,15.3,61.2,Store,20.0
2025-09-11,8,1009,,3,90.95,272.85,Website,0.0
2021-04-23,34,1191,,5,9.9,49.5,Store,0.0
2024-09-29,24,1011,3773.0,1,20.37,20.37,Store,0.0
2021-11-16,6,1044,3860.0,4,21.79,87.16,Website,0.0
2021-08-01,29,1065,4055.0,3,177.83,533.49,Noon,0.0
2024-11-26,45,1172,2475.0,1,113.45,113.45,Noon,0.0
2021-09-29,37,1098,,1,103.53,103.53,Store,0.0
2021-02-01,49,1188,270.0,2,17.32,34.64,MobileApp,15.0
2022-06-18,2,1123,,1,9.82,9.82,Store,0.0
2024-06-28,8,1019,,1,211.86,211.86,MobileApp,0.0
2022-09-13,19,1145,2982.0,1,11.46,11.46,Store,0.0
2023-08-16,20,1101,,4,24.92,99.68,Store,0.0
2025-03-02,11,1190,,1,20.26,20.26,Store,0.0
2025-06-27,41,1034,4540.0,1,57.56,57.56,Store,0.0
2023-12-17,14,1199,,1,229.89,229.89,MobileApp,0.0
2023-03-20,34,1105,3959.0,1,17.04,17.04,Website,0.0
2024-08-19,12,1084,,5,43.1,215.5,Amazon.ae,10.0
2025-09-22,34,1175,148.0,4,59.84,239.36,Store,0.0
2021-04-15,25,1164,681.0,6,196.24,1177.44,Amazon.ae,0.0
2021-09-29,24,1157,,1,14.63,14.63,Website,0.0
2021-07-23,2,1134,3439.0,1,12.45,12.45,Store,10.0
2024-05-25,36,1095,3720.0,3,20.92,62.76,Amazon.ae,0.0
2025-06-20,6,1007,,3,67.26,201.78,Store,0.0
2024-06-17,39,1042,,5,31.43,157.15,MobileApp,30.0
2023-06-19,30,1151,4698.0,2,142.73,285.46,Store,0.0
2025-07-25,49,1087,,6,9.42,56.52,Store,0.0
2023-04-30,41,1128,3565.0,3,26.58,79.74,Store,0.0
2023-10-01,28,1038,4071.0,2,99.28,198.56,Store,0.0
2024-08-29,13,1048,4808.0,1,12.48,12.48,Store,10.0
2022-08-13,32,1046,1133.0,3,52.37,157.11,Store,10.0
2024-01-30,46,1076,3564.0,6,22.42,134.52,Website,0.0
2024-08-31,33,1169,2013.0,3,5.48,16.44,Website,10.0
2022-10-09,12,1119,,1,36.07,36.07,Website,0.0
2024-06-12,7,1178,104.0,2,23.94,47.88,Website,0.0
2024-06-22,22,1067,18.0,4,49.57,198.28,Store,0.0
2023-01-16,19,1107,815.0,1,160.77,160.77,Store,0.0
2022-11-28,45,1145,,3,11.46,34.38,Website,0.0
2021-12-26,8,1130,2355.0,1,16.86,16.86,Store,0.0
2021-02-02,36,1074,4067.0,4,62.67,250.68,Website,0.0
2024-02-17,37,1196,,4,25.45,101.8,Amazon.ae,15.0
2024-11-13,12,1003,,2,12.0,24.0,Store,0.0
2021-11-25,25,1074,,1,62.67,62.67,Website,0.0
2023-03-27,49,1165,,3,17.3,51.9,MobileApp,0.0
2023-06-23,48,1036,841.0,1,89.48,89.48,Store,0.0
2025-08-22,24,1039,3656.0,2,23.32,46.64,Website,10.0
2022-07-17,41,1165,,6,17.3,103.8,Store,0.0
2021-12-22,21,1157,3185.0,1,14.63,14.63,MobileApp,0.0
2021-11-02,19,1111,1539.0,2,12.56,25.12,MobileApp,0.0
2025-09-05,8,1110,2379.0,2,18.41,36.82,Store,0.0
2025-10-06,17,1141,3196.0,2,8.45,16.9,Store,0.0
2025-02-16,44,1134,2741.0,5,13.83,69.15,Website,0.0
2023-05-21,11,1119,4074.0,1,36.07,36.07,Store,0.0
2024-02-05,6,1180,3334.0,5,7.14,35.7,Store,15.0
2021-08-14,19,1073,1235.0,5,108.34,541.7,Website,10.0
2021-01-17,37,1180,279.0,3,7.14,21.42,Amazon.ae,15.0
2021-02-10,4,1081,1391.0,1,8.55,8.55,Store,15.0
2025-03-08,46,1066,4234.0,4,34.85,139.4,Website,30.0
2021-08-16,40,1041,677.0,4,12.38,49.52,Amazon.ae,10.0
2023-05-09,21,1011,,2,20.37,40.74,Store,0.0
2023-04-05,36,1142,4195.0,6,12.51,75.06,MobileApp,20.0
2024-01-28,6,1048,,5,11.79,58.95,Noon,15.0
2021-08-09,3,1021,2173.0,6,25.95,155.7,Amazon.ae,10.0
2021-10-27,4,1150,919.0,3,133.14,399.42,Store,0.0
2022-12-13,28,1008,1566.0,3,43.94,131.82,Store,0.0
2024-09-14,12,1053,3098.0,1,11.65,11.65,MobileApp,0.0
2021-12-11,27,1064,1058.0,1,17.68,17.68,Amazon.ae,0.0
2022-01-15,24,1080,,5,22.25,111.25,Website,0.0
2021-03-26,28,1147,2273.0,1,20.74,20.74,Website,0.0
2024-09-17,26,1157,3410.0,4,14.63,58.52,Noon,0.0
2021-08-28,9,1094,658.0,3,21.15,63.45,Store,10.0
2024-01-06,14,1128,3183.0,1,26.58,26.58,Store,0.0
2024-05-31,6,1058,,1,45.07,45.07,Amazon.ae,0.0
2023-03-25,43,1098,3103.0,2,103.53,207.06,Store,0.0
2025-07-23,50,1049,1864.0,2,106.34,212.68,MobileApp,10.0
2024-02-08,40,1183,,5,113.72,568.6,MobileApp,15.0
2022-10-13,31,1150,,1,133.14,133.14,Website,0.0
2021-02-20,13,1137,4200.0,3,5.71,17.13,Store,15.0
2025-05-31,45,1132,1682.0,1,34.78,34.78,Store,0.0
2021-06-05,39,1037,,1,178.57,178.57,Store,0.0
2025-08-06,29,1054,3376.0,3,8.87,26.61,Amazon.ae,10.0
2022-10-06,42,1072,4288.0,2,238.26,476.52,MobileApp,0.0
2024-07-20,31,1040,1750.0,3,76.21,228.63,Amazon.ae,10.0
2022-03-30,14,1151,3587.0,2,142.73,285.46,Amazon.ae,0.0
2025-01-15,10,1101,2670.0,2,21.18,42.36,Website,15.0
2025-03-30,13,1080,3329.0,5,22.25,111.25,Website,0.0
2024-08-31,33,1094,,1,21.15,21.15,Store,10.0
2021-07-12,37,1064,1325.0,1,17.68,17.68,Amazon.ae,0.0
2021-02-10,38,1042,1853.0,5,38.16,190.8,MobileApp,15.0
2021-04-02,29,1148,3730.0,2,53.61,107.22,Store,0.0
2023-02-25,17,1170,,4,18.1,72.4,Noon,15.0
2025-01-05,14,1075,,2,13.37,26.74,Store,0.0
2024-05-19,28,1177,,2,2.84,5.68,Store,0.0
2025-07-07,25,1075,3336.0,1,12.03,12.03,MobileApp,10.0
2021-09-03,18,1040,,2,84.68,169.36,Amazon.ae,0.0
2024-01-11,14,1052,626.0,1,16.68,16.68,Amazon.ae,0.0
2025-07-03,9,1154,3671.0,1,14.3,14.3,Website,10.0
2022-01-03,15,1146,3300.0,4,20.29,81.16,Store,0.0
2022-03-31,16,1090,2277.0,4,36.54,146.16,Website,0.0
2024-08-16,2,1065,4432.0,1,177.83,177.83,MobileApp,0.0
2023-10-22,42,1136,3244.0,2,60.29,120.58,Amazon.ae,0.0
2022-06-02,5,1169,4739.0,4,6.09,24.36,Store,0.0
2021-07-03,22,1017,3617.0,1,38.91,38.91,Amazon.ae,10.0
2022-04-05,37,1168,,1,14.34,14.34,Noon,25.0
2023-07-24,17,1049,3648.0,2,118.16,236.32,Website,0.0
2024-05-11,20,1022,3887.0,2,54.82,109.64,Store,0.0
2025-06-08,47,1123,,6,7.36,44.16,Website,25.0
2023-08-14,15,1106,2326.0,3,9.02,27.06,Store,20.0
2022-01-23,41,1058,,2,33.8,67.6,MobileApp,25.0
2024-02-08,46,1142,,1,13.29,13.29,Noon,15.0
2024-06-09,16,1166,3914.0,2,49.32,98.64,Store,0.0
2023-01-17,31,1152,4889.0,3,45.85,137.55,Website,15.0
2024-04-08,12,1002,3296.0,6,13.73,82.38,MobileApp,0.0
2025-05-01,4,1098,2580.0,2,103.53,207.06,Store,0.0
2022-06-16,19,1016,,3,19.44,58.32,Store,0.0
2025-06-09,35,1005,,5,17.7,88.5,Amazon.ae,0.0
2023-04-15,38,1164,,4,156.99,627.96,Website,20.0
2023-12-22,49,1106,,3,11.28,33.84,Noon,0.0
2023-01-20,17,1176,,3,6.83,20.49,Store,0.0
2021-02-19,20,1047,972.0,1,30.69,30.69,Store,15.0
2021-02-22,28,1149,,1,103.58,103.58,Website,0.0
2021-05-25,8,1093,,2,7.98,15.96,MobileApp,0.0
2023-12-20,14,1045,,2,141.21,282.42,Website,0.0
2024-09-30,23,1118,7.0,4,23.7,94.8,Store,0.0
2021-02-10,49,1014,3306.0,4,6.66,26.64,Website,15.0
2024-09-27,29,1171,4765.0,2,41.67,83.34,Store,0.0
2025-10-26,28,1157,648.0,2,14.63,29.26,Store,0.0
2023-04-24,48,1193,,1,13.87,13.87,Store,0.0
2023-01-07,30,1041,,5,11.7,58.5,Amazon.ae,15.0
2024-02-08,1,1061,,1,53.82,53.82,Store,0.0
2023-08-03,43,1179,1391.0,2,28.84,57.68,Amazon.ae,0.0
2023-03-29,44,1189,2512.0,5,62.39,311.95,Store,20.0
2022-08-27,14,1080,2184.0,4,20.03,80.12,Amazon.ae,10.0
2021-12-04,43,1128,1975.0,2,26.58,53.16,Store,0.0
2025-01-02,20,1122,3819.0,1,26.86,26.86,Website,15.0
2021-12-07,28,1187,1253.0,2,71.35,142.7,Store,0.0
2023-05-04,37,1112,2342.0,1,10.38,10.38,MobileApp,0.0
2021-06-12,20,1119,,1,36.07,36.07,Website,0.0
2023-01-14,46,1125,2724.0,2,26.97,53.94,MobileApp,0.0
2022-05-01,36,1199,,4,229.89,919.56,Store,0.0
2024-06-06,8,1011,4853.0,2,20.37,40.74,MobileApp,0.0
2023-02-12,21,1199,4674.0,1,195.41,195.41,Website,15.0
2024-12-02,41,1013,3317.0,2,30.29,60.58,Website,15.0
2021-01-01,7,1177,4731.0,3,2.41,7.23,Store,15.0
2024-01-07,45,1026,1662.0,6,4.84,29.04,Website,15.0
2021-02-04,36,1020,3493.0,6,9.96,59.76,Store,0.0
2021-10-01,43,1075,4947.0,2,13.37,26.74,Store,0.0
2021-09-22,41,1195,,1,20.92,20.92,Website,0.0
2022-05-21,25,1001,2929.0,3,164.56,493.68,Store,0.0
2025-09-14,50,1133,2400.0,1,33.85,33.85,MobileApp,0.0
2022-03-30,36,1036,3636.0,2,89.48,178.96,MobileApp,0.0
2021-04-18,1,1112,4356.0,1,7.78,7.78,Store,25.0
2022-04-18,47,1172,,5,85.09,425.45,Noon,25.0
2022-11-12,31,1030,,1,22.04,22.04,Store,0.0
2023-04-10,26,1040,1311.0,1,67.74,67.74,Amazon.ae,20.0
2024-12-25,11,1041,3515.0,1,13.76,13.76,Store,0.0
2023-05-13,34,1148,4589.0,1,53.61,53.61,Store,0.0
2024-07-01,45,1104,,2,19.01,38.02,Store,10.0
2023-11-02,11,1045,3954.0,2,141.21,282.42,Store,0.0
2023-06-19,37,1162,4185.0,3,26.4,79.2,Website,0.0
2023-03-05,27,1086,1963.0,1,15.06,15.06,Store,0.0
2023-02-17,25,1014,,4,6.66,26.64,Store,15.0
2024-04-11,34,1026,3820.0,4,5.7,22.8,Store,0.0
2025-10-08,27,1004,1848.0,2,24.82,49.64,Store,0.0
2021-06-21,26,1163,,1,37.39,37.39,MobileApp,0.0
2024-03-29,32,1041,4043.0,1,13.76,13.76,Website,0.0
2023-09-29,7,1196,2524.0,2,29.94,59.88,Website,0.0
2023-12-23,6,1051,,1,71.35,71.35,Website,0.0
2025-01-28,36,1131,,3,23.47,70.41,Website,0.0
2025-06-28,4,1059,,2,21.23,42.46,Amazon.ae,0.0
2024-05-25,5,1152,,1,53.94,53.94,MobileApp,0.0
2024-12-10,26,1003,1852.0,3,12.0,36.0,Store,0.0
2021-01-12,36,1079,,3,4.42,13.26,Store,15.0
2022-04-22,42,1173,4786.0,2,122.68,245.36,Amazon.ae,25.0
2024-04-29,36,1158,251.0,3,7.27,21.81,Website,0.0
2025-02-08,45,1138,,5,46.28,231.4,Website,0.0
2022-01-04,33,1026,501.0,5,5.7,28.5,Store,0.0
2025-03-04,12,1050,1679.0,2,12.49,24.98,Store,30.0
2023-10-17,12,1135,4917.0,2,50.49,100.98,Noon,0.0
2024-11-11,4,1175,1017.0,3,59.84,179.52,Store,0.0
2024-11-18,6,1140,,3,35.85,107.55,Noon,0.0
2024-06-23,36,1183,,1,133.79,133.79,MobileApp,0.0
2021-05-11,14,1106,,5,8.46,42.3,Store,25.0
2021-03-21,28,1119,1064.0,3,36.07,108.21,Store,0.0
2023-08-11,36,1115,,1,35.38,35.38,Website,20.0
2021-02-05,36,1099,4863.0,2,42.36,84.72,Website,15.0
2021-11-23,36,1182,497.0,3,14.02,42.06,Store,0.0
2022-05-20,10,1108,2290.0,1,39.32,39.32,MobileApp,0.0
2025-02-24,19,1091,2752.0,1,8.74,8.74,Amazon.ae,0.0
2021-10-02,7,1137,1693.0,2,6.72,13.44,Website,0.0
2024-01-12,16,1170,2432.0,2,18.1,36.2,Noon,15.0
2024-02-01,8,1091,,3,8.74,26.22,Store,0.0
2021-12-12,2,1132,4861.0,1,34.78,34.78,Store,0.0
2023-12-03,33,1059,185.0,6,18.05,108.3,Website,15.0
2022-02-26,38,1162,261.0,1,19.8,19.8,Store,25.0
2025-08-21,43,1143,370.0,1,15.49,15.49,Store,10.0
2023-05-18,39,1135,,1,50.49,50.49,Store,0.0
2023-08-27,48,1028,4012.0,3,41.78,125.34,Store,0.0
2025-05-03,11,1069,105.0,4,38.3,153.2,Amazon.ae,0.0
2025-02-10,18,1027,2715.0,2,5.14,10.28,Website,15.0
2023-09-18,2,1050,4921.0,1,17.84,17.84,Store,0.0
2025-01-20,15,1138,2369.0,3,39.34,118.02,Store,15.0
2024-05-20,49,1059,2452.0,4,21.23,84.92,Website,0.0
2023-06-28,36,1106,1841.0,1,11.28,11.28,Store,0.0
2025-05-04,12,1008,79.0,2,43.94,87.88,Store,0.0
2023-05-28,16,1183,2429.0,1,133.79,133.79,Store,0.0
2024-05-11,5,1174,1381.0,4,240.85,963.4,Store,0.0
2021-04-29,49,1083,491.0,1,10.41,10.41,Noon,25.0
2021-03-22,33,1076,3769.0,4,22.42,89.68,Store,0.0
2022-08-09,13,1093,4593.0,2,7.18,14.36,Amazon.ae,10.0
2021-06-06,42,1160,595.0,3,6.18,18.54,Amazon.ae,0.0
2024-02-05,16,1183,3625.0,1,133.79,133.79,Website,0.0
2023-04-09,31,1099,2576.0,3,39.87,119.61,MobileApp,20.0
2021-08-04,45,1169,,2,6.09,12.18,Website,0.0
2021-05-22,14,1178,4809.0,1,23.94,23.94,MobileApp,0.0
2025-06-18,31,1093,1802.0,2,7.98,15.96,MobileApp,0.0
2024-02-05,50,1047,3303.0,3,36.11,108.33,Amazon.ae,0.0
2022-06-27,1,1038,,3,99.28,297.84,Store,0.0
2025-09-19,28,1038,1698.0,3,99.28,297.84,MobileApp,0.0
2021-11-02,19,1029,1856.0,1,27.9,27.9,Store,0.0
2024-04-12,16,1099,2645.0,5,39.87,199.35,Amazon.ae,20.0
2024-01-09,44,1103,1727.0,6,38.39,230.34,Store,0.0
2021-05-25,18,1112,4419.0,2,10.38,20.76,Store,0.0
2022-01-13,30,1147,3715.0,3,15.56,46.68,Amazon.ae,25.0
2022-07-02,36,1160,4930.0,2,5.56,11.12,Store,10.0
2021-08-02,8,1088,,2,21.16,42.32,Store,0.0
2023-01-24,28,1162,4202.0,2,22.44,44.88,MobileApp,15.0
2023-07-08,34,1126,1934.0,5,20.56,102.8,Store,20.0
2023-05-20,6,1006,,2,12.62,25.24,Store,0.0
2025-01-16,10,1071,1248.0,3,5.49,16.47,Amazon.ae,0.0
2022-12-17,45,1143,2534.0,1,17.21,17.21,Store,0.0
2023-11-21,20,1023,,3,60.82,182.46,Store,0.0
2021-05-22,42,1051,1216.0,2,71.35,142.7,Store,0.0
2022-08-14,31,1135,4972.0,1,50.49,50.49,Website,0.0
2024-09-28,42,1107,4238.0,3,160.77,482.31,Store,0.0
2025-09-07,38,1173,4383.0,2,163.58,327.16,MobileApp,0.0
2023-11-05,15,1084,4821.0,2,47.89,95.78,Store,0.0
2023-03-19,31,1037,,2,178.57,357.14,Store,0.0
2025-04-14,12,1081,1318.0,1,10.06,10.06,Store,0.0
2022-08-13,28,1161,2113.0,2,82.66,165.32,Store,0.0
2023-09-06,28,1167,3495.0,1,44.15,44.15,MobileApp,0.0
2022-06-16,1,1096,292.0,1,113.29,113.29,Store,0.0
2023-10-01,46,1180,1484.0,2,8.4,16.8,Store,0.0
2025-06-09,18,1033,1318.0,5,32.44,162.2,MobileApp,0.0
2023-08-31,29,1113,2932.0,1,20.23,20.23,Amazon.ae,20.0
2025-05-19,38,1181,4158.0,1,38.61,38.61,Store,0.0
2025-02-09,34,1168,,1,19.12,19.12,Amazon.ae,0.0
2023-04-06,15,1089,,2,52.76,105.52,Store,20.0
2023-01-19,25,1165,1536.0,1,14.7,14.7,MobileApp,15.0
2024-12-01,11,1118,4674.0,5,23.7,118.5,Website,0.0
2024-07-14,9,1043,4337.0,2,21.1,42.2,Website,10.0
2021-05-26,45,1195,3427.0,1,20.92,20.92,Store,0.0
2022-12-29,6,1199,,3,229.89,689.67,Website,0.0
2023-01-08,4,1021,,5,28.83,144.15,Store,0.0
2023-11-28,14,1148,,1,53.61,53.61,Store,0.0
2021-06-03,23,1128,,1,26.58,26.58,MobileApp,0.0
2025-06-17,11,1067,3336.0,2,49.57,99.14,Store,0.0
2023-03-11,31,1019,,3,211.86,635.58,Amazon.ae,0.0
2024-02-02,17,1164,3349.0,3,166.8,500.4,Store,15.0
2024-08-24,7,1112,762.0,1,10.38,10.38,Website,0.0
2022-02-19,27,1068,1615.0,3,95.09,285.27,Website,0.0
2021-06-08,16,1097,4443.0,1,2.61,2.61,Store,0.0
2021-12-11,1,1093,3378.0,2,7.98,15.96,Store,0.0
2024-01-14,1,1127,,2,17.37,34.74,Store,15.0
2023-01-01,15,1126,1773.0,5,21.84,109.2,Website,15.0
2023-06-12,37,1060,3664.0,4,37.82,151.28,Store,0.0
2021-10-02,29,1193,1988.0,1,13.87,13.87,Store,0.0
2024-01-19,50,1165,4555.0,4,17.3,69.2,MobileApp,0.0
2023-02-10,45,1004,2705.0,1,21.1,21.1,Store,15.0
2024-04-04,23,1071,,6,5.49,32.94,Amazon.ae,0.0
2023-02-28,20,1112,,4,8.82,35.28,Store,15.0
2025-01-18,34,1013,1128.0,4,35.63,142.52,Store,0.0
2021-09-28,42,1090,1179.0,1,36.54,36.54,Store,0.0
2025-08-02,7,1018,4945.0,3,55.16,165.48,MobileApp,0.0
2025-03-31,32,1083,2937.0,2,13.88,27.76,Website,0.0
2021-08-13,19,1064,,5,15.91,79.55,Website,10.0
2022-12-29,40,1050,,1,17.84,17.84,Amazon.ae,0.0
2024-05-24,8,1019,,1,211.86,211.86,Store,0.0
2023-07-01,29,1178,4894.0,3,23.94,71.82,Amazon.ae,0.0
2023-03-17,11,1156,810.0,3,33.95,101.85,Noon,0.0
2025-05-15,50,1060,,1,37.82,37.82,Store,0.0
2025-03-02,9,1020,2917.0,3,9.96,29.88,Noon,0.0
2022-10-14,29,1126,4590.0,2,25.7,51.4,Website,0.0
2025-09-01,39,1154,,2,15.89,31.78,Store,0.0
2021-04-30,35,1110,661.0,1,18.41,18.41,Website,0.0
2023-03-29,44,1142,922.0,6,12.51,75.06,Amazon.ae,20.0
2024-02-14,8,1094,3816.0,3,23.5,70.5,Store,0.0
2021-10-02,22,1075,4129.0,1,13.37,13.37,Store,0.0
2024-01-14,37,1155,3096.0,6,22.88,137.28,MobileApp,0.0
2022-09-13,5,1054,,2,9.86,19.72,MobileApp,0.0
2021-06-06,44,1144,,4,14.46,57.84,Store,0.0
2023-09-19,32,1166,326.0,1,49.32,49.32,Website,0.0
2021-06-23,26,1068,3282.0,2,95.09,190.18,Store,0.0
2024-11-16,17,1151,2796.0,1,142.73,142.73,MobileApp,0.0
2024-09-25,44,1088,2808.0,3,21.16,63.48,Store,0.0
2024-01-09,27,1147,,1,17.63,17.63,Store,15.0
2021-02-11,35,1114,3239.0,2,129.56,259.12,Website,15.0
2021-10-08,32,1100,4809.0,1,18.21,18.21,Website,0.0
2024-09-03,40,1179,2656.0,4,28.84,115.36,Store,0.0
2022-06-01,34,1167,,3,44.15,132.45,Website,0.0
2021-10-31,34,1069,1170.0,1,38.3,38.3,Store,0.0
2024-08-13,9,1101,1707.0,5,24.92,124.6,Amazon.ae,0.0
2025-05-30,10,1081,,1,10.06,10.06,Store,0.0
2024-03-11,44,1130,3601.0,2,16.86,33.72,Website,0.0
2021-04-23,25,1035,752.0,2,245.38,490.76,Store,0.0
2025-08-11,2,1001,609.0,4,148.1,592.4,Store,10.0
2022-02-22,32,1056,3967.0,2,4.49,8.98,Amazon.ae,25.0
2022-04-06,12,1125,1338.0,5,26.97,134.85,Amazon.ae,0.0
2023-01-27,12,1149,1506.0,3,103.58,310.74,MobileApp,0.0
2024-06-18,39,1151,,1,99.91,99.91,Store,30.0
2021-01-23,15,1152,,4,53.94,215.76,MobileApp,0.0
2022-05-22,2,1012,1436.0,4,14.1,56.4,Store,0.0
2024-08-17,32,1183,3358.0,1,133.79,133.79,Store,0.0
2021-05-13,20,1057,1779.0,4,26.94,107.76,MobileApp,0.0
2021-08-31,12,1039,,1,23.32,23.32,Website,10.0
2024-08-15,23,1196,3747.0,5,29.94,149.7,Store,0.0
2022-07-21,26,1146,941.0,1,20.29,20.29,Store,0.0
2022-01-16,18,1121,4960.0,5,23.91,119.55,Store,25.0
2022-04-23,2,1010,90.0,3,12.32,36.96,Store,25.0
2022-05-27,22,1134,4076.0,2,13.83,27.66,Store,0.0
2022-06-10,18,1081,1747.0,1,10.06,10.06,Store,0.0
2024-02-02,50,1040,1071.0,5,71.98,359.9,Store,15.0
2023-12-25,28,1117,,3,9.94,29.82,Amazon.ae,0.0
2024-01-14,25,1169,1555.0,4,5.18,20.72,Website,15.0
2025-02-02,4,1013,3924.0,2,30.29,60.58,Website,15.0
2023-06-22,48,1162,2884.0,4,26.4,105.6,Store,0.0
2022-02-06,47,1004,,4,18.62,74.48,MobileApp,25.0
2023-04-27,9,1006,2430.0,3,12.62,37.86,Store,0.0
2023-04-05,2,1097,,2,2.61,5.22,Website,0.0
2022-07-01,36,1116,3480.0,3,70.31,210.93,Website,10.0
2023-02-06,11,1123,1017.0,2,9.82,19.64,Store,0.0
2023-12-08,1,1168,,1,19.12,19.12,MobileApp,0.0
2022-07-01,14,1006,3123.0,2,11.36,22.72,MobileApp,10.0
2025-06-10,33,1114,1521.0,2,152.42,304.84,Website,0.0
2023-03-30,7,1123,341.0,4,9.82,39.28,Website,0.0
2023-07-10,41,1026,,4,5.7,22.8,Website,0.0
2023-06-12,11,1177,,2,2.84,5.68,Store,0.0
2022-03-29,12,1054,94.0,2,9.86,19.72,MobileApp,0.0
2025-03-30,34,1027,,4,4.23,16.92,Website,30.0
2022-09-02,3,1180,4252.0,1,8.4,8.4,Noon,0.0
2024-07-05,13,1047,3367.0,2,36.11,72.22,MobileApp,0.0
2021-02-05,27,1095,1452.0,1,20.92,20.92,Website,0.0
2024-02-12,11,1035,37.0,1,245.38,245.38,MobileApp,0.0
2022-11-02,28,1170,2714.0,1,21.3,21.3,Store,0.0
2022-10-09,4,1063,1226.0,1,16.22,16.22,Store,0.0
2025-01-05,37,1172,,1,113.45,113.45,Website,0.0
2025-01-30,50,1130,33.0,2,14.33,28.66,Store,15.0
2022-10-28,25,1057,1319.0,4,26.94,107.76,Amazon.ae,0.0
2021-03-21,48,1147,,3,20.74,62.22,Amazon.ae,0.0
2023-03-31,3,1187,1936.0,4,57.08,228.32,Website,20.0
2025-05-17,50,1079,957.0,2,5.2,10.4,Website,0.0
2021-09-01,20,1062,,1,29.18,29.18,Store,0.0
2021-01-28,36,1043,1260.0,5,19.93,99.65,Store,15.0
2025-06-30,42,1045,,1,141.21,141.21,Website,0.0
2023-08-14,48,1113,,1,20.23,20.23,Website,20.0
2025-06-15,14,1127,2565.0,1,20.43,20.43,Amazon.ae,0.0
2022-04-13,2,1017,,1,32.42,32.42,Noon,25.0
2024-07-22,10,1079,1596.0,6,4.68,28.08,Store,10.0
2024-01-21,38,1187,558.0,3,60.65,181.95,Store,15.0
2022-06-24,10,1117,26.0,4,9.94,39.76,Store,0.0
2022-07-22,48,1160,4450.0,5,6.18,30.9,Website,0.0
2025-07-14,34,1017,,4,38.91,155.64,Noon,10.0
2025-08-23,14,1185,1400.0,6,77.39,464.34,Store,0.0
2023-01-22,21,1045,2540.0,4,120.03,480.12,Website,15.0
2024-11-13,41,1131,787.0,2,23.47,46.94,Store,0.0
2023-07-31,19,1194,3741.0,6,7.7,46.2,Noon,20.0
2023-07-08,47,1068,4709.0,4,95.09,380.36,MobileApp,0.0
2022-01-30,31,1143,,1,12.91,12.91,MobileApp,25.0
2023-07-11,39,1183,1784.0,5,107.03,535.15,MobileApp,20.0
2021-07-02,9,1116,2145.0,1,78.12,78.12,Website,0.0
2022-08-14,46,1161,2149.0,2,74.39,148.78,Noon,10.0
2022-02-18,49,1156,,2,33.95,67.9,MobileApp,0.0
2023-06-17,28,1012,,4,14.1,56.4,Store,0.0
2025-02-28,1,1190,2604.0,3,17.22,51.66,Website,15.0
2022-11-30,47,1022,161.0,1,54.82,54.82,Store,0.0
2022-10-16,15,1193,,3,13.87,41.61,Website,0.0
2021-07-07,48,1151,550.0,5,128.46,642.3,Website,10.0
2024-06-25,13,1142,,4,15.64,62.56,Website,0.0
2024-06-24,7,1048,762.0,3,13.87,41.61,Website,0.0
2022-09-13,36,1005,3731.0,2,17.7,35.4,MobileApp,0.0
2024-06-26,37,1107,330.0,3,160.77,482.31,Website,0.0
2024-09-03,21,1033,1852.0,1,32.44,32.44,Website,0.0
2024-05-21,12,1006,3737.0,3,12.62,37.86,Website,0.0
2023-11-17,1,1160,4608.0,2,6.18,12.36,Noon,0.0
2021-07-16,31,1009,1086.0,6,81.86,491.16,Amazon.ae,10.0
2022-11-29,35,1182,307.0,1,14.02,14.02,Noon,0.0
2021-06-17,42,1124,972.0,3,23.62,70.86,Store,0.0
2024-03-21,5,1050,2662.0,2,17.84,35.68,Noon,0.0
2023-02-12,42,1099,1706.0,4,42.36,169.44,Store,15.0
2021-07-27,7,1034,1792.0,3,57.56,172.68,Amazon.ae,0.0
2025-06-14,28,1018,,2,55.16,110.32,Website,0.0
2022-02-14,29,1076,3890.0,4,22.42,89.68,Store,0.0
2023-10-15,24,1163,3410.0,1,37.39,37.39,Website,0.0
2023-04-14,17,1184,4155.0,3,22.41,67.23,Store,0.0
2025-01-18,43,1017,3858.0,2,36.75,73.5,Store,15.0
2022-07-09,14,1032,,3,13.64,40.92,MobileApp,10.0
2024-10-12,18,1095,3551.0,2,20.92,41.84,Website,0.0
2023-02-01,2,1113,3300.0,3,25.29,75.87,MobileApp,0.0
2023-08-29,27,1125,3441.0,1,26.97,26.97,Website,0.0
2022-12-01,36,1162,89.0,3,23.76,71.28,MobileApp,10.0
2024-06-30,9,1031,2109.0,3,15.27,45.81,MobileApp,0.0
2021-08-20,9,1090,3022.0,1,36.54,36.54,Amazon.ae,0.0
2022-06-09,38,1015,2466.0,1,27.13,27.13,Store,0.0
2023-03-19,36,1017,2944.0,3,43.23,129.69,Store,0.0
2021-12-03,9,1034,4193.0,3,46.05,138.15,MobileApp,20.0
2021-08-14,36,1165,1004.0,5,15.57,77.85,Store,10.0
2025-07-10,5,1100,3232.0,6,18.21,109.26,MobileApp,0.0
2022-06-21,30,1159,,3,178.08,534.24,Store,0.0
2022-10-11,9,1122,,4,31.6,126.4,MobileApp,0.0
2023-02-21,6,1098,,3,88.0,264.0,Noon,15.0
2023-03-25,34,1027,4570.0,1,6.05,6.05,Website,0.0
2022-05-10,14,1023,841.0,2,60.82,121.64,Store,0.0
2021-04-28,46,1162,,4,19.8,79.2,Store,25.0
2021-02-01,43,1089,,5,65.95,329.75,Website,0.0
2022-02-17,43,1065,679.0,4,133.37,533.48,Store,25.0
2025-08-17,46,1130,,2,15.17,30.34,MobileApp,10.0
2021-05-25,15,1111,,2,12.56,25.12,Website,0.0
2023-02-06,9,1147,,3,17.63,52.89,Store,15.0
2025-07-04,38,1068,3413.0,1,85.58,85.58,Amazon.ae,10.0
2025-07-28,8,1115,622.0,3,44.22,132.66,MobileApp,0.0
2023-11-08,36,1164,3139.0,1,196.24,196.24,Store,0.0
2024-03-17,20,1081,722.0,2,8.55,17.1,Website,15.0
2023-05-30,3,1197,4852.0,2,17.58,35.16,Store,0.0
2024-08-24,1,1047,,2,36.11,72.22,Amazon.ae,0.0
2021-10-10,25,1063,43.0,2,16.22,32.44,Store,0.0
2023-11-12,21,1195,752.0,2,20.92,41.84,MobileApp,0.0
2024-08-03,4,1078,2440.0,5,161.76,808.8,Store,10.0
2022-02-08,28,1027,2339.0,5,4.54,22.7,MobileApp,25.0
2021-06-23,1,1106,2564.0,2,11.28,22.56,Amazon.ae,0.0
2024-07-09,44,1039,,1,25.91,25.91,Amazon.ae,0.0
2025-03-31,38,1162,218.0,6,18.48,110.88,Website,30.0
2024-05-14,50,1018,,1,55.16,55.16,MobileApp,0.0
2025-08-14,48,1179,,3,28.84,86.52,Website,0.0
2021-12-09,10,1188,370.0,2,20.38,40.76,Store,0.0
2023-04-11,2,1186,,5,4.37,21.85,Website,20.0
2024-05-19,1,1085,2725.0,2,26.63,53.26,Store,0.0
2021-05-11,15,1101,530.0,3,18.69,56.07,Store,25.0
2024-03-16,10,1004,1396.0,6,24.82,148.92,Store,0.0
2023-01-24,24,1083,4419.0,2,11.8,23.6,Store,15.0
2022-12-10,21,1023,,1,60.82,60.82,Store,0.0
2025-02-01,37,1130,2299.0,5,16.86,84.3,Website,0.0
2024-12-02,36,1152,1184.0,3,53.94,161.82,Store,0.0
2023-02-06,3,1082,,4,44.66,178.64,Store,0.0
2022-04-30,17,1131,,4,17.6,70.4,Website,25.0
2022-10-20,46,1110,4117.0,1,18.41,18.41,Store,0.0
2022-03-24,27,1125,4304.0,3,26.97,80.91,Website,0.0
2025-08-27,39,1137,,2,6.05,12.1,Website,10.0
2021-11-02,12,1143,1222.0,2,17.21,34.42,Store,0.0
2023-06-01,49,1062,,3,29.18,87.54,Website,0.0
2024-02-24,9,1097,4466.0,5,2.61,13.05,Amazon.ae,0.0
2024-12-14,37,1147,2359.0,1,20.74,20.74,Amazon.ae,0.0
2023-12-09,33,1180,2389.0,3,8.4,25.2,Website,0.0
2023-09-23,25,1112,222.0,3,10.38,31.14,Store,0.0
2021-03-02,7,1069,,1,38.3,38.3,Website,0.0
2023-05-06,50,1154,2256.0,2,15.89,31.78,Website,0.0
2023-05-07,30,1058,703.0,1,45.07,45.07,Store,0.0
2024-01-25,3,1112,,2,8.82,17.64,Store,15.0
2025-02-10,31,1089,1731.0,4,56.06,224.24,Store,15.0
2021-09-10,33,1025,4204.0,4,8.48,33.92,Amazon.ae,0.0
2021-07-21,14,1040,58.0,2,84.68,169.36,Website,0.0
2022-05-27,38,1094,3353.0,4,23.5,94.0,Store,0.0
2022-06-15,10,1092,159.0,1,28.19,28.19,Store,0.0
2023-11-27,47,1069,2060.0,3,38.3,114.9,Store,0.0
2024-03-06,9,1009,854.0,1,90.95,90.95,MobileApp,0.0
2022-01-17,11,1198,,1,19.43,19.43,Website,25.0
2024-06-17,7,1076,1926.0,4,15.69,62.76,Amazon.ae,30.0
2022-08-04,32,1153,104.0,5,160.72,803.6,Website,0.0
2024-12-17,14,1101,,2,24.92,49.84,Noon,0.0
2023-05-19,35,1139,,3,22.71,68.13,Store,0.0
2021-08-07,41,1152,,5,48.55,242.75,Amazon.ae,10.0
2025-07-04,27,1154,3540.0,5,14.3,71.5,Website,10.0
2021-05-01,41,1086,305.0,5,15.06,75.3,Store,0.0
2025-01-09,49,1019,1236.0,2,180.08,360.16,Website,15.0
2024-10-12,18,1114,4247.0,2,152.42,304.84,Website,0.0
2022-08-26,50,1020,,5,8.96,44.8,MobileApp,10.0
2022-11-03,49,1144,1743.0,2,14.46,28.92,Store,0.0
2024-12-24,33,1160,4326.0,3,6.18,18.54,Store,0.0
2024-05-11,23,1129,,4,152.84,611.36,Store,0.0
2024-08-16,40,1127,1881.0,4,18.39,73.56,Website,10.0
2024-08-11,41,1172,1692.0,6,102.1,612.6,Store,10.0
2025-09-11,41,1176,2025.0,1,6.83,6.83,Website,0.0
2022-01-15,3,1042,737.0,1,44.9,44.9,MobileApp,0.0
2025-04-16,13,1032,,2,15.16,30.32,Amazon.ae,0.0
2022-05-01,27,1014,349.0,2,5.87,11.74,MobileApp,25.0
2022-02-07,32,1049,,2,118.16,236.32,Store,0.0
2025-10-10,45,1041,2401.0,2,13.76,27.52,MobileApp,0.0
2022-11-28,42,1070,4207.0,3,42.19,126.57,Website,0.0
2024-09-13,21,1146,1595.0,3,20.29,60.87,Website,0.0
2021-08-23,45,1002,4169.0,5,12.36,61.8,Store,10.0
2023-06-21,2,1127,4623.0,4,20.43,81.72,MobileApp,0.0
2022-12-23,8,1126,1587.0,1,25.7,25.7,Website,0.0
2025-05-21,3,1171,450.0,1,41.67,41.67,Store,0.0
2022-03-18,38,1114,,1,152.42,152.42,Store,0.0
2023-07-15,29,1028,2450.0,4,41.78,167.12,Store,0.0
2022-05-18,5,1124,4020.0,2,23.62,47.24,Store,0.0
2024-01-16,12,1168,4997.0,2,16.25,32.5,Store,15.0
2023-04-13,2,1136,3845.0,6,60.29,361.74,Noon,0.0
2021-11-11,21,1120,4204.0,3,46.44,139.32,Store,0.0
2025-03-18,16,1156,439.0,1,23.76,23.76,MobileApp,30.0
2021-01-25,18,1030,4970.0,2,18.73,37.46,Store,15.0
2024-03-30,48,1004,3782.0,2,21.1,42.2,MobileApp,15.0
2025-09-27,40,1104,685.0,3,21.12,63.36,Store,0.0
2024-02-12,34,1152,,4,45.85,183.4,Store,15.0
2024-06-23,36,1136,,4,60.29,241.16,Store,0.0
2022-04-22,11,1061,2814.0,4,40.36,161.44,MobileApp,25.0
2023-01-24,25,1123,4952.0,3,8.35,25.05,Store,15.0
2024-05-20,19,1173,433.0,1,163.58,163.58,Website,0.0
2024-05-06,44,1054,3383.0,1,9.86,9.86,Store,0.0
2025-02-04,48,1035,2057.0,1,245.38,245.38,Store,0.0
2023-07-13,4,1163,3771.0,1,29.91,29.91,Website,20.0
2021-08-02,10,1015,,5,24.42,122.1,MobileApp,10.0
2021-02-28,1,1022,1986.0,2,54.82,109.64,Website,0.0
2022-09-30,32,1059,,1,21.23,21.23,Noon,0.0
2025-04-06,38,1083,,1,13.88,13.88,Store,0.0
2025-05-22,5,1125,350.0,1,26.97,26.97,Website,0.0
2025-01-07,49,1003,1297.0,1,12.0,12.0,Store,0.0
2023-01-09,14,1027,2116.0,4,5.14,20.56,Store,15.0
2022-07-16,49,1025,1941.0,2,8.48,16.96,Website,0.0
2022-02-28,23,1068,3335.0,3,71.32,213.96,Amazon.ae,25.0
2023-12-30,49,1017,1968.0,3,43.23,129.69,Amazon.ae,0.0
2022-04-03,16,1164,1398.0,4,147.18,588.72,Website,25.0
2021-02-19,33,1106,3124.0,6,11.28,67.68,Store,0.0
2024-03-25,48,1050,,2,15.16,30.32,Store,15.0
2021-05-16,17,1001,764.0,1,164.56,164.56,Store,0.0
2023-08-23,50,1076,1244.0,2,22.42,44.84,Store,0.0
2024-05-25,10,1020,729.0,1,9.96,9.96,Store,0.0
2025-05-31,37,1170,,1,21.3,21.3,Store,0.0
2023-01-27,12,1081,1978.0,6,8.55,51.3,Website,15.0
2021-05-16,10,1155,1881.0,2,22.88,45.76,Store,0.0
2021-11-29,1,1007,,4,67.26,269.04,Store,0.0
2025-04-26,18,1190,,3,20.26,60.78,Website,0.0
2024-01-03,12,1042,3235.0,3,44.9,134.7,Amazon.ae,0.0
2023-11-08,43,1084,776.0,1,47.89,47.89,Website,0.0
2022-12-15,31,1125,,3,26.97,80.91,Store,0.0
2023-04-10,23,1012,3800.0,1,11.28,11.28,Store,20.0
2022-08-30,33,1037,,3,178.57,535.71,Store,0.0
2022-05-03,19,1014,,2,7.83,15.66,Store,0.0
2023-09-15,3,1189,1651.0,1,77.99,77.99,Store,0.0
2021-09-30,4,1101,4478.0,2,24.92,49.84,Store,0.0
2023-07-17,34,1082,3317.0,3,35.73,107.19,MobileApp,20.0
2024-06-22,10,1141,,3,8.45,25.35,Website,0.0
2024-01-11,15,1034,1893.0,2,48.93,97.86,Amazon.ae,15.0
2022-07-13,10,1153,4186.0,5,160.72,803.6,Website,0.0
2022-10-10,12,1160,,2,6.18,12.36,Website,0.0
2022-01-10,37,1186,422.0,2,5.46,10.92,Amazon.ae,0.0
2021-09-15,44,1103,3637.0,4,38.39,153.56,MobileApp,0.0
2023-10-22,10,1107,,1,160.77,160.77,Website,0.0
2023-08-21,12,1107,4115.0,5,160.77,803.85,Website,0.0
2022-02-05,13,1196,,2,22.46,44.92,Store,25.0
2022-04-17,18,1145,2316.0,5,11.46,57.3,Website,0.0
2022-01-22,20,1080,2115.0,4,16.69,66.76,Noon,25.0
2025-10-10,34,1087,1352.0,3,9.42,28.26,Noon,0.0
2023-01-26,25,1068,3082.0,5,80.83,404.15,MobileApp,15.0
2022-06-06,50,1165,1754.0,2,17.3,34.6,Website,0.0
2025-03-22,30,1135,,2,50.49,100.98,Store,0.0
2025-01-25,47,1076,,4,19.06,76.24,Store,15.0
2023-08-31,38,1055,3462.0,5,8.91,44.55,Website,20.0
2023-10-15,14,1092,3263.0,2,28.19,56.38,Amazon.ae,0.0
2024-03-14,17,1120,2764.0,6,39.47,236.82,Website,15.0
2024-02-22,17,1004,1505.0,4,24.82,99.28,Website,0.0
2025-03-27,45,1062,452.0,2,20.43,40.86,Store,30.0
2024-03-21,49,1175,459.0,2,59.84,119.68,Store,0.0
2025-10-29,37,1041,,4,13.76,55.04,Store,0.0
2024-11-02,13,1088,4810.0,1,21.16,21.16,Store,0.0
2025-05-23,39,1088,,3,21.16,63.48,Website,0.0
2025-06-08,8,1065,2951.0,6,177.83,1066.98,Store,0.0
2022-08-30,40,1028,,6,37.6,225.6,Amazon.ae,10.0
2024-05-25,31,1023,,1,60.82,60.82,Store,0.0
2023-11-21,19,1019,1968.0,2,211.86,423.72,Website,0.0
2022-10-31,50,1149,2959.0,1,103.58,103.58,MobileApp,0.0
2021-07-03,30,1102,1982.0,2,19.39,38.78,Store,10.0
2024-07-10,48,1154,4328.0,2,15.89,31.78,MobileApp,0.0
2024-10-08,44,1040,,1,84.68,84.68,Website,0.0
2024-12-10,24,1123,,4,9.82,39.28,Store,0.0
2022-01-30,7,1189,,6,58.49,350.94,Website,25.0
2021-02-13,25,1054,2674.0,2,9.86,19.72,Store,0.0
2021-01-03,17,1126,,6,21.84,131.04,Noon,15.0
2022-03-30,21,1082,4926.0,1,44.66,44.66,Store,0.0
2023-09-11,25,1098,1322.0,4,103.53,414.12,Website,0.0
2024-02-08,19,1157,,4,14.63,58.52,Website,0.0
2023-01-05,13,1085,751.0,5,22.64,113.2,Store,15.0
2023-04-08,32,1024,4158.0,2,8.79,17.58,Store,0.0
2024-10-04,17,1131,818.0,3,23.47,70.41,Store,0.0
2025-08-27,13,1023,217.0,4,60.82,243.28,Store,0.0
2023-01-04,14,1041,1582.0,1,13.76,13.76,Website,0.0
2023-12-13,1,1193,2240.0,2,13.87,27.74,Amazon.ae,0.0
2021-06-22,23,1071,2271.0,1,5.49,5.49,MobileApp,0.0
2022-07-18,37,1180,4684.0,2,8.4,16.8,MobileApp,0.0
2023-01-03,13,1062,,1,24.8,24.8,Store,15.0
2025-02-11,46,1169,1392.0,1,5.18,5.18,MobileApp,15.0
2023-08-26,19,1166,,6,39.46,236.76,Store,20.0
2023-01-21,15,1015,2157.0,4,27.13,108.52,Store,0.0
2025-07-29,30,1153,1217.0,2,160.72,321.44,Store,0.0
2025-04-27,2,1039,4299.0,3,25.91,77.73,Store,0.0
2022-10-15,25,1077,2778.0,1,47.6,47.6,Store,0.0
2021-12-22,2,1154,1963.0,1,15.89,15.89,Store,0.0
2025-02-20,4,1046,,3,49.46,148.38,Store,15.0
2021-05-14,27,1001,3476.0,2,131.65,263.3,Noon,20.0
2024-02-22,30,1136,2998.0,2,51.25,102.5,Store,15.0
2023-10-16,9,1015,2297.0,4,27.13,108.52,Store,0.0
2021-11-10,29,1061,1822.0,1,53.82,53.82,Store,0.0
2022-12-10,50,1068,,2,95.09,190.18,Website,0.0
2022-04-04,44,1015,728.0,5,27.13,135.65,Website,0.0
2022-06-24,3,1161,,3,82.66,247.98,Website,0.0
2023-11-11,13,1062,254.0,2,29.18,58.36,Website,0.0
2025-03-26,26,1078,,1,179.73,179.73,Amazon.ae,0.0
2025-08-08,11,1061,4014.0,1,48.44,48.44,Store,10.0
2025-01-29,33,1100,3112.0,3,18.21,54.63,Website,0.0
2022-11-30,46,1144,2836.0,1,14.46,14.46,Website,0.0
2024-01-20,4,1104,,1,21.12,21.12,Website,0.0
2023-11-11,48,1031,,1,15.27,15.27,Store,0.0
2022-01-16,2,1165,82.0,3,12.98,38.94,Website,25.0
2022-09-19,22,1106,1230.0,1,11.28,11.28,Store,0.0
2021-06-08,42,1184,2479.0,1,22.41,22.41,Store,0.0
2024-01-09,10,1085,811.0,1,22.64,22.64,MobileApp,15.0
2024-01-16,3,1024,4373.0,1,8.79,8.79,MobileApp,0.0
2022-01-15,36,1081,870.0,4,7.54,30.16,Amazon.ae,25.0
2022-08-20,9,1015,3367.0,2,24.42,48.84,Website,10.0
2022-12-29,42,1065,,1,177.83,177.83,Store,0.0
2024-04-04,35,1156,1274.0,1,33.95,33.95,MobileApp,0.0
2022-03-12,49,1191,4916.0,1,9.9,9.9,Amazon.ae,0.0
2023-05-01,13,1098,305.0,1,103.53,103.53,Store,0.0
2023-01-07,13,1051,,1,60.65,60.65,MobileApp,15.0
2023-03-31,27,1008,,1,35.15,35.15,Store,20.0
2023-10-08,1,1147,370.0,2,20.74,41.48,Store,0.0
2022-08-28,28,1182,1069.0,2,14.02,28.04,Amazon.ae,0.0
2025-10-08,12,1149,2792.0,3,103.58,310.74,MobileApp,0.0
2022-07-24,8,1155,704.0,2,20.59,41.18,Noon,10.0
2022-08-25,34,1164,1297.0,4,196.24,784.96,Amazon.ae,0.0
2021-03-12,13,1073,2741.0,2,120.38,240.76,Amazon.ae,0.0
2021-06-05,31,1005,2045.0,1,17.7,17.7,Store,0.0
2024-06-19,39,1032,2960.0,6,15.16,90.96,Store,0.0
2024-07-06,42,1001,,5,164.56,822.8,Store,0.0
2021-08-14,21,1159,2334.0,6,160.27,961.62,MobileApp,10.0
2024-10-23,34,1181,2130.0,2,38.61,77.22,Store,0.0
2021-04-20,34,1171,242.0,2,41.67,83.34,Website,0.0
2025-09-16,28,1192,3701.0,1,21.97,21.97,Store,0.0
2023-05-17,22,1138,3162.0,2,46.28,92.56,Store,0.0
2025-07-10,24,1103,538.0,5,34.55,172.75,Store,10.0
2022-06-08,1,1175,1948.0,3,59.84,179.52,Noon,0.0
2021-01-16,34,1055,1050.0,2,11.14,22.28,Website,0.0
2021-07-19,44,1051,838.0,1,64.22,64.22,Website,10.0
2023-01-18,6,1127,2307.0,2,17.37,34.74,Website,15.0
2024-07-04,39,1065,,4,160.05,640.2,Website,10.0
2021-02-20,25,1144,3477.0,1,14.46,14.46,Store,0.0
2021-04-08,12,1113,,1,25.29,25.29,Store,0.0
2022-09-30,5,1110,,1,18.41,18.41,Store,0.0
2021-02-16,41,1165,2964.0,3,14.7,44.1,Store,15.0
2022-04-09,45,1144,2784.0,5,14.46,72.3,Store,0.0
2023-12-13,1,1072,2918.0,1,238.26,238.26,Store,0.0
2024-09-01,12,1118,221.0,3,23.7,71.1,Store,0.0
2024-07-22,48,1115,4253.0,3,44.22,132.66,Store,0.0
2024-05-13,8,1177,3428.0,4,2.84,11.36,Noon,0.0
2021-05-11,21,1181,,1,28.96,28.96,Amazon.ae,25.0
2022-05-25,17,1093,371.0,1,7.98,7.98,Website,0.0
2022-04-26,49,1176,,4,5.12,20.48,MobileApp,25.0
2023-01-29,50,1087,,3,8.01,24.03,Website,15.0
2024-06-29,36,1138,,1,46.28,46.28,Website,0.0
2025-02-25,37,1044,721.0,5,21.79,108.95,Store,0.0
2025-02-17,31,1147,132.0,4,20.74,82.96,Store,0.0
2023-06-24,15,1059,,3,21.23,63.69,Store,0.0
2024-02-08,21,1019,2340.0,4,180.08,720.32,Store,15.0
2024-02-02,23,1018,1223.0,4,46.89,187.56,Website,15.0
2022-03-12,41,1057,3012.0,1,26.94,26.94,Website,0.0
2024-02-22,19,1053,,6,11.65,69.9,Store,0.0
2024-08-30,16,1189,3082.0,3,70.19,210.57,Store,10.0
2024-01-28,37,1113,1193.0,5,21.5,107.5,Website,15.0
2023-04-23,27,1110,4460.0,1,13.81,13.81,Store,25.0
2024-06-29,4,1101,3108.0,2,24.92,49.84,Store,0.0
2025-02-24,39,1191,2314.0,2,9.9,19.8,MobileApp,0.0
2023-07-03,45,1165,4974.0,5,17.3,86.5,Website,0.0
2024-08-25,16,1178,,5,21.55,107.75,Website,10.0
2021-11-09,37,1005,4632.0,2,17.7,35.4,Store,0.0
2022-12-12,36,1104,,1,21.12,21.12,Website,0.0
2022-03-20,1,1066,,1,49.78,49.78,Website,0.0
2021-08-28,36,1168,2438.0,5,19.12,95.6,Store,0.0
2025-01-23,18,1125,,1,26.97,26.97,Website,0.0
2023-10-01,2,1078,4598.0,1,179.73,179.73,Store,0.0
2023-10-22,36,1130,1305.0,4,16.86,67.44,Store,0.0
2024-02-26,41,1103,,2,32.63,65.26,Store,15.0
2025-01-30,33,1089,4012.0,5,56.06,280.3,Store,15.0
2022-08-15,10,1088,4458.0,3,21.16,63.48,Amazon.ae,0.0
2023-11-22,25,1068,4530.0,2,95.09,190.18,Website,0.0
2022-02-04,26,1082,3233.0,4,33.49,133.96,MobileApp,25.0
2023-08-08,48,1014,1500.0,4,6.26,25.04,MobileApp,20.0
2023-01-12,19,1137,2404.0,1,6.72,6.72,Website,0.0
2021-11-22,40,1011,,4,20.37,81.48,Store,0.0
2022-08-05,21,1073,4235.0,4,120.38,481.52,Store,0.0
2021-02-26,43,1037,442.0,1,151.78,151.78,Store,15.0
2025-03-22,48,1148,2219.0,6,53.61,321.66,MobileApp,0.0
2023-02-07,32,1126,3748.0,3,21.84,65.52,Store,15.0
2025-04-18,11,1179,,2,28.84,57.68,Noon,0.0
2021-03-20,22,1165,2499.0,3,17.3,51.9,Website,0.0
2024-11-29,18,1002,3771.0,2,13.73,27.46,Store,0.0
2024-09-14,32,1189,3618.0,3,77.99,233.97,Store,0.0
2024-01-13,11,1185,,5,77.39,386.95,MobileApp,0.0
2021-03-29,40,1068,606.0,1,95.09,95.09,Website,0.0
2021-10-30,45,1108,1727.0,1,39.32,39.32,Store,0.0
2024-02-28,49,1126,3761.0,2,25.7,51.4,Amazon.ae,0.0
2021-05-30,27,1036,4685.0,1,89.48,89.48,Website,0.0
2023-02-05,30,1162,,2,26.4,52.8,Store,0.0
2024-08-25,11,1103,,6,38.39,230.34,Store,0.0
2025-08-16,23,1197,1640.0,6,15.82,94.92,Store,10.0
2024-10-09,3,1033,3593.0,1,32.44,32.44,MobileApp,0.0
2025-09-22,16,1129,,2,152.84,305.68,Store,0.0
2022-06-02,21,1083,,2,13.88,27.76,Website,0.0
2021-07-01,33,1013,,3,35.63,106.89,Website,0.0
2022-08-15,2,1063,2719.0,2,16.22,32.44,Website,0.0
2025-01-23,24,1131,169.0,2,19.95,39.9,Website,15.0
2023-01-09,16,1031,1483.0,4,15.27,61.08,Website,0.0
2023-12-14,26,1060,,1,37.82,37.82,Store,0.0
2021-05-25,33,1029,2125.0,1,27.9,27.9,Store,0.0
2024-10-12,3,1116,1143.0,1,78.12,78.12,Store,0.0
2023-09-04,7,1128,,1,26.58,26.58,MobileApp,0.0
2023-06-18,4,1180,4296.0,1,8.4,8.4,Store,0.0
2024-03-30,2,1119,,2,30.66,61.32,MobileApp,15.0
2024-06-09,12,1097,,1,2.61,2.61,Store,0.0
2024-06-17,39,1040,,3,84.68,254.04,MobileApp,0.0
2022-07-30,9,1081,,1,9.05,9.05,Store,10.0
2021-01-02,35,1174,1421.0,3,204.72,614.16,Website,15.0
2023-09-29,43,1029,751.0,3,27.9,83.7,Store,0.0
2025-04-06,34,1025,2470.0,1,8.48,8.48,Amazon.ae,0.0
2025-01-09,30,1175,,3,50.86,152.58,Website,15.0
2025-07-31,36,1139,1478.0,3,20.44,61.32,Amazon.ae,10.0
2023-12-11,18,1066,4036.0,2,49.78,99.56,Store,0.0
2022-03-15,32,1051,4381.0,2,71.35,142.7,Website,0.0
2024-03-30,27,1110,1518.0,4,15.65,62.6,Website,15.0
2021-05-01,14,1046,1942.0,2,58.19,116.38,Store,0.0
2024-06-15,6,1022,3720.0,2,54.82,109.64,Store,0.0
2021-06-20,31,1004,,3,24.82,74.46,Website,0.0
2025-02-19,30,1067,1268.0,6,42.13,252.78,Website,15.0
2022-02-02,38,1116,,1,58.59,58.59,Store,25.0
2021-08-10,34,1161,1077.0,2,82.66,165.32,Website,0.0
2021-06-05,10,1044,2203.0,3,21.79,65.37,Store,0.0
2021-10-23,28,1090,638.0,1,36.54,36.54,Store,0.0
2025-02-27,33,1038,1827.0,6,84.39,506.34,MobileApp,15.0
2022-10-12,24,1138,200.0,2,46.28,92.56,MobileApp,0.0
2024-04-09,6,1036,3659.0,5,89.48,447.4,Store,0.0
2021-05-31,47,1033,2887.0,1,32.44,32.44,Amazon.ae,0.0
2021-07-01,48,1188,640.0,5,18.34,91.7,Store,10.0
2022-04-25,32,1132,4729.0,5,34.78,173.9,Store,0.0
2024-09-29,15,1095,745.0,4,20.92,83.68,Store,0.0
2024-02-26,9,1178,1855.0,5,20.35,101.75,Store,15.0
2022-11-16,13,1109,49.0,2,36.39,72.78,MobileApp,0.0
2025-03-30,46,1001,2934.0,1,115.19,115.19,Store,30.0
2021-06-26,50,1154,2338.0,1,15.89,15.89,MobileApp,0.0
2024-10-27,38,1194,3110.0,4,9.63,38.52,Store,0.0
2021-08-27,42,1128,2728.0,2,26.58,53.16,Noon,0.0
2024-03-29,7,1052,4976.0,4,14.18,56.72,Store,15.0
2023-01-18,11,1015,2430.0,2,27.13,54.26,Store,0.0
2022-09-23,16,1061,2515.0,1,53.82,53.82,Store,0.0
2023-07-09,49,1103,3037.0,2,30.71,61.42,MobileApp,20.0
2024-04-29,12,1009,1128.0,4,90.95,363.8,MobileApp,0.0
2021-10-16,34,1157,48.0,2,14.63,29.26,Amazon.ae,0.0
2022-04-17,36,1100,,5,13.66,68.3,Noon,25.0
2024-10-06,31,1079,1383.0,1,5.2,5.2,Store,0.0
2025-05-14,32,1114,,4,152.42,609.68,Website,0.0
2023-06-02,28,1121,3537.0,1,31.88,31.88,Website,0.0
2025-08-29,19,1174,2098.0,5,216.76,1083.8,MobileApp,10.0
2023-05-07,12,1022,,2,54.82,109.64,Website,0.0
2021-07-23,23,1141,2305.0,5,8.45,42.25,Store,0.0
2021-11-25,12,1095,476.0,1,20.92,20.92,Website,0.0
2024-05-21,15,1149,3913.0,1,103.58,103.58,Website,0.0
2024-10-28,48,1117,3087.0,2,9.94,19.88,MobileApp,0.0
2022-06-18,32,1134,4543.0,1,13.83,13.83,MobileApp,0.0
2024-06-10,18,1174,,4,240.85,963.4,Store,0.0
2025-05-25,18,1164,,2,196.24,392.48,Website,0.0
2023-12-05,48,1165,4476.0,3,17.3,51.9,Website,0.0
2024-05-04,19,1187,4296.0,1,71.35,71.35,Website,0.0
2022-04-16,25,1083,1241.0,3,13.88,41.64,Amazon.ae,0.0
2022-05-01,30,1157,3419.0,3,10.97,32.91,Website,25.0
2024-03-31,6,1002,1385.0,3,13.73,41.19,Website,0.0
2021-06-17,2,1142,4176.0,3,15.64,46.92,Store,0.0
2023-05-07,15,1029,1165.0,3,27.9,83.7,Website,0.0
2024-08-18,16,1167,,2,39.74,79.48,Store,10.0
2022-10-27,31,1049,4000.0,2,118.16,236.32,MobileApp,0.0
2022-06-18,28,1138,,3,46.28,138.84,Store,0.0
2024-11-17,31,1022,67.0,2,54.82,109.64,MobileApp,0.0
2023-12-05,49,1183,3783.0,3,133.79,401.37,Website,0.0
2024-11-10,2,1084,475.0,3,47.89,143.67,Store,0.0
2021-03-05,7,1050,3798.0,2,17.84,35.68,MobileApp,0.0
2022-03-22,8,1198,4840.0,3,25.91,77.73,Store,0.0
2022-03-07,23,1008,1361.0,1,43.94,43.94,Amazon.ae,0.0
2024-12-23,44,1007,,1,67.26,67.26,Amazon.ae,0.0
2024-03-07,37,1048,3127.0,2,13.87,27.74,Store,0.0
2023-01-29,11,1156,,3,33.95,101.85,MobileApp,0.0
2025-01-30,34,1071,2919.0,4,5.49,21.96,Amazon.ae,0.0
2024-05-12,37,1189,3571.0,1,77.99,77.99,Store,0.0
2023-12-31,30,1012,,2,14.1,28.2,Store,0.0
2024-01-13,7,1193,,3,11.79,35.37,MobileApp,15.0
2024-12-20,38,1147,,1,20.74,20.74,MobileApp,0.0
2024-09-22,46,1011,3831.0,2,20.37,40.74,Store,0.0
2021-11-26,45,1054,1071.0,2,6.9,13.8,Store,30.0
2024-06-24,14,1177,,1,2.84,2.84,Store,0.0
2023-11-20,10,1152,,2,53.94,107.88,MobileApp,0.0
2022-06-22,38,1084,,1,47.89,47.89,MobileApp,0.0
2023-08-11,13,1147,287.0,3,16.59,49.77,MobileApp,20.0
2023-03-02,16,1115,2534.0,3,44.22,132.66,Website,0.0
2023-09-15,5,1185,2988.0,3,77.39,232.17,MobileApp,0.0
2024-01-21,27,1013,821.0,6,30.29,181.74,Store,15.0
2023-10-18,19,1036,713.0,2,89.48,178.96,MobileApp,0.0
2023-11-23,16,1163,2098.0,4,37.39,149.56,Website,0.0
2022-05-10,17,1111,4510.0,4,12.56,50.24,Amazon.ae,0.0
2025-08-06,9,1056,4778.0,1,5.38,5.38,Noon,10.0
2025-05-05,26,1160,655.0,2,6.18,12.36,Noon,0.0
2021-06-18,47,1163,2920.0,4,37.39,149.56,Amazon.ae,0.0
2021-02-08,21,1167,,1,37.53,37.53,Store,15.0
2023-06-11,15,1168,1050.0,1,19.12,19.12,Website,0.0
2021-03-02,50,1125,2566.0,1,26.97,26.97,MobileApp,0.0
2024-09-17,7,1087,845.0,3,9.42,28.26,Store,0.0
2025-10-16,12,1083,1039.0,2,13.88,27.76,Website,0.0
2025-06-03,37,1012,,4,14.1,56.4,Store,0.0
2024-01-26,43,1044,,5,18.52,92.6,Store,15.0
2024-04-05,20,1179,,3,28.84,86.52,Website,0.0
2025-07-01,23,1170,1647.0,1,19.17,19.17,MobileApp,10.0
2025-07-03,5,1099,1189.0,5,49.84,249.2,Store,0.0
2021-09-11,25,1174,3565.0,4,240.85,963.4,MobileApp,0.0
2021-01-02,30,1088,4887.0,4,17.99,71.96,Store,15.0
2025-08-16,34,1143,,1,15.49,15.49,Store,10.0
2024-02-02,5,1188,559.0,6,17.32,103.92,Noon,15.0
2024-05-25,13,1190,732.0,4,20.26,81.04,Amazon.ae,0.0
2021-10-21,15,1139,271.0,2,22.71,45.42,Store,0.0
2024-10-16,19,1112,362.0,4,10.38,41.52,Store,0.0
2023-01-29,12,1110,543.0,5,15.65,78.25,Store,15.0
2025-01-17,36,1132,,2,29.56,59.12,Amazon.ae,15.0
2022-01-09,37,1107,,6,160.77,964.62,Amazon.ae,0.0
2022-06-08,30,1031,1827.0,1,15.27,15.27,Store,0.0
2023-08-19,42,1193,3583.0,2,11.1,22.2,Amazon.ae,20.0
2025-04-19,44,1128,,1,26.58,26.58,Store,0.0
2023-03-31,6,1090,,2,29.23,58.46,Website,20.0
2024-06-19,44,1119,4138.0,4,36.07,144.28,Store,0.0
2025-06-30,13,1176,,1,6.83,6.83,Website,0.0
2022-12-03,24,1082,934.0,4,44.66,178.64,Store,0.0
2022-08-24,46,1077,,6,42.84,257.04,Website,10.0
2025-07-01,10,1176,,5,6.83,34.15,MobileApp,0.0
2021-08-09,31,1147,630.0,1,18.67,18.67,MobileApp,10.0
2025-03-30,15,1060,1372.0,2,37.82,75.64,Website,0.0
2022-02-03,3,1168,1284.0,4,19.12,76.48,Store,0.0
2022-02-10,29,1157,1415.0,3,14.63,43.89,Website,0.0
2022-01-01,30,1087,3195.0,3,7.06,21.18,Store,25.0
2022-05-21,33,1145,2574.0,4,11.46,45.84,Store,0.0
2023-06-26,47,1198,3391.0,2,25.91,51.82,Store,0.0
2023-01-09,18,1127,2225.0,1,20.43,20.43,Store,0.0
2022-04-10,8,1005,4260.0,3,17.7,53.1,Website,0.0
2025-05-16,26,1011,4279.0,3,20.37,61.11,MobileApp,0.0
2024-05-25,14,1028,1927.0,1,41.78,41.78,Store,0.0
2025-06-09,40,1139,181.0,3,22.71,68.13,Amazon.ae,0.0
2025-01-09,10,1093,3958.0,6,7.98,47.88,Website,0.0
2021-01-21,18,1121,4981.0,6,27.1,162.6,MobileApp,15.0
2024-06-20,44,1035,4563.0,2,245.38,490.76,Store,0.0
2025-10-24,6,1183,3885.0,3,133.79,401.37,MobileApp,0.0
2021-03-08,41,1001,,2,164.56,329.12,Website,0.0
2022-12-04,44,1180,,3,8.4,25.2,MobileApp,0.0
2025-03-06,48,1174,,3,168.6,505.8,Store,30.0
2023-06-23,36,1026,749.0,4,5.7,22.8,Store,0.0
2022-02-04,1,1006,640.0,6,9.46,56.76,MobileApp,25.0
2023-09-13,31,1097,543.0,1,2.61,2.61,Store,0.0
2021-05-15,17,1151,2362.0,1,114.18,114.18,MobileApp,20.0
2022-07-21,18,1179,1537.0,5,28.84,144.2,MobileApp,0.0
2021-07-14,35,1028,129.0,3,41.78,125.34,Store,0.0
2021-03-15,17,1095,4974.0,2,20.92,41.84,Store,0.0
2024-03-26,20,1102,4542.0,6,18.31,109.86,Amazon.ae,15.0
2025-04-18,43,1113,1808.0,1,25.29,25.29,Store,0.0
2021-02-19,41,1155,336.0,5,19.45,97.25,Website,15.0
2023-04-07,42,1116,2745.0,6,62.5,375.0,Website,20.0
2023-04-09,44,1197,3868.0,3,17.58,52.74,MobileApp,0.0
2021-09-17,2,1116,1773.0,3,78.12,234.36,Store,0.0
2023-01-13,40,1100,,3,15.48,46.44,Store,15.0
2022-10-05,28,1133,,2,33.85,67.7,Store,0.0
2022-11-13,44,1050,,2,17.84,35.68,MobileApp,0.0
2021-05-01,33,1061,3294.0,3,40.36,121.08,Noon,25.0
2021-11-12,33,1178,434.0,1,23.94,23.94,Store,0.0
2025-01-28,47,1133,,2,33.85,67.7,Store,0.0
2025-07-10,34,1131,735.0,4,21.12,84.48,Store,10.0
2023-07-08,10,1068,1961.0,1,76.07,76.07,Store,20.0
2024-02-03,22,1056,3421.0,1,5.98,5.98,Store,0.0
2024-10-27,19,1158,,2,7.27,14.54,Store,0.0
2022-12-21,4,1079,1663.0,4,5.2,20.8,Store,0.0
2023-07-22,4,1169,2299.0,1,6.09,6.09,Website,0.0
2024-01-25,17,1130,4792.0,2,16.86,33.72,Amazon.ae,0.0
2025-04-06,21,1090,3980.0,2,36.54,73.08,Website,0.0
2021-12-28,15,1028,4891.0,4,41.78,167.12,Store,0.0
2025-04-27,24,1055,2689.0,2,11.14,22.28,MobileApp,0.0
2025-09-13,19,1026,3712.0,1,5.7,5.7,Store,0.0
2022-01-10,33,1036,2110.0,4,89.48,357.92,Website,0.0
2025-07-28,2,1150,764.0,5,119.83,599.15,Amazon.ae,10.0
2023-10-06,26,1021,,3,28.83,86.49,Store,0.0
2021-05-02,39,1084,3410.0,4,35.92,143.68,MobileApp,25.0
2022-03-05,1,1084,3275.0,1,47.89,47.89,MobileApp,0.0
2023-12-20,47,1131,,1,23.47,23.47,Store,0.0
2025-04-15,34,1023,1356.0,2,60.82,121.64,Website,0.0
2025-07-21,44,1073,3684.0,1,108.34,108.34,Store,10.0
2024-01-31,25,1009,,1,77.31,77.31,Store,15.0
2022-12-16,12,1003,246.0,1,12.0,12.0,Store,0.0
2024-12-21,25,1029,,2,27.9,55.8,Website,0.0
2025-08-02,43,1022,4192.0,1,54.82,54.82,MobileApp,0.0
2022-10-21,3,1178,,1,23.94,23.94,MobileApp,0.0
2021-12-28,50,1180,1054.0,1,8.4,8.4,Website,0.0
2022-04-09,34,1083,3509.0,3,13.88,41.64,Website,0.0
2022-12-21,39,1049,862.0,1,118.16,118.16,Store,0.0
2021-01-13,1,1027,4028.0,3,5.14,15.42,Website,15.0
2022-08-13,49,1179,2728.0,4,28.84,115.36,Store,0.0
2024-05-04,27,1132,3089.0,1,34.78,34.78,Store,0.0
2025-02-15,41,1105,3964.0,5,17.04,85.2,Store,0.0
2022-11-11,39,1103,2589.0,1,38.39,38.39,Noon,0.0
2024-04-13,34,1194,2213.0,2,9.63,19.26,Store,0.0
2025-04-19,26,1185,3246.0,2,77.39,154.78,Website,0.0
2022-01-05,13,1185,,5,58.04,290.2,Store,25.0
2025-08-27,23,1164,,5,176.62,883.1,Website,10.0
2022-04-09,41,1012,4747.0,4,10.58,42.32,Store,25.0
2021-01-06,37,1104,4998.0,5,17.95,89.75,Store,15.0
2025-09-07,48,1043,,2,23.45,46.9,Amazon.ae,0.0
2021-03-13,34,1004,189.0,4,24.82,99.28,MobileApp,0.0
2022-06-24,34,1061,1435.0,3,53.82,161.46,Store,0.0
2025-09-21,13,1171,1021.0,3,41.67,125.01,Website,0.0
2021-07-14,29,1114,4879.0,4,137.18,548.72,Store,10.0
2024-07-22,7,1131,2660.0,2,21.12,42.24,Store,10.0
2023-01-19,38,1185,,5,77.39,386.95,Website,0.0
2023-01-07,5,1153,3941.0,1,160.72,160.72,Store,0.0
2023-03-21,46,1042,4235.0,1,44.9,44.9,Store,0.0
2021-05-13,43,1116,2807.0,1,78.12,78.12,Store,0.0
2021-02-08,15,1196,1074.0,1,25.45,25.45,Website,15.0
2021-09-15,2,1078,956.0,2,179.73,359.46,Store,0.0
2021-05-19,41,1172,,2,113.45,226.9,Website,0.0
2024-09-13,1,1066,3488.0,4,49.78,199.12,Store,0.0
2021-02-25,16,1093,542.0,2,7.98,15.96,Noon,0.0
2021-01-09,33,1103,4521.0,2,38.39,76.78,Store,0.0
2023-09-06,3,1038,2604.0,1,99.28,99.28,Website,0.0
2023-02-24,33,1121,1925.0,2,27.1,54.2,MobileApp,15.0
2025-08-29,9,1115,1559.0,3,44.22,132.66,Website,0.0
2024-06-12,37,1071,116.0,2,5.49,10.98,Store,0.0
2023-02-04,24,1047,4292.0,3,30.69,92.07,MobileApp,15.0
2023-03-12,40,1156,2800.0,1,33.95,33.95,Website,0.0
2022-10-15,39,1001,3825.0,2,164.56,329.12,MobileApp,0.0
2022-05-22,16,1115,558.0,3,44.22,132.66,Website,0.0
2023-08-26,29,1045,,5,112.97,564.85,Noon,20.0
2024-07-06,14,1155,2345.0,1,22.88,22.88,Website,0.0
2022-04-04,35,1026,2764.0,6,4.28,25.68,Amazon.ae,25.0
2021-06-10,3,1095,2820.0,3,20.92,62.76,MobileApp,0.0
2022-03-31,2,1095,,1,20.92,20.92,Store,0.0
2023-04-19,30,1123,529.0,4,7.86,31.44,Store,20.0
2023-08-20,11,1134,1693.0,1,11.06,11.06,Store,20.0
2025-08-14,41,1179,,5,28.84,144.2,Store,0.0
2025-01-18,45,1015,,5,23.06,115.3,Store,15.0
2023-12-15,35,1175,,1,59.84,59.84,Website,0.0
2021-01-28,38,1012,,1,11.98,11.98,Store,15.0
2023-05-28,49,1149,4564.0,3,103.58,310.74,Store,0.0
2024-01-21,15,1058,1884.0,3,38.31,114.93,Noon,15.0
2025-01-28,36,1077,1827.0,2,47.6,95.2,Store,0.0
2024-07-19,45,1129,2674.0,1,152.84,152.84,Store,0.0
2021-02-04,7,1100,905.0,1,15.48,15.48,Store,15.0
2021-05-22,21,1046,1834.0,1,58.19,58.19,Website,0.0
2023-06-11,25,1156,4808.0,3,33.95,101.85,Website,0.0
2021-02-15,47,1026,4569.0,4,5.7,22.8,MobileApp,0.0
2025-07-10,4,1173,704.0,4,163.58,654.32,Website,0.0
2021-05-08,12,1013,3433.0,1,35.63,35.63,Store,0.0
2025-06-01,17,1086,176.0,3,15.06,45.18,Store,0.0
2024-01-11,11,1086,2426.0,2,15.06,30.12,Store,0.0
2025-07-26,10,1157,3692.0,5,13.17,65.85,MobileApp,10.0
2024-08-19,19,1159,123.0,1,160.27,160.27,Website,10.0
2025-07-19,35,1083,452.0,2,12.49,24.98,Store,10.0
2023-09-17,7,1127,,3,20.43,61.29,MobileApp,0.0
2022-07-17,41,1131,927.0,4,21.12,84.48,Store,10.0
2023-02-22,37,1131,2445.0,1,23.47,23.47,Website,0.0
2021-08-22,48,1166,,5,44.39,221.95,Store,10.0
2023-03-01,19,1194,,2,9.63,19.26,Store,0.0
2021-03-23,29,1191,4659.0,1,9.9,9.9,Store,0.0
2025-07-09,45,1023,3359.0,1,60.82,60.82,Store,0.0
2023-01-26,6,1150,,5,113.17,565.85,Website,15.0
2024-12-16,44,1103,,4,38.39,153.56,Store,0.0
2024-11-21,17,1097,2090.0,2,2.61,5.22,Website,0.0
2021-04-15,7,1179,,3,21.63,64.89,Store,25.0
2021-06-18,44,1029,128.0,1,27.9,27.9,MobileApp,0.0
2023-02-15,24,1054,4219.0,3,9.86,29.58,MobileApp,0.0
2022-03-17,11,1030,3419.0,4,22.04,88.16,MobileApp,0.0
2021-08-03,6,1142,1994.0,3,14.08,42.24,Website,10.0
2023-01-06,26,1163,,2,37.39,74.78,Store,0.0
2022-06-17,25,1170,4995.0,1,21.3,21.3,Website,0.0
2023-01-28,39,1176,,4,6.83,27.32,Store,0.0
2021-12-01,24,1193,2379.0,4,11.1,44.4,Website,20.0
2025-02-18,7,1008,,2,43.94,87.88,Website,0.0
2024-02-20,42,1167,4519.0,4,37.53,150.12,Website,15.0
2023-03-24,18,1024,1059.0,1,7.03,7.03,Amazon.ae,20.0
2025-01-03,28,1145,2071.0,4,9.74,38.96,Website,15.0
2022-04-16,39,1075,4587.0,4,10.03,40.12,MobileApp,25.0
2025-06-12,29,1092,,2,28.19,56.38,Website,0.0
2023-02-05,37,1052,,6,14.18,85.08,MobileApp,15.0
2022-11-21,47,1136,477.0,1,60.29,60.29,MobileApp,0.0
2024-02-26,11,1062,866.0,5,24.8,124.0,Amazon.ae,15.0
2021-10-24,29,1196,2211.0,2,29.94,59.88,MobileApp,0.0
2023-04-20,32,1069,669.0,1,38.3,38.3,Store,0.0
2024-04-25,38,1033,3844.0,2,32.44,64.88,Website,0.0
2021-05-08,5,1053,3074.0,6,8.74,52.44,Amazon.ae,25.0
2021-12-11,38,1034,2537.0,2,57.56,115.12,Store,0.0
2021-04-28,32,1070,2837.0,4,31.64,126.56,Store,25.0
2025-08-15,16,1078,3135.0,1,179.73,179.73,Store,0.0
2023-07-02,10,1094,4963.0,6,18.8,112.8,Store,20.0
2023-02-05,36,1033,54.0,4,32.44,129.76,MobileApp,0.0
2025-10-31,49,1033,4189.0,4,32.44,129.76,Website,0.0
2021-01-17,10,1057,2530.0,3,22.9,68.7,MobileApp,15.0
2022-08-17,34,1111,989.0,6,11.3,67.8,Amazon.ae,10.0
2021-05-17,47,1100,2390.0,2,18.21,36.42,Website,0.0
2022-01-29,8,1113,546.0,2,18.97,37.94,Store,25.0
2022-04-06,12,1028,2470.0,3,41.78,125.34,Store,0.0
2025-07-18,34,1062,,2,26.26,52.52,Store,10.0
2023-05-09,1,1089,,2,65.95,131.9,Website,0.0
2025-07-22,23,1083,,2,12.49,24.98,Amazon.ae,10.0
2024-09-18,8,1013,4099.0,3,35.63,106.89,Store,0.0
2023-02-12,38,1053,3628.0,4,11.65,46.6,Store,0.0
2023-12-04,19,1194,1457.0,1,9.63,9.63,Store,0.0
2025-06-20,36,1006,4397.0,2,12.62,25.24,Store,0.0
2024-06-06,35,1075,3974.0,1,13.37,13.37,Amazon.ae,0.0
2021-05-06,39,1124,341.0,2,17.72,35.44,Amazon.ae,25.0
2021-01-11,44,1157,3844.0,3,12.44,37.32,Website,15.0
2022-01-30,39,1093,2664.0,6,5.98,35.88,MobileApp,25.0
2023-01-14,37,1083,41.0,3,13.88,41.64,Website,0.0
2022-12-18,46,1040,705.0,4,84.68,338.72,Store,0.0
2021-01-07,37,1118,,5,20.14,100.7,Store,15.0
2023-12-03,46,1150,,3,113.17,339.51,Store,15.0
2021-02-21,2,1011,686.0,1,20.37,20.37,Store,0.0
2023-12-01,40,1153,1625.0,2,160.72,321.44,Website,0.0
2021-02-27,17,1107,3064.0,4,136.65,546.6,Website,15.0
2023-01-15,36,1183,,3,113.72,341.16,Store,15.0
2024-06-23,15,1100,,4,18.21,72.84,Store,0.0
2023-02-19,16,1083,679.0,4,13.88,55.52,Store,0.0
2022-06-10,30,1169,4738.0,3,6.09,18.27,MobileApp,0.0
2021-05-09,29,1118,,4,17.77,71.08,Store,25.0
2024-05-02,24,1177,,1,2.84,2.84,Amazon.ae,0.0
2024-07-01,43,1057,492.0,1,24.25,24.25,Amazon.ae,10.0
2025-02-10,50,1067,3185.0,2,49.57,99.14,Website,0.0
2022-10-01,29,1192,2825.0,1,21.97,21.97,MobileApp,0.0
2024-10-08,49,1175,,3,59.84,179.52,MobileApp,0.0
2025-08-07,43,1154,3525.0,1,15.89,15.89,Website,0.0
2022-05-30,32,1114,139.0,1,152.42,152.42,Website,0.0
2022-04-24,15,1077,421.0,2,35.7,71.4,Website,25.0
2024-02-02,48,1114,3868.0,1,152.42,152.42,Store,0.0
2024-04-02,38,1134,2043.0,1,11.76,11.76,Store,15.0
2025-01-07,32,1129,4640.0,5,129.91,649.55,MobileApp,15.0
2022-01-15,37,1140,539.0,1,26.89,26.89,MobileApp,25.0
2022-09-26,36,1073,,2,120.38,240.76,MobileApp,0.0
2024-05-28,12,1132,,2,34.78,69.56,MobileApp,0.0
2024-04-27,3,1139,4386.0,1,22.71,22.71,MobileApp,0.0
2025-01-06,8,1011,,2,20.37,40.74,Store,0.0
2023-10-14,4,1077,4191.0,2,47.6,95.2,Amazon.ae,0.0
2021-09-26,40,1151,,1,142.73,142.73,MobileApp,0.0
2022-01-19,42,1034,,3,57.56,172.68,Website,0.0
2023-01-20,37,1139,2966.0,4,22.71,90.84,Store,0.0
2025-02-10,20,1112,2950.0,3,10.38,31.14,Website,0.0
2023-08-26,45,1067,1617.0,6,39.66,237.96,Website,20.0
2024-04-01,33,1051,3942.0,2,60.65,121.3,Store,15.0
2024-05-31,25,1172,,1,113.45,113.45,MobileApp,0.0
2024-02-27,26,1044,2327.0,4,18.52,74.08,Store,15.0
2023-08-25,13,1147,4900.0,4,20.74,82.96,Store,0.0
2025-04-20,50,1048,,1,13.87,13.87,MobileApp,0.0
2023-05-25,49,1008,623.0,1,43.94,43.94,Store,0.0
2024-06-11,31,1097,638.0,2,2.61,5.22,Store,0.0
2023-09-16,11,1133,,2,33.85,67.7,Store,0.0
2021-11-27,47,1044,,2,21.79,43.58,Store,0.0
2024-08-15,24,1144,,2,13.01,26.02,Store,10.0
2024-06-08,28,1132,3573.0,1,34.78,34.78,Store,0.0
2022-06-05,29,1006,1869.0,1,12.62,12.62,Store,0.0
2023-05-13,32,1118,1216.0,2,23.7,47.4,Website,0.0
2021-03-31,19,1187,4964.0,3,71.35,214.05,MobileApp,0.0
2023-07-16,27,1180,,1,6.72,6.72,MobileApp,20.0
2021-01-12,41,1121,3631.0,1,27.1,27.1,Website,15.0
2025-06-23,9,1188,1887.0,1,20.38,20.38,Amazon.ae,0.0
2022-07-06,41,1140,,3,32.26,96.78,Website,10.0
2022-11-20,49,1074,2018.0,2,62.67,125.34,Store,0.0
2021-06-29,46,1094,,2,23.5,47.0,MobileApp,0.0
2024-03-19,41,1165,2477.0,6,14.7,88.2,Store,15.0
2025-02-21,32,1138,3528.0,5,39.34,196.7,Store,15.0
2024-02-12,49,1127,3772.0,2,20.43,40.86,MobileApp,0.0
2022-03-30,16,1174,4427.0,3,240.85,722.55,Store,0.0
2022-01-01,14,1047,2896.0,2,36.11,72.22,Noon,0.0
2022-09-05,15,1082,,1,44.66,44.66,Noon,0.0
2021-12-10,16,1069,4780.0,1,38.3,38.3,MobileApp,0.0
2023-04-25,34,1011,2931.0,1,20.37,20.37,Website,0.0
2023-01-21,26,1190,,1,17.22,17.22,Amazon.ae,15.0
2024-11-30,14,1047,992.0,1,23.47,23.47,Store,35.0
2024-08-27,34,1014,2999.0,3,7.05,21.15,Store,10.0
2023-02-10,33,1163,4263.0,1,31.78,31.78,Website,15.0
2023-12-24,43,1194,1856.0,3,9.63,28.89,Store,0.0
2022-05-08,17,1183,2333.0,3,133.79,401.37,Website,0.0
2025-07-26,3,1066,3883.0,2,49.78,99.56,Amazon.ae,0.0
2024-06-18,15,1042,,6,44.9,269.4,Store,0.0
2023-11-16,24,1192,3041.0,1,21.97,21.97,Website,0.0
2024-08-04,16,1024,,5,7.91,39.55,Website,10.0
2023-06-10,29,1056,1230.0,1,5.98,5.98,Store,0.0
2022-03-17,24,1007,3494.0,1,67.26,67.26,Amazon.ae,0.0
2021-07-20,20,1157,4236.0,2,14.63,29.26,Website,0.0
2025-07-30,48,1149,145.0,3,93.22,279.66,Store,10.0
2025-03-28,9,1015,,3,18.99,56.97,Store,30.0
2023-08-13,33,1191,2792.0,3,7.92,23.76,Store,20.0
2025-02-02,30,1028,,1,35.51,35.51,MobileApp,15.0
2025-08-30,31,1133,826.0,3,30.47,91.41,MobileApp,10.0
2025-03-20,16,1124,3503.0,6,23.62,141.72,Noon,0.0
2024-10-25,50,1019,,4,211.86,847.44,Website,0.0
2021-01-07,20,1070,3827.0,3,42.19,126.57,Website,0.0
2024-05-18,10,1030,3287.0,3,22.04,66.12,Store,0.0
2023-05-27,50,1027,,2,6.05,12.1,Website,0.0
2023-11-25,6,1108,1762.0,6,25.56,153.36,Store,35.0
2021-03-14,43,1150,652.0,1,133.14,133.14,Website,0.0
2024-09-13,31,1060,3.0,1,37.82,37.82,Store,0.0
2022-04-27,7,1175,2724.0,5,44.88,224.4,Store,25.0
2024-08-17,50,1033,2299.0,1,32.44,32.44,Store,0.0
2021-01-31,1,1181,4521.0,1,32.82,32.82,Store,15.0
2023-01-05,48,1167,3756.0,4,44.15,176.6,MobileApp,0.0
2024-10-01,34,1131,1171.0,1,23.47,23.47,Amazon.ae,0.0
2022-02-04,18,1127,261.0,5,20.43,102.15,Store,0.0
2021-03-30,9,1180,1271.0,1,8.4,8.4,Store,0.0
2022-12-23,24,1013,3698.0,1,35.63,35.63,Noon,0.0
2024-03-18,16,1076,842.0,4,22.42,89.68,Noon,0.0
2023-01-06,9,1174,4927.0,6,204.72,1228.32,Noon,15.0
2022-02-18,9,1077,,2,47.6,95.2,Store,0.0
2022-10-22,5,1109,,1,36.39,36.39,Website,0.0
2021-03-31,28,1075,,1,13.37,13.37,Store,0.0
2021-08-23,36,1156,2983.0,3,33.95,101.85,Noon,0.0
2021-02-19,8,1176,,4,6.83,27.32,Store,0.0
2025-07-30,46,1059,2564.0,2,21.23,42.46,Website,0.0
2024-06-10,26,1020,472.0,2,9.96,19.92,Store,0.0
2022-06-06,32,1098,703.0,1,103.53,103.53,Website,0.0
2024-01-27,28,1057,,5,22.9,114.5,Website,15.0
2023-03-12,33,1115,,2,44.22,88.44,Store,0.0
2021-06-20,18,1189,2648.0,1,77.99,77.99,Website,0.0
2024-08-27,47,1112,,2,10.38,20.76,Website,0.0
2023-01-14,13,1119,,6,36.07,216.42,Website,0.0
2022-05-30,26,1093,2611.0,1,7.98,7.98,Website,0.0
2025-05-05,38,1083,3958.0,1,13.88,13.88,Store,0.0
2022-08-28,2,1123,3563.0,1,9.82,9.82,Store,0.0
2023-11-28,9,1102,,2,21.54,43.08,Website,0.0
2025-08-05,9,1126,1418.0,2,25.7,51.4,Amazon.ae,0.0
2022-04-10,29,1051,3331.0,6,53.51,321.06,Website,25.0
2023-01-13,25,1007,4661.0,2,57.17,114.34,Website,15.0
2025-10-14,18,1056,1491.0,4,5.98,23.92,Website,0.0
2025-10-22,15,1172,124.0,1,113.45,113.45,MobileApp,0.0
2022-06-26,46,1088,,2,21.16,42.32,Store,0.0
2024-08-16,44,1104,4316.0,5,19.01,95.05,Store,10.0
2023-02-12,20,1115,,4,37.59,150.36,Store,15.0
2025-04-08,48,1163,4294.0,2,37.39,74.78,Website,0.0
2023-09-15,27,1098,1228.0,3,103.53,310.59,Store,0.0
2022-09-22,41,1011,3941.0,3,20.37,61.11,Store,0.0
2023-03-19,43,1030,,4,22.04,88.16,Store,0.0
2021-09-17,49,1099,3633.0,2,49.84,99.68,Amazon.ae,0.0
2022-02-16,26,1098,4235.0,6,77.65,465.9,MobileApp,25.0
2021-12-11,26,1115,2114.0,1,44.22,44.22,Store,0.0
2022-05-16,32,1018,,3,55.16,165.48,Amazon.ae,0.0
2024-11-26,11,1158,,1,7.27,7.27,Website,0.0
2024-01-08,10,1046,3348.0,4,49.46,197.84,MobileApp,15.0
2022-09-28,19,1084,,4,47.89,191.56,Store,0.0
2025-05-13,48,1128,,2,26.58,53.16,Store,0.0
2021-01-10,9,1129,,6,129.91,779.46,Website,15.0
2024-08-10,22,1107,602.0,4,160.77,643.08,Noon,0.0
2025-07-13,27,1191,1683.0,2,8.91,17.82,MobileApp,10.0
2021-09-24,14,1072,3874.0,2,238.26,476.52,Store,0.0
2021-07-21,50,1073,3704.0,4,120.38,481.52,Website,0.0
2025-10-31,32,1171,,2,41.67,83.34,Store,0.0
2022-07-10,27,1072,3187.0,4,214.43,857.72,Website,10.0
2022-05-15,10,1066,638.0,2,49.78,99.56,Amazon.ae,0.0
2022-10-11,24,1108,354.0,3,39.32,117.96,Website,0.0
2025-01-28,41,1160,3984.0,5,5.25,26.25,Amazon.ae,15.0
2023-07-28,38,1115,1383.0,1,35.38,35.38,Amazon.ae,20.0
2023-08-03,44,1058,1047.0,4,36.06,144.24,Store,20.0
2024-12-27,17,1111,,1,12.56,12.56,Store,0.0
2023-06-04,4,1179,,1,28.84,28.84,Store,0.0
2021-02-12,10,1085,2761.0,4,22.64,90.56,MobileApp,15.0
2023-04-30,27,1037,3387.0,4,178.57,714.28,Store,0.0
2025-10-12,22,1117,4174.0,1,9.94,9.94,Store,0.0
2025-03-28,4,1053,4122.0,6,8.15,48.9,Website,30.0
2021-06-16,15,1186,,4,5.46,21.84,Store,0.0
2022-08-06,19,1143,2516.0,1,15.49,15.49,Website,10.0
2021-07-04,6,1014,4437.0,4,7.83,31.32,Website,0.0
2022-07-13,1,1023,,4,54.74,218.96,Website,10.0
2022-02-27,4,1173,,5,163.58,817.9,Website,0.0
2024-02-23,44,1119,4032.0,2,36.07,72.14,Amazon.ae,0.0
2021-08-10,39,1124,400.0,5,21.26,106.3,Noon,10.0
2025-04-16,41,1175,519.0,2,59.84,119.68,Website,0.0
2023-08-27,27,1182,2674.0,3,11.22,33.66,Store,20.0
2024-05-08,19,1149,1429.0,3,103.58,310.74,Store,0.0
2021-09-18,26,1109,629.0,2,36.39,72.78,Store,0.0
2023-05-02,25,1084,383.0,2,47.89,95.78,MobileApp,0.0
2022-02-02,28,1018,,6,41.37,248.22,Website,25.0
2022-12-06,50,1042,2250.0,4,44.9,179.6,MobileApp,0.0
2023-10-07,13,1199,2166.0,3,229.89,689.67,Website,0.0
2021-02-04,11,1036,3719.0,4,76.06,304.24,MobileApp,15.0
2023-10-17,38,1199,2900.0,2,229.89,459.78,Store,0.0
2022-02-23,31,1072,3107.0,6,178.7,1072.2,Website,25.0
2025-09-03,23,1076,2903.0,1,22.42,22.42,MobileApp,0.0
2024-06-21,27,1140,,1,35.85,35.85,Website,0.0
2022-03-02,13,1187,2381.0,2,71.35,142.7,Store,0.0
2021-08-07,5,1065,284.0,4,160.05,640.2,Website,10.0
2022-12-14,9,1142,3556.0,4,15.64,62.56,MobileApp,0.0
2023-02-10,32,1119,3894.0,5,30.66,153.3,MobileApp,15.0
2021-03-04,30,1024,685.0,3,8.79,26.37,Store,0.0
2025-04-03,9,1007,2486.0,4,67.26,269.04,MobileApp,0.0
2022-12-18,28,1161,,1,82.66,82.66,Website,0.0
2022-08-26,27,1146,3579.0,1,18.26,18.26,MobileApp,10.0
2023-09-17,20,1153,,3,160.72,482.16,Store,0.0
2025-02-12,21,1192,504.0,4,18.67,74.68,Store,15.0
2022-03-08,33,1003,1085.0,3,12.0,36.0,Store,0.0
2021-08-19,10,1022,,4,54.82,219.28,Website,0.0
2025-04-19,29,1121,1357.0,3,31.88,95.64,Store,0.0
2025-09-11,22,1022,810.0,3,54.82,164.46,Amazon.ae,0.0
2025-02-23,42,1077,,2,40.46,80.92,Store,15.0
2023-05-26,44,1040,3520.0,3,84.68,254.04,Store,0.0
2023-05-03,11,1092,4226.0,2,28.19,56.38,Website,0.0
2024-04-18,38,1147,1184.0,2,20.74,41.48,Store,0.0
2022-04-28,44,1061,1660.0,1,53.82,53.82,Website,0.0
2021-11-27,24,1126,,4,25.7,102.8,Amazon.ae,0.0
2025-08-13,1,1182,,3,14.02,42.06,MobileApp,0.0
2022-03-06,20,1072,1157.0,1,238.26,238.26,Store,0.0
2021-06-17,38,1068,236.0,2,95.09,190.18,Website,0.0
2021-04-04,16,1118,4339.0,1,23.7,23.7,Amazon.ae,0.0
2024-01-26,40,1062,703.0,2,29.18,58.36,Website,0.0
2021-12-29,26,1100,,2,18.21,36.42,Store,0.0
2022-05-31,23,1016,,2,19.44,38.88,Store,0.0
2021-03-18,14,1008,1330.0,2,43.94,87.88,MobileApp,0.0
2024-03-10,25,1075,3050.0,3,13.37,40.11,Website,0.0
2023-05-17,8,1130,,1,16.86,16.86,Store,0.0
2023-12-30,3,1115,,1,44.22,44.22,Store,0.0
2024-01-26,24,1178,2808.0,5,20.35,101.75,Website,15.0
2023-04-01,11,1049,,1,118.16,118.16,Store,0.0
2024-08-13,42,1171,2718.0,3,41.67,125.01,Store,0.0
2025-09-16,30,1131,2706.0,1,23.47,23.47,Website,0.0
2021-12-19,6,1021,3942.0,2,28.83,57.66,Website,0.0
2021-03-07,9,1093,4707.0,1,7.98,7.98,Store,0.0
2022-11-06,21,1109,,2,36.39,72.78,Store,0.0
2021-10-23,50,1154,3587.0,2,15.89,31.78,Website,0.0
2021-04-15,43,1010,,3,16.43,49.29,MobileApp,0.0
2024-11-05,9,1121,124.0,3,31.88,95.64,Website,0.0
2024-08-26,12,1079,743.0,6,5.2,31.2,Store,0.0
2024-02-14,21,1042,764.0,6,38.16,228.96,MobileApp,15.0
2024-04-11,38,1075,1357.0,3,13.37,40.11,Store,0.0
2021-09-17,13,1114,3460.0,3,152.42,457.26,Store,0.0
2024-08-21,14,1146,1299.0,4,18.26,73.04,MobileApp,10.0
2022-05-27,17,1128,3755.0,1,26.58,26.58,Website,0.0
2022-05-15,48,1041,4041.0,2,13.76,27.52,Store,0.0
2024-01-31,6,1129,502.0,3,129.91,389.73,Website,15.0
2022-06-05,26,1071,226.0,1,5.49,5.49,Store,0.0
2024-10-13,21,1071,3335.0,1,5.49,5.49,Amazon.ae,0.0
2023-01-08,48,1146,1704.0,6,20.29,121.74,Website,0.0
2025-02-27,4,1121,4114.0,1,27.1,27.1,Noon,15.0
2021-02-27,28,1051,2477.0,1,60.65,60.65,MobileApp,15.0
2025-01-06,32,1006,4458.0,5,12.62,63.1,MobileApp,0.0
2024-08-11,41,1059,4700.0,6,19.11,114.66,Store,10.0
2025-10-03,41,1035,1073.0,3,245.38,736.14,Store,0.0
2021-06-27,23,1002,,1,13.73,13.73,Store,0.0
2022-01-31,20,1014,,1,5.87,5.87,Website,25.0
2023-11-09,43,1183,,1,133.79,133.79,Amazon.ae,0.0
2025-09-24,3,1112,4145.0,1,10.38,10.38,MobileApp,0.0
2022-03-06,31,1043,3356.0,2,23.45,46.9,Store,0.0
2023-04-01,50,1054,421.0,1,7.89,7.89,Store,20.0
2021-12-28,15,1193,,2,13.87,27.74,Website,0.0
2022-10-27,4,1108,3456.0,3,39.32,117.96,Store,0.0
2022-10-11,36,1134,4526.0,2,13.83,27.66,Website,0.0
2023-02-20,2,1055,2273.0,4,9.47,37.88,Store,15.0
2024-12-22,29,1147,2751.0,2,20.74,41.48,Store,0.0
2024-02-03,27,1168,1090.0,3,19.12,57.36,MobileApp,0.0
2025-03-08,48,1089,4134.0,1,46.16,46.16,MobileApp,30.0
2022-08-29,22,1072,106.0,2,238.26,476.52,MobileApp,0.0
2024-02-25,14,1117,4090.0,2,8.45,16.9,Store,15.0
2024-01-16,4,1078,,2,179.73,359.46,Store,0.0
2025-03-07,43,1130,,2,16.86,33.72,Store,0.0
2023-03-25,42,1031,87.0,2,12.22,24.44,Store,20.0
2022-02-23,12,1072,4230.0,5,178.7,893.5,Noon,25.0
2023-02-18,11,1079,,1,4.42,4.42,Noon,15.0
2023-07-24,34,1028,4189.0,2,41.78,83.56,Website,0.0
2024-01-27,17,1025,3770.0,3,7.21,21.63,Noon,15.0
2024-07-22,33,1182,,5,14.02,70.1,Website,0.0
2021-12-14,5,1039,3033.0,2,25.91,51.82,MobileApp,0.0
2024-10-27,48,1088,2284.0,2,21.16,42.32,Store,0.0
2021-10-09,27,1058,,1,45.07,45.07,Store,0.0
2025-08-13,28,1173,,2,147.22,294.44,Store,10.0
2021-10-31,5,1077,539.0,1,47.6,47.6,Website,0.0
2024-01-29,25,1052,3112.0,3,14.18,42.54,MobileApp,15.0
2023-01-16,5,1044,,2,21.79,43.58,Amazon.ae,0.0
2024-08-23,18,1126,297.0,4,23.13,92.52,MobileApp,10.0
2025-09-15,22,1102,1670.0,3,21.54,64.62,Noon,0.0
2021-09-30,40,1091,2091.0,1,8.74,8.74,Amazon.ae,0.0
2023-06-02,42,1064,2745.0,1,17.68,17.68,Store,0.0
2021-12-07,28,1167,1705.0,2,44.15,88.3,Website,0.0
2025-06-02,34,1072,4497.0,3,238.26,714.78,MobileApp,0.0
2025-03-13,11,1037,3040.0,3,125.0,375.0,Website,30.0
2021-05-05,38,1113,4075.0,1,18.97,18.97,Store,25.0
2022-08-17,2,1184,938.0,5,20.17,100.85,MobileApp,10.0
2024-09-25,10,1190,4830.0,2,20.26,40.52,Website,0.0
2024-04-27,12,1090,2753.0,1,36.54,36.54,Store,0.0
2021-05-08,48,1020,,1,7.47,7.47,Amazon.ae,25.0
2021-12-15,7,1123,699.0,2,9.82,19.64,Website,0.0
2023-04-22,29,1071,4135.0,3,5.49,16.47,Website,0.0
2023-04-25,13,1091,2105.0,1,8.74,8.74,Amazon.ae,0.0
2024-05-13,21,1159,4511.0,1,178.08,178.08,Website,0.0
2022-03-06,43,1165,3842.0,1,17.3,17.3,Store,0.0
2024-03-28,12,1088,1039.0,1,17.99,17.99,Website,15.0
2023-12-18,33,1124,10.0,3,23.62,70.86,MobileApp,0.0
2023-08-27,20,1068,,4,95.09,380.36,Store,0.0
2021-05-04,34,1032,2021.0,3,11.37,34.11,Store,25.0
2022-09-25,39,1025,3644.0,2,8.48,16.96,Website,0.0
2024-10-23,24,1104,2267.0,3,21.12,63.36,Store,0.0
2023-02-04,15,1197,3294.0,3,17.58,52.74,MobileApp,0.0
2023-04-19,4,1020,2167.0,3,7.97,23.91,MobileApp,20.0
2022-02-03,33,1107,319.0,2,120.58,241.16,Amazon.ae,25.0
2023-12-12,9,1114,,1,152.42,152.42,Store,0.0
2023-05-07,28,1132,3434.0,4,34.78,139.12,MobileApp,0.0
2024-06-08,38,1060,,1,37.82,37.82,Store,0.0
2021-02-26,13,1079,,5,5.2,26.0,Website,0.0
2022-08-30,40,1092,3384.0,2,25.37,50.74,Amazon.ae,10.0
2024-06-07,43,1146,620.0,1,20.29,20.29,Website,0.0
2021-04-04,35,1168,2460.0,3,19.12,57.36,Store,0.0
2021-07-30,35,1089,4709.0,6,65.95,395.7,MobileApp,0.0
2023-06-07,35,1105,392.0,4,17.04,68.16,Website,0.0
2021-01-22,8,1152,3524.0,2,45.85,91.7,Website,15.0
2022-01-08,6,1188,4955.0,6,15.28,91.68,Store,25.0
2022-05-27,37,1083,157.0,4,13.88,55.52,Website,0.0
2022-07-23,19,1200,2195.0,6,6.74,40.44,Website,10.0
2021-10-24,42,1009,4188.0,3,90.95,272.85,Store,0.0
2022-03-08,19,1170,2508.0,3,21.3,63.9,Website,0.0
2025-05-17,1,1005,4520.0,1,17.7,17.7,Amazon.ae,0.0
2025-08-17,11,1055,1138.0,1,11.14,11.14,MobileApp,0.0
2022-09-08,44,1089,4018.0,1,65.95,65.95,Store,0.0
2022-12-07,22,1187,218.0,3,71.35,214.05,Store,0.0
2023-12-14,9,1132,2948.0,1,34.78,34.78,Store,0.0
2021-02-26,13,1155,3361.0,3,19.45,58.35,Store,15.0
2022-10-23,10,1174,1331.0,1,240.85,240.85,Store,0.0
2021-01-09,35,1184,,2,19.05,38.1,Noon,15.0
2023-10-04,1,1101,,1,24.92,24.92,MobileApp,0.0
2021-05-18,1,1143,3777.0,3,17.21,51.63,Amazon.ae,0.0
2023-04-27,34,1014,2477.0,4,7.83,31.32,Amazon.ae,0.0
2025-05-14,7,1114,3883.0,2,152.42,304.84,Store,0.0
2021-11-16,8,1112,4704.0,2,10.38,20.76,Store,0.0
2021-12-25,26,1148,,2,53.61,107.22,Store,0.0
2021-09-04,16,1165,,1,17.3,17.3,Store,0.0
2021-04-23,18,1120,610.0,3,46.44,139.32,Store,0.0
2022-07-10,25,1138,1729.0,2,46.28,92.56,Website,0.0
2022-01-07,27,1048,,3,13.87,41.61,MobileApp,0.0
2025-10-11,14,1093,1842.0,3,7.98,23.94,Store,0.0
2023-12-30,21,1080,949.0,1,22.25,22.25,Website,0.0
2023-02-14,12,1085,4718.0,4,22.64,90.56,Store,15.0
2021-02-04,24,1198,514.0,4,22.02,88.08,Website,15.0
2025-09-16,42,1123,2068.0,4,9.82,39.28,Store,0.0
2024-12-06,2,1093,,1,7.98,7.98,Store,0.0
2021-04-05,35,1067,3428.0,3,49.57,148.71,Store,0.0
2025-02-11,7,1186,2372.0,3,4.64,13.92,Store,15.0
2024-12-02,24,1151,1812.0,3,121.32,363.96,Store,15.0
2022-01-09,46,1093,3709.0,4,7.98,31.92,Website,0.0
2023-08-26,32,1024,3369.0,2,8.79,17.58,MobileApp,0.0
2025-06-20,9,1165,,1,17.3,17.3,Store,0.0
2025-01-23,16,1182,,5,11.92,59.6,MobileApp,15.0
2025-02-28,50,1077,2900.0,3,40.46,121.38,MobileApp,15.0
2024-11-02,1,1034,1561.0,2,57.56,115.12,Store,0.0
2024-01-20,13,1071,3952.0,1,4.67,4.67,Website,15.0
2025-05-31,39,1052,3514.0,1,16.68,16.68,Store,0.0
2024-01-04,14,1062,4511.0,6,29.18,175.08,Website,0.0
2023-08-29,9,1149,1991.0,1,82.86,82.86,MobileApp,20.0
2023-10-24,37,1193,,1,13.87,13.87,MobileApp,0.0
2024-06-01,46,1071,3394.0,2,5.49,10.98,Noon,0.0
2025-07-14,30,1114,2987.0,2,137.18,274.36,Website,10.0
2024-01-21,11,1129,,6,129.91,779.46,Website,15.0
2021-01-23,12,1129,,1,152.84,152.84,MobileApp,0.0
2024-08-27,18,1116,1800.0,1,78.12,78.12,Store,0.0
2022-09-18,36,1128,,4,26.58,106.32,Store,0.0
2022-12-05,7,1057,,3,26.94,80.82,Store,0.0
2024-06-02,45,1121,1710.0,3,31.88,95.64,Store,0.0
2021-10-29,3,1042,2575.0,2,44.9,89.8,Store,0.0
2025-06-29,4,1111,4234.0,2,12.56,25.12,Store,0.0
2022-12-25,23,1089,4676.0,1,65.95,65.95,Store,0.0
2025-02-14,20,1182,1406.0,1,14.02,14.02,Amazon.ae,0.0
2023-01-09,29,1157,2281.0,6,14.63,87.78,Store,0.0
2022-07-04,4,1170,3846.0,2,21.3,42.6,Store,0.0
2023-09-02,29,1137,3173.0,3,6.72,20.16,MobileApp,0.0
2023-06-02,38,1191,949.0,1,9.9,9.9,Store,0.0
2021-07-17,28,1162,2479.0,1,26.4,26.4,Website,0.0
2021-06-30,5,1072,4642.0,3,238.26,714.78,Website,0.0
2023-08-11,12,1131,321.0,2,18.78,37.56,Website,20.0
2024-08-08,28,1090,1909.0,5,32.89,164.45,Website,10.0
2022-09-14,17,1164,2515.0,2,196.24,392.48,Store,0.0
2022-12-16,7,1156,338.0,1,33.95,33.95,Store,0.0
2022-08-06,18,1046,3002.0,2,58.19,116.38,Noon,0.0
2022-01-19,2,1002,3628.0,4,13.73,54.92,MobileApp,0.0
2025-01-27,1,1053,647.0,5,9.9,49.5,Store,15.0
2023-09-09,26,1040,2806.0,3,84.68,254.04,Store,0.0
2025-05-23,2,1048,,2,13.87,27.74,Store,0.0
2021-05-22,28,1014,1423.0,2,7.83,15.66,Store,0.0
2023-08-05,30,1037,4165.0,5,142.86,714.3,Store,20.0
2025-10-04,8,1127,,2,20.43,40.86,Store,0.0
2021-02-09,9,1111,3108.0,3,10.68,32.04,Website,15.0
2021-11-25,11,1147,4236.0,3,20.74,62.22,Website,0.0
2022-06-17,3,1144,,1,14.46,14.46,Website,0.0
2024-02-04,2,1133,2501.0,3,28.77,86.31,Store,15.0
2023-12-20,46,1176,3967.0,1,6.83,6.83,Website,0.0
2021-11-18,45,1003,,1,12.0,12.0,MobileApp,0.0
2025-03-12,24,1186,3568.0,6,3.82,22.92,Store,30.0
2023-11-15,15,1014,4135.0,2,7.83,15.66,Store,0.0
2024-12-19,36,1034,566.0,2,57.56,115.12,MobileApp,0.0
2025-05-02,43,1072,3719.0,4,238.26,953.04,MobileApp,0.0
2021-10-09,50,1144,4569.0,1,14.46,14.46,Website,0.0
2021-03-27,46,1106,1882.0,3,11.28,33.84,Store,0.0
2023-12-15,17,1018,3992.0,2,55.16,110.32,Amazon.ae,0.0
2021-05-01,48,1045,3533.0,6,105.91,635.46,Noon,25.0
2024-06-01,12,1037,,2,178.57,357.14,Store,0.0
2024-08-30,40,1056,,3,5.38,16.14,Store,10.0
2021-05-03,26,1078,,3,134.8,404.4,Website,25.0
2023-01-28,27,1147,970.0,6,17.63,105.78,Amazon.ae,15.0
2022-07-26,30,1109,1944.0,2,32.75,65.5,Store,10.0
2024-08-30,35,1060,3648.0,4,34.04,136.16,Store,10.0
2022-08-13,12,1037,,1,178.57,178.57,Website,0.0
2023-12-24,50,1150,634.0,4,133.14,532.56,Website,0.0
2022-04-10,43,1181,4779.0,3,28.96,86.88,MobileApp,25.0
2022-10-01,2,1150,,1,133.14,133.14,Website,0.0
2022-06-25,30,1159,4796.0,2,178.08,356.16,Store,0.0
2025-07-20,44,1004,,3,22.34,67.02,Store,10.0
2025-01-19,33,1196,3182.0,5,25.45,127.25,MobileApp,15.0
2023-10-14,45,1072,,1,238.26,238.26,Store,0.0
2023-01-21,28,1016,3070.0,4,16.52,66.08,Store,15.0
2022-07-23,29,1144,,5,14.46,72.3,Store,0.0
2022-09-23,10,1030,,1,22.04,22.04,Store,0.0
2022-12-31,34,1058,,4,45.07,180.28,Store,0.0
2024-12-29,14,1054,,1,9.86,9.86,Store,0.0
2025-05-28,8,1194,1665.0,1,9.63,9.63,Store,0.0
2024-04-15,35,1144,1969.0,1,14.46,14.46,MobileApp,0.0
2021-05-29,39,1182,4516.0,1,14.02,14.02,Store,0.0
2021-04-29,14,1156,,1,25.46,25.46,Noon,25.0
2025-07-29,24,1072,3296.0,1,238.26,238.26,MobileApp,0.0
2025-05-08,41,1050,2777.0,4,17.84,71.36,Website,0.0
2024-04-05,41,1124,657.0,5,23.62,118.1,Store,0.0
2025-07-24,30,1151,4221.0,1,142.73,142.73,Website,0.0
2023-04-19,1,1116,,3,62.5,187.5,Website,20.0
2025-04-20,47,1158,,1,7.27,7.27,Store,0.0
2022-03-13,47,1031,4171.0,1,15.27,15.27,Website,0.0
2024-10-12,8,1028,2957.0,1,41.78,41.78,Store,0.0
2023-02-14,9,1180,4049.0,1,7.14,7.14,MobileApp,15.0
2021-03-21,10,1112,4071.0,1,10.38,10.38,Website,0.0
2024-01-20,7,1189,1705.0,4,66.29,265.16,Website,15.0
2025-03-04,43,1018,62.0,5,55.16,275.8,Store,0.0
2023-02-24,12,1040,,1,71.98,71.98,Website,15.0
2025-03-27,6,1069,4270.0,4,26.81,107.24,Website,30.0
2022-03-11,37,1103,4240.0,1,38.39,38.39,Store,0.0
2025-07-25,50,1125,2582.0,1,26.97,26.97,Store,0.0
2025-05-19,41,1039,1441.0,1,25.91,25.91,Website,0.0
2023-09-16,17,1090,795.0,1,36.54,36.54,Amazon.ae,0.0
2023-05-27,8,1192,1113.0,1,21.97,21.97,Website,0.0
2022-07-21,1,1098,4000.0,3,103.53,310.59,Store,0.0
2022-07-18,18,1102,2615.0,3,21.54,64.62,Website,0.0
2025-06-25,14,1163,2221.0,1,37.39,37.39,Store,0.0
2024-05-19,37,1036,2319.0,2,89.48,178.96,Amazon.ae,0.0
2021-10-05,25,1110,979.0,3,18.41,55.23,MobileApp,0.0
2025-03-02,47,1126,,2,25.7,51.4,Website,0.0
2024-03-26,49,1054,,2,9.86,19.72,MobileApp,0.0
2025-05-23,35,1191,3327.0,1,9.9,9.9,Website,0.0
2023-07-08,31,1056,3121.0,4,4.78,19.12,Store,20.0
2024-04-06,45,1191,303.0,4,8.42,33.68,Website,15.0
2021-12-12,37,1052,1030.0,1,16.68,16.68,MobileApp,0.0
2022-09-28,21,1078,,1,179.73,179.73,Store,0.0
2021-05-13,11,1075,,6,10.7,64.2,Noon,20.0
2024-04-03,46,1011,3127.0,2,17.31,34.62,Website,15.0
2024-05-14,44,1156,4929.0,4,33.95,135.8,MobileApp,0.0
2021-05-22,42,1146,593.0,4,20.29,81.16,Store,0.0
2021-12-01,6,1189,4566.0,1,62.39,62.39,Store,20.0
2024-03-15,32,1107,4860.0,4,136.65,546.6,Store,15.0
2022-06-18,35,1165,276.0,3,17.3,51.9,Store,0.0
2024-07-02,39,1091,769.0,1,7.87,7.87,Website,10.0
2023-01-14,39,1197,3139.0,4,17.58,70.32,Store,0.0
2022-05-10,41,1009,597.0,4,90.95,363.8,Website,0.0
2025-01-01,23,1190,2882.0,6,17.22,103.32,Store,15.0
2023-07-13,46,1097,67.0,3,2.61,7.83,Website,0.0
2025-04-15,38,1003,2630.0,1,12.0,12.0,Website,0.0
2025-07-02,8,1137,,1,6.72,6.72,MobileApp,0.0
2021-01-18,28,1124,4845.0,5,23.62,118.1,Website,0.0
2024-01-26,10,1179,2029.0,1,24.51,24.51,MobileApp,15.0
2023-02-25,4,1012,287.0,6,11.98,71.88,Store,15.0
2022-01-29,22,1001,2624.0,4,123.42,493.68,Website,25.0
2024-01-14,39,1014,865.0,5,7.83,39.15,Store,0.0
2021-08-30,31,1076,4969.0,5,20.18,100.9,Store,10.0
2023-09-17,46,1014,2575.0,3,7.83,23.49,Store,0.0
2025-01-29,45,1050,1900.0,2,15.16,30.32,Website,15.0
2021-11-06,10,1182,4679.0,2,14.02,28.04,Noon,0.0
2024-07-23,26,1079,108.0,4,4.68,18.72,Store,10.0
2023-01-18,1,1044,,1,18.52,18.52,Store,15.0
2023-02-04,41,1101,3114.0,5,21.18,105.9,Website,15.0
2021-01-28,33,1170,1456.0,5,21.3,106.5,Store,0.0
2021-04-23,16,1069,672.0,6,38.3,229.8,Store,0.0
2022-05-19,48,1029,4398.0,2,27.9,55.8,Store,0.0
2024-01-25,18,1144,,3,12.29,36.87,MobileApp,15.0
2025-03-21,15,1048,1691.0,5,9.71,48.55,Website,30.0
2023-02-16,10,1198,,4,22.02,88.08,MobileApp,15.0
2024-02-27,19,1003,2753.0,6,12.0,72.0,Store,0.0
2023-01-09,43,1119,3813.0,1,30.66,30.66,MobileApp,15.0
2022-09-24,3,1125,330.0,1,26.97,26.97,MobileApp,0.0
2021-05-02,1,1200,3909.0,2,7.49,14.98,Store,0.0
2024-08-15,36,1197,4761.0,5,15.82,79.1,Store,10.0
2025-01-01,49,1198,125.0,4,22.02,88.08,Amazon.ae,15.0
2021-08-24,46,1059,3967.0,1,19.11,19.11,MobileApp,10.0
2024-11-21,26,1139,3213.0,2,22.71,45.42,MobileApp,0.0
2022-05-03,39,1017,,1,32.42,32.42,Website,25.0
2025-07-01,31,1008,275.0,4,43.94,175.76,Store,0.0
2022-06-09,47,1138,3768.0,4,46.28,185.12,Website,0.0
2024-06-10,33,1059,4910.0,2,21.23,42.46,Store,0.0
2021-09-27,6,1082,3401.0,3,44.66,133.98,Website,0.0
2022-04-27,15,1012,,6,10.58,63.48,Website,25.0
2022-05-28,39,1089,4861.0,1,65.95,65.95,Noon,0.0
2022-08-11,40,1092,2752.0,2,25.37,50.74,MobileApp,10.0
2024-11-09,11,1167,2963.0,1,44.15,44.15,Store,0.0
2021-12-10,29,1083,4643.0,3,13.88,41.64,Website,0.0
2021-01-05,14,1174,1702.0,6,240.85,1445.1,Store,0.0
2024-01-21,4,1147,4865.0,3,20.74,62.22,Website,0.0
2025-07-07,23,1111,2633.0,5,11.3,56.5,Store,10.0
2024-05-24,24,1006,341.0,2,12.62,25.24,Noon,0.0
2024-06-09,44,1136,,1,60.29,60.29,Store,0.0
2022-06-01,47,1142,1375.0,1,15.64,15.64,Website,0.0
2022-05-02,42,1094,2856.0,6,17.62,105.72,Store,25.0
2025-02-10,6,1170,3225.0,4,18.1,72.4,Store,15.0
2023-04-16,48,1161,,2,66.13,132.26,Website,20.0
2021-08-25,17,1198,1836.0,6,25.91,155.46,Website,0.0
2023-02-12,17,1062,4418.0,4,24.8,99.2,Website,15.0
2024-07-12,24,1041,2366.0,3,13.76,41.28,Store,0.0
2021-01-03,2,1013,781.0,3,35.63,106.89,Store,0.0
2024-04-11,41,1030,,1,17.63,17.63,MobileApp,20.0
2024-06-28,12,1121,,2,31.88,63.76,Website,0.0
2021-12-12,27,1068,4736.0,1,95.09,95.09,Store,0.0
2022-11-30,12,1157,3595.0,1,14.63,14.63,Website,0.0
2025-01-07,4,1085,3813.0,4,22.64,90.56,Store,15.0
2025-05-20,6,1190,4257.0,2,20.26,40.52,MobileApp,0.0
2023-05-04,27,1108,4402.0,2,39.32,78.64,Amazon.ae,0.0
2022-05-16,19,1167,1698.0,1,44.15,44.15,Store,0.0
2024-02-17,25,1073,213.0,2,102.32,204.64,Website,15.0
2023-06-15,6,1168,4657.0,2,19.12,38.24,Store,0.0
2025-05-24,21,1187,1988.0,2,71.35,142.7,MobileApp,0.0
2024-01-02,46,1177,895.0,1,2.41,2.41,Website,15.0
2022-08-07,49,1177,,6,2.84,17.04,Noon,0.0
2022-01-26,28,1137,,1,6.72,6.72,Noon,0.0
2021-06-03,24,1008,2099.0,3,43.94,131.82,Amazon.ae,0.0
2021-10-04,11,1190,1061.0,1,20.26,20.26,Store,0.0
2024-06-23,46,1176,3159.0,3,6.83,20.49,Store,0.0
2023-03-05,16,1089,2173.0,2,65.95,131.9,Amazon.ae,0.0
2023-01-30,30,1108,,3,33.42,100.26,Store,15.0
2022-02-27,27,1174,1847.0,2,240.85,481.7,Store,0.0
2023-06-11,43,1051,2064.0,3,71.35,214.05,Store,0.0
2023-11-15,15,1108,1344.0,1,39.32,39.32,Website,0.0
2021-02-11,8,1112,529.0,3,8.82,26.46,Store,15.0
2022-12-09,7,1003,,4,12.0,48.0,Website,0.0
2022-02-03,8,1189,,4,58.49,233.96,Website,25.0
2023-05-26,30,1085,3237.0,1,26.63,26.63,Noon,0.0
2021-04-22,22,1105,699.0,5,17.04,85.2,Store,0.0
2021-07-28,27,1018,993.0,2,55.16,110.32,Website,0.0
2024-04-29,49,1002,993.0,4,13.73,54.92,Store,0.0
2022-11-22,21,1040,4192.0,1,84.68,84.68,Website,0.0
2022-11-28,20,1068,,3,95.09,285.27,Store,0.0
2021-01-10,7,1055,,2,11.14,22.28,MobileApp,0.0
2023-07-28,29,1009,4815.0,2,72.76,145.52,MobileApp,20.0
2023-07-29,19,1050,1167.0,3,14.27,42.81,Store,20.0
2023-01-23,18,1115,2729.0,4,37.59,150.36,Store,15.0
2022-05-16,11,1093,2394.0,3,7.98,23.94,Website,0.0
2021-09-09,47,1151,,1,142.73,142.73,Store,0.0
2025-04-03,31,1083,,2,13.88,27.76,Store,0.0
2024-11-12,10,1197,,1,17.58,17.58,Store,0.0
2022-07-29,43,1051,2959.0,5,64.22,321.1,Noon,10.0
2024-02-10,27,1163,962.0,3,31.78,95.34,Store,15.0
2021-02-13,40,1103,3787.0,3,32.63,97.89,Amazon.ae,15.0
2021-06-08,29,1104,2119.0,3,21.12,63.36,Store,0.0
2023-01-10,26,1167,4751.0,4,44.15,176.6,Store,0.0
2024-03-10,17,1123,121.0,2,9.82,19.64,Noon,0.0
2025-06-04,34,1188,1444.0,2,20.38,40.76,Website,0.0
2022-10-16,38,1200,,2,7.49,14.98,MobileApp,0.0
2024-06-30,37,1166,15.0,1,49.32,49.32,Website,0.0
2023-10-10,26,1176,2130.0,1,6.83,6.83,Store,0.0
2021-09-28,15,1123,3623.0,2,9.82,19.64,MobileApp,0.0
2025-01-24,9,1184,766.0,3,19.05,57.15,Website,15.0
2024-03-21,45,1007,,1,67.26,67.26,Store,0.0
2024-10-25,32,1095,2146.0,2,20.92,41.84,Amazon.ae,0.0
2024-01-31,14,1029,4236.0,5,27.9,139.5,Website,0.0
2025-07-06,32,1102,2811.0,3,19.39,58.17,Store,10.0
2021-09-05,26,1004,,4,24.82,99.28,Website,0.0
2021-10-29,15,1078,1335.0,2,179.73,359.46,Amazon.ae,0.0
2022-08-29,37,1192,3946.0,1,19.77,19.77,Website,10.0
2025-06-02,9,1194,,2,9.63,19.26,Store,0.0
2025-10-17,27,1197,2502.0,2,17.58,35.16,Store,0.0
2025-06-06,32,1125,,3,26.97,80.91,Store,0.0
2021-05-09,48,1153,1617.0,1,120.54,120.54,MobileApp,25.0
2021-07-05,5,1033,1742.0,6,29.2,175.2,Store,10.0
2023-02-03,48,1156,,1,33.95,33.95,Store,0.0
2023-04-07,4,1012,367.0,1,14.1,14.1,Amazon.ae,0.0
2023-03-04,18,1185,1966.0,3,77.39,232.17,Website,0.0
2021-07-19,48,1073,,1,120.38,120.38,Store,0.0
2021-01-19,18,1019,3687.0,3,211.86,635.58,Website,0.0
2022-11-27,37,1088,,1,21.16,21.16,Amazon.ae,0.0
2021-05-18,37,1130,,1,16.86,16.86,MobileApp,0.0
2025-09-29,34,1019,2159.0,1,211.86,211.86,Website,0.0
2024-01-13,10,1126,,3,21.84,65.52,Store,15.0
2021-10-13,15,1154,,1,15.89,15.89,Website,0.0
2024-07-02,50,1113,,4,22.76,91.04,MobileApp,10.0
2023-02-05,11,1013,,4,30.29,121.16,Store,15.0
2021-10-29,20,1001,1998.0,3,164.56,493.68,Store,0.0
2022-05-07,2,1030,2746.0,1,22.04,22.04,Website,0.0
2023-01-15,36,1091,,4,7.43,29.72,Amazon.ae,15.0
2021-01-03,4,1104,3715.0,5,17.95,89.75,Store,15.0
2024-08-16,31,1113,2317.0,2,25.29,50.58,Amazon.ae,0.0
2023-01-07,17,1064,1627.0,3,17.68,53.04,Website,0.0
2021-03-13,8,1017,,2,43.23,86.46,MobileApp,0.0
2023-06-02,10,1161,4105.0,2,82.66,165.32,Store,0.0
2023-04-23,44,1068,,1,71.32,71.32,Amazon.ae,25.0
2023-02-09,42,1102,3318.0,5,21.54,107.7,Website,0.0
2021-07-13,12,1117,176.0,6,8.95,53.7,Website,10.0
2022-05-27,10,1068,,1,95.09,95.09,Store,0.0
2022-10-04,47,1066,4307.0,4,49.78,199.12,Store,0.0
2022-10-07,35,1017,3070.0,2,43.23,86.46,Store,0.0
2023-09-09,44,1040,2445.0,4,84.68,338.72,Store,0.0
2021-01-31,42,1033,598.0,3,32.44,97.32,Store,0.0
2025-07-13,15,1178,4776.0,4,21.55,86.2,MobileApp,10.0
2021-04-23,5,1065,1479.0,2,133.37,266.74,Store,25.0
2022-12-26,24,1190,2948.0,2,20.26,40.52,MobileApp,0.0
2025-07-12,8,1013,490.0,5,32.07,160.35,MobileApp,10.0
2024-04-26,1,1173,4976.0,3,163.58,490.74,Store,0.0
2024-12-31,45,1135,3681.0,3,50.49,151.47,Store,0.0
2021-04-03,12,1143,2279.0,1,17.21,17.21,Store,0.0
2023-11-03,50,1113,,3,25.29,75.87,Store,0.0
2024-08-15,50,1050,393.0,5,17.84,89.2,MobileApp,0.0
2022-06-19,4,1056,1812.0,1,5.98,5.98,Store,0.0
2025-04-29,45,1154,3842.0,1,15.89,15.89,Website,0.0
2025-08-10,23,1013,3652.0,3,32.07,96.21,Website,10.0
2024-10-04,16,1166,1645.0,2,49.32,98.64,Store,0.0
2025-01-20,29,1030,,3,22.04,66.12,Store,0.0
2023-01-14,33,1171,4795.0,2,41.67,83.34,Website,0.0
2022-12-15,47,1124,3426.0,2,23.62,47.24,MobileApp,0.0
2023-09-11,8,1101,4905.0,3,24.92,74.76,Store,0.0
2022-08-09,23,1137,3.0,3,6.72,20.16,Noon,0.0
2024-02-12,44,1039,3631.0,4,22.02,88.08,Store,15.0
2024-01-11,11,1076,81.0,1,19.06,19.06,Noon,15.0
2025-06-18,44,1143,2553.0,3,17.21,51.63,Store,0.0
2022-01-21,3,1177,,1,2.84,2.84,Store,0.0
2023-07-21,4,1199,,4,183.91,735.64,Website,20.0
2022-01-04,39,1039,,1,19.43,19.43,Website,25.0
2024-02-21,26,1001,3038.0,1,164.56,164.56,Store,0.0
2022-03-10,37,1134,,3,13.83,41.49,Store,0.0
2021-06-18,10,1174,,1,240.85,240.85,Store,0.0
2025-04-30,40,1101,,1,24.92,24.92,Amazon.ae,0.0
2024-07-25,37,1007,,1,60.53,60.53,Store,10.0
2025-02-09,41,1022,4455.0,3,54.82,164.46,Store,0.0
2021-05-27,23,1133,4463.0,1,33.85,33.85,Amazon.ae,0.0
2022-07-21,20,1143,1262.0,6,17.21,103.26,Website,0.0
2021-05-09,20,1197,4591.0,3,13.18,39.54,Store,25.0
2023-11-08,36,1172,3299.0,4,113.45,453.8,Store,0.0
2023-05-13,18,1177,4118.0,3,2.84,8.52,Store,0.0
2022-02-27,15,1047,3690.0,2,27.08,54.16,Website,25.0
2024-07-24,45,1193,,6,13.87,83.22,Store,0.0
2025-03-07,40,1084,203.0,2,47.89,95.78,Website,0.0
2022-07-30,43,1166,1369.0,3,49.32,147.96,Store,0.0
2023-01-19,35,1161,,5,70.26,351.3,Store,15.0
2021-07-03,17,1096,4450.0,3,101.96,305.88,Website,10.0
2025-07-13,49,1123,4649.0,2,8.84,17.68,Amazon.ae,10.0
2023-03-11,13,1037,,1,178.57,178.57,Store,0.0
2022-04-12,5,1035,2994.0,1,245.38,245.38,Store,0.0
2021-07-22,31,1141,1086.0,5,8.45,42.25,MobileApp,0.0
2024-12-26,34,1098,244.0,1,103.53,103.53,Website,0.0
2023-06-30,5,1061,4604.0,2,53.82,107.64,Store,0.0
2023-01-20,23,1025,4997.0,2,8.48,16.96,MobileApp,0.0
2025-07-19,22,1095,,1,20.92,20.92,Amazon.ae,0.0
2022-02-06,11,1079,,5,3.9,19.5,Noon,25.0
2025-03-31,42,1114,,5,152.42,762.1,Website,0.0
2025-03-16,25,1076,1545.0,5,15.69,78.45,Amazon.ae,30.0
2022-11-04,8,1105,,3,17.04,51.12,Store,0.0
2025-01-18,42,1157,1872.0,3,12.44,37.32,Store,15.0
2024-07-05,12,1112,986.0,4,9.34,37.36,Noon,10.0
2022-08-05,4,1010,549.0,1,16.43,16.43,Website,0.0
2024-03-23,14,1183,1779.0,3,113.72,341.16,Website,15.0
2021-05-23,26,1120,2599.0,2,46.44,92.88,Website,0.0
2021-04-21,12,1191,2069.0,3,9.9,29.7,Store,0.0
2024-01-11,11,1064,,2,17.68,35.36,Website,0.0
2021-07-22,19,1135,3643.0,2,37.87,75.74,Store,25.0
2021-04-21,36,1074,1319.0,6,47.0,282.0,Amazon.ae,25.0
2023-08-09,1,1183,1103.0,5,107.03,535.15,Store,20.0
2021-09-06,1,1085,2188.0,1,26.63,26.63,Amazon.ae,0.0
2025-09-16,48,1082,,2,44.66,89.32,MobileApp,0.0
2023-06-17,47,1198,4710.0,1,25.91,25.91,Store,0.0
2024-10-05,26,1072,1347.0,1,238.26,238.26,Website,0.0
2025-02-22,26,1132,1685.0,3,34.78,104.34,Website,0.0
2024-01-13,39,1171,,5,35.42,177.1,Noon,15.0
2021-03-14,22,1084,156.0,3,47.89,143.67,Store,0.0
2025-08-02,34,1063,738.0,2,14.6,29.2,Store,10.0
2021-05-29,46,1161,2487.0,2,82.66,165.32,Store,0.0
2022-06-13,28,1129,4726.0,2,152.84,305.68,Amazon.ae,0.0
2022-10-23,7,1082,4028.0,3,44.66,133.98,Website,0.0
2023-02-20,15,1154,609.0,2,15.89,31.78,MobileApp,0.0
2023-07-04,3,1114,1383.0,1,121.94,121.94,Amazon.ae,20.0
2025-09-20,18,1134,4714.0,1,13.83,13.83,Store,0.0
2021-02-04,22,1039,,3,25.91,77.73,Store,0.0
2023-05-23,38,1042,4966.0,1,44.9,44.9,Website,0.0
2023-09-27,3,1112,,1,10.38,10.38,Store,0.0
2023-05-14,28,1015,,4,27.13,108.52,Store,0.0
2025-02-22,20,1016,4545.0,5,19.44,97.2,Store,0.0
2024-11-16,33,1094,1703.0,1,23.5,23.5,Store,0.0
2021-09-02,19,1192,,2,21.97,43.94,Store,0.0
2023-12-19,4,1163,317.0,2,37.39,74.78,Store,0.0
2024-02-14,11,1085,4734.0,3,22.64,67.92,MobileApp,15.0
2025-06-11,42,1019,1917.0,1,211.86,211.86,Website,0.0
2023-03-11,36,1123,,2,9.82,19.64,Store,0.0
2022-08-19,49,1101,1925.0,3,22.43,67.29,Website,10.0
2023-10-26,41,1033,3117.0,2,32.44,64.88,Store,0.0
2021-07-01,49,1058,153.0,5,45.07,225.35,Store,0.0
2024-03-06,5,1155,3107.0,2,22.88,45.76,Store,0.0
2024-02-26,34,1022,3486.0,6,54.82,328.92,Website,0.0
2024-03-03,47,1087,1241.0,1,9.42,9.42,Store,0.0
2024-02-17,19,1121,3965.0,3,27.1,81.3,Website,15.0
2022-03-26,48,1001,553.0,2,164.56,329.12,Store,0.0
2025-06-09,49,1076,,3,16.82,50.46,Website,25.0
2024-06-02,39,1197,,2,17.58,35.16,Store,0.0
2022-04-10,4,1155,1992.0,2,17.16,34.32,Store,25.0
2021-06-16,37,1179,949.0,3,28.84,86.52,Website,0.0
2022-06-08,3,1147,228.0,3,20.74,62.22,Store,0.0
2024-06-20,47,1053,,1,11.65,11.65,Store,0.0
2024-04-29,37,1194,,1,9.63,9.63,MobileApp,0.0
2021-12-07,37,1058,1619.0,2,45.07,90.14,MobileApp,0.0
2025-06-17,22,1116,4436.0,2,78.12,156.24,Store,0.0
2021-01-07,38,1144,3123.0,3,12.29,36.87,Website,15.0
2025-06-12,30,1003,1570.0,2,12.0,24.0,Store,0.0
2021-06-28,30,1141,,1,8.45,8.45,Amazon.ae,0.0
2024-12-21,20,1003,1699.0,1,12.0,12.0,Store,0.0
2024-02-28,21,1141,,4,8.45,33.8,Amazon.ae,0.0
2024-04-19,18,1120,2508.0,1,46.44,46.44,Website,0.0
2024-01-20,26,1056,3881.0,1,5.98,5.98,Store,0.0
2022-10-30,32,1197,1067.0,3,17.58,52.74,Store,0.0
2023-01-11,4,1008,177.0,3,37.35,112.05,Website,15.0
2024-06-04,41,1152,3414.0,1,53.94,53.94,MobileApp,0.0
2025-04-08,10,1020,,3,9.96,29.88,Store,0.0
2024-01-21,32,1128,2364.0,2,26.58,53.16,MobileApp,0.0
2021-06-28,10,1128,2619.0,3,26.58,79.74,Store,0.0
2024-11-08,15,1049,,2,118.16,236.32,Store,0.0
2023-09-06,2,1024,3967.0,1,8.79,8.79,Store,0.0
2022-10-22,1,1032,1467.0,3,15.16,45.48,MobileApp,0.0
2023-02-06,21,1033,,1,27.57,27.57,Amazon.ae,15.0
2023-11-16,29,1050,1261.0,1,17.84,17.84,Website,0.0
2025-03-29,44,1153,3175.0,3,112.5,337.5,MobileApp,30.0
2021-02-01,19,1113,1812.0,5,21.5,107.5,MobileApp,15.0
2022-11-08,44,1022,2960.0,1,54.82,54.82,Store,0.0
2024-06-04,29,1092,2970.0,1,28.19,28.19,Website,0.0
2022-03-08,35,1179,1573.0,1,28.84,28.84,Store,0.0
2023-06-11,50,1121,4878.0,1,31.88,31.88,Store,0.0
2021-01-25,14,1086,,3,12.8,38.4,Website,15.0
2025-05-27,14,1187,1474.0,1,71.35,71.35,Website,0.0
2025-07-19,9,1046,4704.0,5,58.19,290.95,Store,0.0
2021-07-17,6,1151,,1,128.46,128.46,MobileApp,10.0
2021-07-20,1,1095,4904.0,3,15.69,47.07,Website,25.0
2025-05-29,32,1080,4320.0,2,22.25,44.5,Store,0.0
2022-06-16,47,1109,,1,36.39,36.39,Website,0.0
2024-05-20,47,1171,,3,41.67,125.01,Website,0.0
2025-01-30,30,1113,739.0,2,21.5,43.0,Store,15.0
2021-02-07,37,1075,3256.0,2,11.36,22.72,Website,15.0
2022-05-21,46,1167,4841.0,2,44.15,88.3,Store,0.0
2021-07-21,32,1123,4052.0,5,7.36,36.8,Store,25.0
2024-10-28,17,1065,,4,177.83,711.32,MobileApp,0.0
2025-07-20,47,1063,1458.0,1,14.6,14.6,MobileApp,10.0
2022-01-12,38,1179,3366.0,2,21.63,43.26,Website,25.0
2021-01-31,32,1034,3409.0,4,57.56,230.24,Noon,0.0
2023-03-22,37,1186,3724.0,1,5.46,5.46,Store,0.0
2021-03-13,19,1196,4863.0,2,29.94,59.88,Store,0.0
2024-12-13,45,1130,2901.0,2,16.86,33.72,Amazon.ae,0.0
2024-09-02,39,1182,,2,14.02,28.04,Amazon.ae,0.0
2024-01-08,31,1009,743.0,2,90.95,181.9,Store,0.0
2024-07-31,9,1136,4696.0,1,60.29,60.29,Website,0.0
2025-01-21,37,1075,2726.0,5,13.37,66.85,Store,0.0
2024-06-01,1,1042,1923.0,2,44.9,89.8,MobileApp,0.0
2022-10-30,19,1106,,2,11.28,22.56,Store,0.0
2022-07-09,10,1146,3559.0,1,18.26,18.26,Website,10.0
2023-03-28,23,1106,4613.0,2,9.02,18.04,Website,20.0
2025-04-18,25,1011,3610.0,3,20.37,61.11,MobileApp,0.0
2024-12-27,31,1193,,1,13.87,13.87,Store,0.0
2023-04-01,3,1029,4078.0,3,27.9,83.7,Store,0.0
2024-09-08,33,1111,,3,12.56,37.68,MobileApp,0.0
2022-11-17,4,1072,1219.0,2,238.26,476.52,MobileApp,0.0
2023-02-12,35,1139,,4,19.3,77.2,Store,15.0
2022-07-16,1,1185,1969.0,3,69.65,208.95,Store,10.0
2022-09-02,5,1155,26.0,2,22.88,45.76,Store,0.0
2021-02-15,9,1151,2069.0,5,142.73,713.65,Website,0.0
2023-12-14,44,1024,1503.0,2,8.79,17.58,Website,0.0
2024-05-05,29,1060,,1,37.82,37.82,Website,0.0
2022-12-02,49,1084,,1,43.1,43.1,MobileApp,10.0
2021-10-04,12,1054,1297.0,4,9.86,39.44,Store,0.0
2021-09-18,45,1092,2538.0,4,28.19,112.76,Store,0.0
2021-05-03,49,1027,3384.0,2,4.54,9.08,Store,25.0
2022-08-20,14,1173,,4,147.22,588.88,Store,10.0
2021-03-24,45,1004,4419.0,2,24.82,49.64,Store,0.0
2021-05-04,38,1171,2911.0,5,31.25,156.25,Website,25.0
2023-03-10,31,1188,4058.0,1,20.38,20.38,Store,0.0
2023-11-01,25,1051,,1,71.35,71.35,Website,0.0
2024-02-24,32,1155,4237.0,3,19.45,58.35,Store,15.0
2023-04-15,23,1193,,3,13.87,41.61,Website,0.0
2022-11-24,47,1146,4032.0,1,20.29,20.29,Store,0.0
2021-01-02,33,1113,1823.0,5,25.29,126.45,Website,0.0
2022-05-09,46,1185,3900.0,4,77.39,309.56,Store,0.0
2024-04-12,33,1100,4768.0,1,14.57,14.57,MobileApp,20.0
2023-05-05,24,1144,,1,14.46,14.46,MobileApp,0.0
2023-12-19,15,1050,2400.0,1,17.84,17.84,Amazon.ae,0.0
2023-02-21,35,1087,643.0,2,8.01,16.02,Store,15.0
2024-02-05,43,1194,4303.0,3,8.19,24.57,MobileApp,15.0
2025-04-29,36,1062,,3,29.18,87.54,Store,0.0
2021-11-20,45,1103,2624.0,2,38.39,76.78,Website,0.0
2023-07-02,42,1013,1289.0,6,28.5,171.0,Store,20.0
2024-01-05,12,1035,,4,245.38,981.52,Website,0.0
2023-03-23,37,1099,1674.0,1,39.87,39.87,Website,20.0
2022-05-01,45,1140,3972.0,3,26.89,80.67,Store,25.0
2021-05-07,40,1040,,1,63.51,63.51,Store,25.0
2022-09-02,46,1123,3363.0,3,9.82,29.46,Store,0.0
2025-09-02,7,1048,,3,13.87,41.61,Website,0.0
2021-07-24,28,1006,4085.0,1,11.36,11.36,Website,10.0
2024-02-25,13,1074,,6,62.67,376.02,Website,0.0
2021-12-09,27,1111,649.0,4,12.56,50.24,Store,0.0
2023-12-28,18,1056,,3,5.98,17.94,Store,0.0
2025-09-06,8,1159,4040.0,1,178.08,178.08,Store,0.0
2021-07-11,48,1086,1902.0,6,13.55,81.3,MobileApp,10.0
2022-04-19,12,1127,2907.0,4,15.32,61.28,Website,25.0
2023-03-08,47,1188,,1,20.38,20.38,MobileApp,0.0
2021-01-18,30,1111,4966.0,4,10.68,42.72,Website,15.0
2022-10-04,23,1059,3843.0,3,21.23,63.69,Store,0.0
2022-06-23,38,1090,2411.0,1,36.54,36.54,Store,0.0
2023-06-04,32,1162,,2,26.4,52.8,Store,0.0
2023-10-24,9,1175,,3,59.84,179.52,Store,0.0
2024-07-27,3,1045,2774.0,5,141.21,706.05,Amazon.ae,0.0
2024-04-13,15,1169,459.0,2,6.09,12.18,Store,0.0
2022-05-30,7,1130,2910.0,2,16.86,33.72,Website,0.0
2025-04-22,1,1198,1058.0,1,25.91,25.91,MobileApp,0.0
2021-03-20,38,1039,2890.0,1,25.91,25.91,Store,0.0
2022-06-05,16,1002,3342.0,4,13.73,54.92,Website,0.0
2025-01-25,2,1005,,2,15.04,30.08,Website,15.0
2023-05-11,27,1158,241.0,1,7.27,7.27,Website,0.0
2023-06-10,20,1106,1079.0,1,11.28,11.28,Store,0.0
2025-07-21,31,1131,971.0,4,23.47,93.88,MobileApp,0.0
2023-06-26,30,1192,2475.0,1,21.97,21.97,Noon,0.0
2021-08-28,14,1077,,1,47.6,47.6,Store,0.0
2022-12-04,49,1181,1904.0,3,38.61,115.83,Store,0.0
2025-02-28,28,1185,4435.0,5,65.78,328.9,Website,15.0
2023-12-31,9,1005,3322.0,1,17.7,17.7,Store,0.0
2025-02-08,1,1064,,6,15.03,90.18,Website,15.0
2024-05-18,34,1052,4375.0,1,16.68,16.68,Store,0.0
2021-04-23,12,1098,,6,77.65,465.9,Amazon.ae,25.0
2022-10-19,34,1194,850.0,1,9.63,9.63,Store,0.0
2023-08-12,42,1042,134.0,5,35.92,179.6,Store,20.0
2022-10-25,18,1040,2394.0,2,84.68,169.36,Store,0.0
2022-09-27,8,1053,3029.0,2,11.65,23.3,MobileApp,0.0
2024-02-19,36,1161,214.0,3,70.26,210.78,Website,15.0
2022-01-18,25,1085,2189.0,2,26.63,53.26,MobileApp,0.0
2025-01-26,48,1050,2381.0,2,17.84,35.68,Store,0.0
2024-03-23,25,1056,4016.0,5,5.08,25.4,Store,15.0
2024-02-27,48,1125,2155.0,1,26.97,26.97,Website,0.0
2023-06-04,29,1176,136.0,1,6.83,6.83,MobileApp,0.0
2024-08-05,31,1173,3051.0,5,147.22,736.1,Amazon.ae,10.0
2023-11-07,28,1044,4061.0,3,21.79,65.37,Store,0.0
2023-06-06,21,1150,3442.0,1,133.14,133.14,Store,0.0
2023-06-24,7,1033,600.0,2,32.44,64.88,Store,0.0
2023-02-28,36,1026,2142.0,3,5.7,17.1,Amazon.ae,0.0
2022-07-21,47,1003,,3,10.8,32.4,Website,10.0
2022-10-17,13,1055,4888.0,1,11.14,11.14,Store,0.0
2024-05-26,17,1149,419.0,4,103.58,414.32,Amazon.ae,0.0
2025-05-20,38,1193,4933.0,2,13.87,27.74,Amazon.ae,0.0
2024-08-03,23,1070,1887.0,3,37.97,113.91,Website,10.0
2023-11-21,30,1116,,1,78.12,78.12,Noon,0.0
2023-12-02,50,1075,2028.0,1,11.36,11.36,MobileApp,15.0
2021-06-19,11,1152,,3,53.94,161.82,Website,0.0
2022-08-03,33,1041,1272.0,2,12.38,24.76,Store,10.0
2022-04-02,36,1197,2283.0,4,13.18,52.72,Website,25.0
2021-12-25,47,1167,,1,44.15,44.15,MobileApp,0.0
2024-06-29,47,1046,208.0,1,58.19,58.19,Website,0.0
2025-05-14,32,1027,3300.0,1,6.05,6.05,MobileApp,0.0
2023-03-11,2,1029,2.0,4,27.9,111.6,Website,0.0
2023-12-03,25,1052,2184.0,5,16.68,83.4,MobileApp,0.0
2023-07-04,1,1137,1228.0,5,5.38,26.9,Store,20.0
2021-12-27,50,1084,1002.0,4,47.89,191.56,MobileApp,0.0
2025-10-17,14,1062,1120.0,1,29.18,29.18,Store,0.0
2024-12-01,22,1097,3517.0,6,1.7,10.2,Website,35.0
2024-09-18,22,1109,825.0,1,36.39,36.39,Website,0.0
2023-01-26,29,1035,4586.0,3,208.57,625.71,Website,15.0
2022-03-16,20,1048,4729.0,1,13.87,13.87,Store,0.0
2022-06-26,21,1044,4195.0,1,21.79,21.79,Store,0.0
2025-08-10,34,1146,4285.0,4,18.26,73.04,MobileApp,10.0
2025-09-14,39,1128,1533.0,3,26.58,79.74,Store,0.0
2024-12-21,6,1154,1011.0,1,15.89,15.89,Website,0.0
2024-09-08,4,1136,,3,60.29,180.87,Store,0.0
2025-05-13,14,1169,,1,6.09,6.09,Website,0.0
2024-01-21,18,1041,2202.0,1,11.7,11.7,Store,15.0
2023-01-21,29,1002,,2,13.73,27.46,Website,0.0
2022-12-06,11,1164,1586.0,1,196.24,196.24,Store,0.0
2022-05-30,13,1192,862.0,2,21.97,43.94,Store,0.0
2024-10-22,15,1072,4904.0,4,238.26,953.04,Store,0.0
2021-05-01,4,1064,4715.0,5,13.26,66.3,Amazon.ae,25.0
2023-07-27,41,1086,1970.0,2,15.06,30.12,Noon,0.0
2024-03-23,19,1092,1009.0,3,28.19,84.57,Website,0.0
2023-12-21,46,1177,4724.0,1,2.84,2.84,Store,0.0
2022-05-03,18,1052,4976.0,2,16.68,33.36,Store,0.0
2024-11-06,43,1154,704.0,2,15.89,31.78,Website,0.0
2022-09-20,45,1077,,4,47.6,190.4,Store,0.0
2021-08-16,45,1183,,3,133.79,401.37,Website,0.0
2022-04-28,46,1164,,1,147.18,147.18,Store,25.0
2023-08-19,11,1087,1730.0,1,7.54,7.54,Website,20.0
2021-01-26,40,1180,,6,7.14,42.84,Store,15.0
2022-06-14,12,1141,4979.0,3,8.45,25.35,MobileApp,0.0
2024-05-27,44,1114,2190.0,1,152.42,152.42,Website,0.0
2023-07-13,17,1100,4530.0,3,14.57,43.71,MobileApp,20.0
2024-03-24,16,1018,3240.0,5,46.89,234.45,Website,15.0
2022-04-21,32,1065,,1,133.37,133.37,Store,25.0
2024-12-20,12,1009,4938.0,2,90.95,181.9,Website,0.0
2022-04-13,11,1030,830.0,4,16.53,66.12,Store,25.0
2024-06-28,13,1003,,1,12.0,12.0,Website,0.0
2024-08-05,26,1021,3704.0,5,28.83,144.15,Store,0.0
2021-01-31,42,1133,,2,33.85,67.7,Store,0.0
2021-01-23,44,1138,,3,39.34,118.02,Website,15.0
2022-09-29,46,1191,2550.0,1,9.9,9.9,Store,0.0
2024-05-22,42,1137,,2,6.72,13.44,Store,0.0
2023-04-25,47,1043,,4,23.45,93.8,Amazon.ae,0.0
2021-02-14,50,1019,1046.0,1,211.86,211.86,Store,0.0
2021-02-23,24,1087,1587.0,4,8.01,32.04,Store,15.0
2025-04-23,23,1118,1732.0,4,23.7,94.8,Store,0.0
2025-05-12,1,1132,3385.0,2,34.78,69.56,Store,0.0
2021-08-10,13,1130,1183.0,6,16.86,101.16,Website,0.0
2024-08-04,45,1044,,1,21.79,21.79,Website,0.0
2021-01-03,15,1181,,4,38.61,154.44,Website,0.0
2025-10-14,12,1007,3910.0,1,67.26,67.26,Store,0.0
2023-12-23,33,1142,1735.0,1,15.64,15.64,Store,0.0
2021-02-13,19,1016,,5,19.44,97.2,Website,0.0
2022-12-28,5,1043,,2,23.45,46.9,Store,0.0
2022-08-06,49,1004,8.0,1,22.34,22.34,MobileApp,10.0
2022-06-26,22,1168,,3,19.12,57.36,Website,0.0
2025-06-30,23,1150,1468.0,1,133.14,133.14,Store,0.0
2021-01-09,35,1041,3106.0,4,13.76,55.04,Store,0.0
2023-09-11,17,1100,1434.0,1,18.21,18.21,Website,0.0
2023-02-19,31,1124,,3,23.62,70.86,MobileApp,0.0
2022-09-12,26,1111,,2,12.56,25.12,Website,0.0
2021-11-16,26,1132,3191.0,1,34.78,34.78,MobileApp,0.0
2024-03-16,20,1075,,3,13.37,40.11,Website,0.0
2024-06-16,17,1021,2757.0,1,28.83,28.83,Amazon.ae,0.0
2021-10-26,50,1197,739.0,2,17.58,35.16,Store,0.0
2023-01-07,7,1050,2614.0,3,17.84,53.52,MobileApp,0.0
2021-12-13,8,1054,,1,9.86,9.86,Store,0.0
2023-02-09,42,1197,,5,17.58,87.9,Website,0.0
2021-06-08,10,1134,1797.0,1,13.83,13.83,Noon,0.0
2025-06-13,43,1065,,2,177.83,355.66,Website,0.0
2022-12-10,6,1012,50.0,1,14.1,14.1,Store,0.0
2025-09-02,17,1036,1314.0,4,89.48,357.92,Store,0.0
2021-12-12,10,1134,4394.0,1,13.83,13.83,Noon,0.0
2021-06-18,44,1045,1402.0,2,141.21,282.42,Store,0.0
2022-10-09,42,1144,3218.0,3,14.46,43.38,MobileApp,0.0
2023-05-21,47,1001,,4,164.56,658.24,Store,0.0
2022-05-26,18,1126,4557.0,1,25.7,25.7,MobileApp,0.0
2024-10-01,49,1197,4019.0,4,17.58,70.32,Store,0.0
2025-03-27,19,1002,2585.0,2,13.73,27.46,Store,0.0
2021-09-14,35,1007,236.0,2,67.26,134.52,Store,0.0
2022-11-14,26,1104,4135.0,4,21.12,84.48,Store,0.0
2024-07-31,25,1040,1365.0,2,84.68,169.36,Store,0.0
2023-08-15,11,1170,1158.0,2,17.04,34.08,Website,20.0
2021-10-30,28,1003,4526.0,1,12.0,12.0,Store,0.0
2022-10-08,38,1007,4562.0,3,67.26,201.78,Website,0.0
2022-02-08,27,1045,,1,105.91,105.91,Website,25.0
2025-07-01,40,1116,,1,70.31,70.31,Store,10.0
2023-03-12,29,1155,841.0,3,22.88,68.64,Website,0.0
2025-01-04,46,1066,,5,42.31,211.55,MobileApp,15.0
2025-04-24,18,1154,197.0,4,15.89,63.56,Store,0.0
2025-06-24,29,1190,1825.0,1,20.26,20.26,Store,0.0
2024-05-04,46,1174,2857.0,1,240.85,240.85,Website,0.0
2024-09-26,15,1153,4902.0,3,160.72,482.16,Website,0.0
2024-11-11,18,1100,2198.0,4,18.21,72.84,MobileApp,0.0
2025-10-04,33,1142,,1,15.64,15.64,Website,0.0
2024-11-01,23,1061,2931.0,1,53.82,53.82,Store,0.0
2022-02-08,49,1179,3896.0,1,28.84,28.84,Website,0.0
2023-07-17,19,1196,2444.0,3,23.95,71.85,Store,20.0
2023-10-03,31,1193,,2,13.87,27.74,Store,0.0
2023-11-21,45,1148,215.0,2,53.61,107.22,Website,0.0
2025-01-04,22,1077,2044.0,4,40.46,161.84,Amazon.ae,15.0
2024-06-11,28,1006,8.0,1,12.62,12.62,Store,0.0
2025-10-14,44,1175,4464.0,1,59.84,59.84,Store,0.0
2021-12-04,22,1102,,2,21.54,43.08,MobileApp,0.0
2021-06-06,24,1084,,2,47.89,95.78,Store,0.0
2022-06-29,21,1158,3373.0,1,7.27,7.27,Website,0.0
2022-12-15,14,1014,3566.0,4,7.83,31.32,Website,0.0
2025-01-25,30,1074,4738.0,2,53.27,106.54,Store,15.0
2021-08-25,2,1159,,3,178.08,534.24,Store,0.0
2025-04-24,3,1059,,2,21.23,42.46,Website,0.0
2021-08-07,10,1006,,5,11.36,56.8,Store,10.0
2023-09-02,47,1060,3013.0,1,37.82,37.82,Website,0.0
2025-05-14,11,1200,,1,7.49,7.49,Store,0.0
2023-08-26,49,1037,2758.0,5,142.86,714.3,MobileApp,20.0
2022-09-27,2,1092,4110.0,3,28.19,84.57,Store,0.0
2022-01-04,19,1187,3949.0,6,71.35,428.1,Store,0.0
2023-02-19,50,1115,3793.0,1,37.59,37.59,Store,15.0
2023-12-30,35,1199,394.0,1,229.89,229.89,Store,0.0
2024-04-17,17,1171,4632.0,3,41.67,125.01,Amazon.ae,0.0
2023-05-31,15,1002,2941.0,1,13.73,13.73,Store,0.0
2024-03-15,24,1091,,1,7.43,7.43,MobileApp,15.0
2025-02-02,17,1001,2956.0,1,164.56,164.56,MobileApp,0.0
2021-02-16,18,1114,4427.0,1,129.56,129.56,Store,15.0
2024-03-31,36,1117,,3,9.94,29.82,Amazon.ae,0.0
2021-07-20,21,1094,4474.0,1,17.62,17.62,MobileApp,25.0
2024-12-27,28,1075,1173.0,2,13.37,26.74,Store,0.0
2025-09-06,45,1148,346.0,3,53.61,160.83,Amazon.ae,0.0
2024-08-22,33,1145,605.0,2,11.46,22.92,Website,0.0
2025-08-27,20,1020,2090.0,2,9.96,19.92,Website,0.0
2025-08-04,24,1007,253.0,2,60.53,121.06,Store,10.0
2022-12-02,32,1066,,1,44.8,44.8,Store,10.0
2025-02-11,30,1137,,1,5.71,5.71,Noon,15.0
2021-02-11,22,1051,393.0,2,60.65,121.3,MobileApp,15.0
2022-07-17,15,1148,,4,48.25,193.0,Website,10.0
2022-03-12,30,1197,4588.0,1,17.58,17.58,Store,0.0
2022-12-22,26,1171,2154.0,1,41.67,41.67,Amazon.ae,0.0
2021-08-01,7,1163,1346.0,6,33.65,201.9,MobileApp,10.0
2025-03-11,5,1063,4751.0,3,11.35,34.05,MobileApp,30.0
2025-02-22,50,1021,342.0,3,28.83,86.49,Website,0.0
2025-05-27,26,1019,,1,211.86,211.86,Store,0.0
2021-08-31,20,1181,,4,38.61,154.44,Store,0.0
2023-07-29,50,1013,579.0,2,35.63,71.26,MobileApp,0.0
2024-10-30,11,1161,2270.0,1,82.66,82.66,Website,0.0
2021-09-17,22,1160,,2,6.18,12.36,Store,0.0
2023-08-26,10,1167,21.0,4,35.32,141.28,Amazon.ae,20.0
2023-08-22,49,1043,784.0,5,23.45,117.25,MobileApp,0.0
2025-03-06,11,1023,3350.0,5,42.57,212.85,Amazon.ae,30.0
2024-03-07,11,1100,212.0,2,18.21,36.42,Store,0.0
2022-05-04,38,1030,698.0,5,22.04,110.2,Store,0.0
2021-12-05,29,1040,,2,84.68,169.36,Store,0.0
2021-10-02,46,1184,973.0,1,22.41,22.41,Store,0.0
2025-02-25,2,1064,2587.0,2,17.68,35.36,Website,0.0
2023-10-20,25,1128,879.0,1,26.58,26.58,Website,0.0
2022-01-19,37,1051,,4,53.51,214.04,Website,25.0
2022-04-17,38,1125,970.0,6,20.23,121.38,Website,25.0
2025-05-14,40,1120,4941.0,1,46.44,46.44,Store,0.0
2023-11-02,17,1137,580.0,4,6.72,26.88,Store,0.0
2022-12-22,38,1072,2810.0,1,238.26,238.26,Amazon.ae,0.0
2024-09-27,48,1179,934.0,2,28.84,57.68,Store,0.0
2023-10-13,12,1017,2282.0,4,43.23,172.92,Website,0.0
2022-11-30,31,1197,2650.0,3,17.58,52.74,Store,0.0
2021-03-25,33,1003,239.0,1,12.0,12.0,Store,0.0
2022-01-26,40,1067,3822.0,2,49.57,99.14,MobileApp,0.0
2023-07-17,18,1132,555.0,3,34.78,104.34,MobileApp,0.0
2024-10-04,19,1105,4060.0,3,17.04,51.12,Website,0.0
2024-02-19,50,1112,308.0,6,10.38,62.28,Store,0.0
2021-01-29,23,1032,1806.0,6,15.16,90.96,MobileApp,0.0
2023-09-03,48,1091,1070.0,4,8.74,34.96,Store,0.0
2022-07-02,28,1106,4359.0,3,10.15,30.45,Amazon.ae,10.0
2025-06-01,4,1061,,2,53.82,107.64,Store,0.0
2021-05-13,48,1134,672.0,3,13.83,41.49,MobileApp,0.0
2023-05-12,34,1077,1363.0,2,47.6,95.2,Store,0.0
2025-09-03,3,1091,3534.0,3,8.74,26.22,Website,0.0
2023-05-05,23,1090,2881.0,1,36.54,36.54,MobileApp,0.0
2025-03-26,3,1019,4262.0,5,148.3,741.5,MobileApp,30.0
2022-10-26,20,1125,4943.0,2,26.97,53.94,Store,0.0
2024-01-13,4,1052,493.0,6,14.18,85.08,MobileApp,15.0
2023-06-10,40,1018,,1,55.16,55.16,Store,0.0
2025-02-22,40,1110,,1,15.65,15.65,Noon,15.0
2024-06-17,44,1010,,3,16.43,49.29,Website,0.0
2024-01-14,10,1160,499.0,6,5.25,31.5,MobileApp,15.0
2021-04-01,32,1192,,1,21.97,21.97,Noon,0.0
2022-05-25,34,1055,,2,11.14,22.28,MobileApp,0.0
2024-07-23,2,1048,2518.0,4,13.87,55.48,Store,0.0
2022-02-26,6,1183,2760.0,5,133.79,668.95,Store,0.0
2025-07-13,48,1166,1683.0,3,44.39,133.17,Website,10.0
2025-05-17,14,1184,4034.0,3,22.41,67.23,Store,0.0
2021-01-09,23,1009,,3,90.95,272.85,Store,0.0
2025-03-09,42,1039,4758.0,2,18.14,36.28,Store,30.0
2021-12-19,2,1018,1694.0,1,55.16,55.16,Website,0.0
2024-12-05,14,1113,,1,25.29,25.29,Store,0.0
2021-02-27,41,1117,,6,8.45,50.7,Store,15.0
2023-06-01,24,1185,4865.0,3,77.39,232.17,Amazon.ae,0.0
2024-10-28,8,1002,3102.0,2,13.73,27.46,Store,0.0
2023-04-13,27,1007,,6,53.81,322.86,Website,20.0
2024-03-20,19,1024,1093.0,3,7.47,22.41,Amazon.ae,15.0
2022-02-24,7,1144,455.0,3,14.46,43.38,Website,0.0
2022-04-14,20,1200,2028.0,3,7.49,22.47,Amazon.ae,0.0
2023-05-19,50,1051,2688.0,3,71.35,214.05,Store,0.0
2023-03-25,4,1001,2732.0,4,164.56,658.24,Store,0.0
2022-06-27,50,1099,1867.0,4,49.84,199.36,Store,0.0
2025-02-25,34,1094,844.0,3,19.97,59.91,Website,15.0
2022-03-14,45,1048,637.0,2,13.87,27.74,MobileApp,0.0
2025-05-31,6,1067,1376.0,1,49.57,49.57,Website,0.0
2025-09-11,9,1053,2389.0,2,11.65,23.3,Website,0.0
2023-10-08,1,1012,,2,14.1,28.2,Website,0.0
2025-05-10,12,1022,4830.0,1,54.82,54.82,Store,0.0
2021-12-31,49,1101,3709.0,2,24.92,49.84,Website,0.0
2022-02-21,23,1107,2765.0,2,160.77,321.54,Store,0.0
2022-10-23,5,1044,,3,21.79,65.37,Website,0.0
2022-05-14,35,1185,1508.0,2,77.39,154.78,Website,0.0
2022-04-20,46,1060,2145.0,2,37.82,75.64,Store,0.0
2022-10-01,14,1152,1318.0,2,53.94,107.88,Store,0.0
2021-06-20,40,1022,1665.0,2,54.82,109.64,Store,0.0
2025-06-26,6,1160,1065.0,1,6.18,6.18,Store,0.0
2025-06-28,42,1018,1749.0,1,55.16,55.16,Website,0.0
2021-06-22,15,1128,3497.0,3,26.58,79.74,MobileApp,0.0
2025-09-17,45,1140,3917.0,1,35.85,35.85,MobileApp,0.0
2024-02-24,23,1188,4601.0,2,20.38,40.76,Store,0.0
2024-01-25,9,1124,2834.0,5,20.08,100.4,Noon,15.0
2023-01-22,18,1032,,2,12.89,25.78,MobileApp,15.0
2025-01-01,30,1114,,4,152.42,609.68,Store,0.0
2022-09-26,30,1112,,1,10.38,10.38,MobileApp,0.0
2025-08-03,14,1157,868.0,3,14.63,43.89,Store,0.0
2021-01-05,29,1054,101.0,1,8.38,8.38,Store,15.0
2022-04-21,23,1107,4784.0,6,120.58,723.48,Website,25.0
2022-08-14,41,1178,1269.0,1,21.55,21.55,Store,10.0
2024-08-02,45,1066,4429.0,1,44.8,44.8,MobileApp,10.0
2022-02-13,41,1106,4370.0,4,8.46,33.84,Store,25.0
2023-02-01,38,1047,3363.0,2,30.69,61.38,Website,15.0
2024-03-18,1,1146,4149.0,1,17.25,17.25,Store,15.0
2024-04-24,23,1026,1187.0,1,5.7,5.7,Website,0.0
2023-02-18,31,1200,2785.0,4,6.37,25.48,Amazon.ae,15.0
2023-02-25,46,1196,1315.0,3,25.45,76.35,Store,15.0
2024-08-01,27,1024,2490.0,5,7.91,39.55,MobileApp,10.0
2022-05-23,11,1027,919.0,3,6.05,18.15,Store,0.0
2024-09-15,49,1020,4994.0,1,9.96,9.96,MobileApp,0.0
2023-05-31,10,1068,2226.0,2,95.09,190.18,Store,0.0
2021-06-06,32,1196,,3,29.94,89.82,Store,0.0
2023-12-08,27,1110,,3,18.41,55.23,MobileApp,0.0
2024-10-07,32,1048,4712.0,2,13.87,27.74,Amazon.ae,0.0
2023-01-07,44,1070,3200.0,5,42.19,210.95,Website,0.0
2025-05-27,41,1082,2988.0,1,44.66,44.66,Store,0.0
2025-10-13,40,1104,3760.0,2,21.12,42.24,MobileApp,0.0
2024-11-07,4,1154,,1,15.89,15.89,Website,0.0
2022-06-24,22,1106,,1,11.28,11.28,Store,0.0
2023-02-09,7,1058,,5,38.31,191.55,Store,15.0
2025-05-18,26,1042,,3,44.9,134.7,Website,0.0
2021-07-20,49,1091,,4,8.74,34.96,Amazon.ae,0.0
2024-05-13,26,1084,,3,47.89,143.67,Store,0.0
2021-02-21,39,1038,324.0,1,84.39,84.39,Website,15.0
2025-04-12,22,1059,,1,21.23,21.23,MobileApp,0.0
2022-02-07,16,1057,4644.0,3,26.94,80.82,Website,0.0
2021-11-16,44,1120,,1,46.44,46.44,Amazon.ae,0.0
2024-05-06,35,1031,4694.0,4,15.27,61.08,Store,0.0
2021-11-27,27,1140,724.0,2,25.1,50.2,Noon,30.0
2024-12-01,48,1117,2054.0,6,8.45,50.7,Website,15.0
2025-08-01,8,1169,1455.0,4,5.48,21.92,Store,10.0
2024-03-11,32,1115,,5,37.59,187.95,MobileApp,15.0
2024-01-18,7,1025,3118.0,2,8.48,16.96,Website,0.0
2023-12-05,27,1095,,3,20.92,62.76,Store,0.0
2022-08-31,47,1186,3250.0,2,5.46,10.92,Store,0.0
2022-06-01,12,1111,,1,12.56,12.56,Website,0.0
2025-03-29,29,1123,2952.0,3,6.87,20.61,Noon,30.0
2021-12-07,6,1070,,1,42.19,42.19,MobileApp,0.0
2023-07-08,13,1024,3604.0,4,7.03,28.12,Website,20.0
2023-03-30,46,1066,,4,39.82,159.28,Store,20.0
2023-03-03,31,1030,2490.0,4,22.04,88.16,Store,0.0
2025-07-24,17,1109,2106.0,5,36.39,181.95,Website,0.0
2021-06-09,16,1165,3894.0,1,17.3,17.3,Store,0.0
2021-11-02,21,1149,2616.0,3,103.58,310.74,Store,0.0
2025-08-26,18,1004,,4,24.82,99.28,Store,0.0
2024-02-17,2,1083,,6,13.88,83.28,MobileApp,0.0
2024-09-02,30,1124,915.0,1,23.62,23.62,Store,0.0
2025-01-12,24,1064,3257.0,3,15.03,45.09,Noon,15.0
2024-01-22,50,1091,3047.0,5,7.43,37.15,Amazon.ae,15.0
2023-07-04,24,1090,1873.0,2,36.54,73.08,MobileApp,0.0
2025-01-24,1,1170,765.0,6,21.3,127.8,Website,0.0
2022-01-04,31,1146,3877.0,1,15.22,15.22,Store,25.0
2022-05-11,27,1018,1268.0,1,55.16,55.16,Store,0.0
2022-08-06,15,1130,,4,16.86,67.44,Store,0.0
2023-11-09,40,1195,3400.0,4,20.92,83.68,Website,0.0
2023-01-05,4,1131,217.0,5,23.47,117.35,MobileApp,0.0
2023-01-23,35,1011,604.0,1,17.31,17.31,Website,15.0
2022-10-17,37,1158,,2,7.27,14.54,Website,0.0
2021-05-28,26,1085,4435.0,3,26.63,79.89,Website,0.0
2024-05-05,15,1122,,1,31.6,31.6,Store,0.0
2022-05-11,4,1087,1090.0,2,9.42,18.84,Store,0.0
2021-04-27,1,1035,3348.0,6,184.04,1104.24,Store,25.0
2021-11-14,48,1200,,2,7.49,14.98,Website,0.0
2021-11-16,29,1095,,2,20.92,41.84,MobileApp,0.0
2022-06-12,13,1143,3825.0,2,17.21,34.42,Website,0.0
2025-09-02,44,1176,3745.0,1,6.83,6.83,Store,0.0
2025-09-15,1,1129,,4,152.84,611.36,Amazon.ae,0.0
2024-12-23,1,1012,,1,14.1,14.1,Website,0.0
2023-04-02,9,1122,1971.0,1,25.28,25.28,Store,20.0
2023-03-25,38,1050,3176.0,2,14.27,28.54,Amazon.ae,20.0
2024-11-09,23,1040,3419.0,1,84.68,84.68,Store,0.0
2022-07-17,17,1104,3308.0,3,21.12,63.36,Store,0.0
2025-08-17,16,1196,4688.0,3,29.94,89.82,Noon,0.0
2024-02-18,24,1150,,5,113.17,565.85,Store,15.0
2025-04-27,24,1076,3155.0,2,22.42,44.84,Noon,0.0
2025-03-05,36,1165,,6,17.3,103.8,Website,0.0
2023-06-29,29,1120,3352.0,5,46.44,232.2,Store,0.0
2024-06-09,48,1082,1462.0,2,44.66,89.32,Website,0.0
2025-04-02,43,1169,,1,6.09,6.09,Website,0.0
2023-06-05,11,1015,4664.0,2,27.13,54.26,Website,0.0
2024-07-10,34,1158,,1,7.27,7.27,Store,0.0
2021-07-23,18,1130,3700.0,2,16.86,33.72,Website,0.0
2021-05-02,26,1135,3415.0,6,37.87,227.22,Website,25.0
2024-03-02,33,1041,1071.0,1,13.76,13.76,Store,0.0
2023-09-20,9,1010,3321.0,1,16.43,16.43,Store,0.0
2023-12-23,23,1090,,2,36.54,73.08,Website,0.0
2022-05-29,32,1138,472.0,2,46.28,92.56,Store,0.0
2024-01-17,10,1023,3366.0,4,51.7,206.8,MobileApp,15.0
2023-06-24,8,1110,353.0,1,18.41,18.41,Store,0.0
2021-02-25,25,1168,881.0,1,16.25,16.25,Website,15.0
2023-02-19,17,1121,137.0,2,27.1,54.2,MobileApp,15.0
2023-03-11,11,1076,4395.0,1,22.42,22.42,Store,0.0
2024-01-17,18,1059,934.0,6,18.05,108.3,Store,15.0
2022-10-13,32,1091,2984.0,1,8.74,8.74,Store,0.0
2024-10-25,7,1032,2242.0,3,15.16,45.48,Amazon.ae,0.0
2023-12-01,49,1132,1922.0,5,34.78,173.9,MobileApp,0.0
2023-01-13,26,1187,,4,71.35,285.4,MobileApp,0.0
2021-01-31,31,1145,,6,9.74,58.44,Store,15.0
2021-12-14,29,1197,3375.0,1,17.58,17.58,Store,0.0
2025-03-08,16,1090,2873.0,2,25.58,51.16,Website,30.0
2024-08-03,30,1010,4197.0,2,16.43,32.86,Website,0.0
2021-06-14,4,1150,2562.0,1,133.14,133.14,Website,0.0
2024-11-26,13,1190,521.0,1,20.26,20.26,Store,0.0
2025-06-08,8,1058,3944.0,2,33.8,67.6,Website,25.0
2024-06-01,27,1067,2174.0,1,49.57,49.57,Store,0.0
2021-11-20,34,1043,1409.0,1,23.45,23.45,Store,0.0
2025-01-14,23,1093,806.0,2,6.78,13.56,MobileApp,15.0
2021-10-24,19,1069,1987.0,2,38.3,76.6,Website,0.0
2025-05-06,47,1043,1886.0,3,23.45,70.35,Store,0.0
2023-10-31,25,1173,21.0,2,163.58,327.16,Store,0.0
2022-02-19,5,1185,3832.0,3,58.04,174.12,Store,25.0
2024-02-03,44,1088,2531.0,5,17.99,89.95,Store,15.0
2024-03-07,34,1136,4151.0,4,60.29,241.16,Website,0.0
2022-02-01,46,1054,,3,7.4,22.2,Store,25.0
2021-06-15,17,1164,255.0,1,196.24,196.24,MobileApp,0.0
2021-11-04,16,1118,,3,23.7,71.1,Store,0.0
2021-06-15,47,1086,4039.0,3,15.06,45.18,Store,0.0
2021-05-30,9,1145,3832.0,2,11.46,22.92,Amazon.ae,0.0
2021-06-30,44,1135,1147.0,3,50.49,151.47,Website,0.0
2022-12-22,37,1198,4307.0,2,25.91,51.82,Store,0.0
2024-01-28,14,1086,3927.0,4,12.8,51.2,Store,15.0
2022-08-18,15,1159,2686.0,2,178.08,356.16,Website,0.0
2022-08-10,39,1024,4231.0,4,7.91,31.64,Store,10.0
2023-01-05,34,1187,,2,71.35,142.7,Amazon.ae,0.0
2023-12-20,27,1195,935.0,4,20.92,83.68,Store,0.0
2024-08-23,6,1101,1543.0,4,22.43,89.72,MobileApp,10.0
2021-11-01,11,1003,,2,12.0,24.0,Store,0.0
2025-01-21,43,1089,,3,56.06,168.18,MobileApp,15.0
2022-11-17,14,1055,3.0,4,11.14,44.56,Amazon.ae,0.0
2024-04-28,45,1149,3864.0,3,103.58,310.74,Website,0.0
2025-07-18,10,1139,1309.0,5,22.71,113.55,Store,0.0
2022-12-18,7,1113,4861.0,3,25.29,75.87,Store,0.0
2023-10-31,47,1179,,1,28.84,28.84,Website,0.0
2024-10-01,42,1018,525.0,2,55.16,110.32,Store,0.0
2023-04-17,40,1097,1704.0,1,2.09,2.09,Store,20.0
2024-05-13,30,1088,641.0,3,21.16,63.48,Website,0.0
2024-06-29,31,1173,,1,163.58,163.58,Store,0.0
2025-10-22,33,1118,,1,23.7,23.7,Store,0.0
2024-03-23,18,1161,2698.0,5,70.26,351.3,Store,15.0
2022-05-17,47,1133,,3,33.85,101.55,Store,0.0
2025-07-19,13,1059,3393.0,1,19.11,19.11,MobileApp,10.0
2023-12-23,11,1058,3613.0,3,45.07,135.21,MobileApp,0.0
2025-03-31,37,1144,973.0,6,10.12,60.72,MobileApp,30.0
2023-12-29,27,1005,2473.0,2,17.7,35.4,MobileApp,0.0
2023-06-19,30,1199,,4,229.89,919.56,Website,0.0
2021-08-30,8,1114,1230.0,4,152.42,609.68,Store,0.0
2022-03-20,11,1002,2730.0,4,13.73,54.92,Store,0.0
2023-10-04,7,1164,,3,196.24,588.72,MobileApp,0.0
2022-11-27,26,1039,3976.0,1,16.84,16.84,MobileApp,35.0
2025-08-02,13,1112,577.0,5,9.34,46.7,Noon,10.0
2022-04-05,19,1037,1909.0,3,133.93,401.79,Website,25.0
2024-09-14,20,1124,,4,23.62,94.48,Store,0.0
2022-09-28,41,1124,,2,23.62,47.24,Amazon.ae,0.0
2023-01-16,21,1022,4313.0,6,54.82,328.92,Website,0.0
2023-12-21,24,1064,1172.0,2,17.68,35.36,Store,0.0
2024-02-05,39,1147,3412.0,5,20.74,103.7,MobileApp,0.0
2022-04-21,13,1099,,5,49.84,249.2,Amazon.ae,0.0
2024-03-12,42,1067,,4,42.13,168.52,Store,15.0
2022-12-16,10,1057,3818.0,1,26.94,26.94,Store,0.0
2022-07-05,43,1161,3813.0,1,74.39,74.39,MobileApp,10.0
2022-03-13,34,1146,3939.0,2,20.29,40.58,MobileApp,0.0
2025-07-20,29,1091,3930.0,4,7.87,31.48,Store,10.0
2023-02-10,19,1168,890.0,3,19.12,57.36,MobileApp,0.0
2025-01-18,4,1050,2961.0,2,15.16,30.32,MobileApp,15.0
2024-04-25,33,1030,4602.0,1,22.04,22.04,Store,0.0
2024-08-16,5,1114,1618.0,3,152.42,457.26,Store,0.0
2025-07-28,34,1093,2328.0,1,7.98,7.98,MobileApp,0.0
2023-01-05,21,1126,1056.0,2,21.84,43.68,Website,15.0
2025-09-02,29,1095,2998.0,2,20.92,41.84,Amazon.ae,0.0
2021-07-20,6,1155,3443.0,4,17.16,68.64,Amazon.ae,25.0
2025-02-23,43,1039,2025.0,1,22.02,22.02,Website,15.0
2021-01-13,12,1166,,2,49.32,98.64,MobileApp,0.0
2024-06-22,44,1041,616.0,3,13.76,41.28,Store,0.0
2023-09-24,46,1010,2920.0,1,16.43,16.43,Store,0.0
2025-09-07,43,1029,1586.0,1,27.9,27.9,Website,0.0
2023-12-28,17,1163,4971.0,1,37.39,37.39,Store,0.0
2022-04-06,41,1034,104.0,1,43.17,43.17,Store,25.0
2023-01-17,30,1092,4069.0,4,23.96,95.84,Website,15.0
2021-05-12,43,1025,,5,6.36,31.8,Website,25.0
2025-07-18,1,1048,,2,12.48,24.96,MobileApp,10.0
2024-09-10,7,1069,3584.0,1,38.3,38.3,Store,0.0
2024-08-24,13,1072,,4,214.43,857.72,Store,10.0
2024-12-26,50,1036,4731.0,2,89.48,178.96,Store,0.0
2023-10-02,13,1130,2439.0,2,16.86,33.72,Website,0.0
2023-09-20,35,1182,,1,14.02,14.02,Website,0.0
2025-01-05,42,1070,819.0,5,35.86,179.3,Website,15.0
2021-10-02,23,1004,4402.0,3,24.82,74.46,Store,0.0
2021-06-17,3,1158,3562.0,1,7.27,7.27,Store,0.0
2025-03-28,39,1028,2126.0,1,29.25,29.25,Website,30.0
2024-12-30,19,1195,4208.0,2,20.92,41.84,Store,0.0
2022-08-03,2,1103,980.0,2,34.55,69.1,Store,10.0
2023-07-18,9,1091,3557.0,1,6.99,6.99,Store,20.0
2022-08-06,49,1070,,5,37.97,189.85,Amazon.ae,10.0
2022-07-23,26,1035,2197.0,1,245.38,245.38,Website,0.0
2021-01-30,37,1106,,4,11.28,45.12,Store,0.0
2025-05-19,22,1087,,3,9.42,28.26,Store,0.0
2025-07-03,47,1128,2225.0,5,23.92,119.6,Amazon.ae,10.0
2024-02-25,3,1102,2233.0,1,21.54,21.54,Store,0.0
2024-12-15,9,1116,4235.0,1,78.12,78.12,Store,0.0
2023-03-22,23,1197,4110.0,2,17.58,35.16,Store,0.0
2023-02-16,35,1012,3578.0,1,11.98,11.98,Store,15.0
2024-03-06,45,1112,,3,10.38,31.14,Website,0.0
2022-08-01,27,1055,3583.0,1,11.14,11.14,Website,0.0
2022-06-10,40,1076,110.0,2,22.42,44.84,Website,0.0
2021-05-14,43,1055,4824.0,1,8.91,8.91,Website,20.0
2021-08-15,25,1048,2378.0,3,13.87,41.61,MobileApp,0.0
2024-03-25,47,1166,2892.0,5,41.92,209.6,Noon,15.0
2023-10-27,6,1026,1390.0,1,5.7,5.7,MobileApp,0.0
2023-12-12,16,1122,1290.0,2,31.6,63.2,Store,0.0
2023-07-10,10,1165,121.0,2,13.84,27.68,Store,20.0
2021-05-20,17,1060,1056.0,2,37.82,75.64,Website,0.0
2023-02-07,12,1161,2193.0,6,82.66,495.96,Store,0.0
2024-09-11,11,1160,,3,6.18,18.54,Store,0.0
2021-03-17,19,1106,1602.0,3,11.28,33.84,Website,0.0
2023-10-11,26,1062,,1,29.18,29.18,Amazon.ae,0.0
2022-11-15,20,1107,3163.0,3,160.77,482.31,Store,0.0
2021-12-12,22,1152,3115.0,2,53.94,107.88,Store,0.0
2021-08-23,28,1047,4376.0,3,36.11,108.33,Website,0.0
2023-06-11,2,1155,710.0,3,22.88,68.64,Store,0.0
2021-12-28,8,1007,1316.0,1,67.26,67.26,Website,0.0
2022-07-30,10,1045,,3,127.09,381.27,Store,10.0
2021-03-16,17,1022,158.0,2,54.82,109.64,Store,0.0
2022-08-19,47,1167,,2,39.74,79.48,Website,10.0
2021-08-20,18,1195,,1,18.83,18.83,Store,10.0
2022-08-21,40,1189,2191.0,1,77.99,77.99,Amazon.ae,0.0
2025-01-17,45,1067,3981.0,3,49.57,148.71,Store,0.0
2021-10-28,33,1029,,1,27.9,27.9,Amazon.ae,0.0
2023-01-10,32,1113,4158.0,5,21.5,107.5,Website,15.0
2023-08-27,7,1139,3513.0,1,22.71,22.71,Store,0.0
2021-05-13,29,1008,4688.0,2,35.15,70.3,Website,20.0
2025-01-03,5,1178,3721.0,1,23.94,23.94,Store,0.0
2023-02-21,18,1135,3164.0,3,50.49,151.47,Store,0.0
2022-03-24,1,1034,36.0,1,57.56,57.56,Store,0.0
2023-02-03,33,1104,4572.0,3,17.95,53.85,MobileApp,15.0
2022-12-26,39,1018,2994.0,2,55.16,110.32,Amazon.ae,0.0
2023-06-28,45,1183,2110.0,3,133.79,401.37,MobileApp,0.0
2021-04-21,37,1015,2968.0,1,27.13,27.13,Store,0.0
2021-02-26,38,1122,,2,26.86,53.72,Store,15.0
2025-03-07,28,1067,3190.0,2,34.7,69.4,Website,30.0
2024-09-26,41,1110,280.0,1,18.41,18.41,Website,0.0
2022-09-12,43,1006,4234.0,2,12.62,25.24,Store,0.0
2021-01-22,2,1098,3824.0,2,88.0,176.0,Website,15.0
2023-05-21,45,1082,3021.0,1,44.66,44.66,Noon,0.0
2023-07-25,6,1071,1386.0,1,4.39,4.39,Store,20.0
2023-05-17,40,1009,,1,90.95,90.95,Website,0.0
2023-10-29,2,1099,1587.0,2,49.84,99.68,Website,0.0
2025-10-28,11,1139,4725.0,4,22.71,90.84,Store,0.0
2024-02-12,41,1045,1222.0,2,120.03,240.06,Website,15.0
2024-05-13,22,1082,458.0,1,44.66,44.66,Website,0.0
2021-10-19,16,1179,2364.0,1,28.84,28.84,Store,0.0
2023-10-26,34,1154,3173.0,2,15.89,31.78,Amazon.ae,0.0
2024-04-27,30,1172,3721.0,4,113.45,453.8,Store,0.0
2022-08-12,30,1008,,3,43.94,131.82,Store,0.0
2024-02-19,14,1046,346.0,6,58.19,349.14,Store,0.0
2023-07-28,38,1088,4371.0,2,16.93,33.86,Store,20.0
2025-01-18,15,1142,,4,13.29,53.16,Amazon.ae,15.0
2021-07-04,11,1049,,5,106.34,531.7,Store,10.0
2025-10-25,35,1015,,2,27.13,54.26,Website,0.0
2021-08-03,25,1139,4351.0,2,22.71,45.42,MobileApp,0.0
2024-10-13,34,1028,1363.0,2,41.78,83.56,Store,0.0
2024-08-20,2,1143,4962.0,5,15.49,77.45,Noon,10.0
2024-02-06,32,1117,2354.0,2,9.94,19.88,MobileApp,0.0
2022-05-27,4,1126,162.0,4,25.7,102.8,MobileApp,0.0
2023-08-01,32,1103,510.0,3,38.39,115.17,MobileApp,0.0
2024-05-19,40,1075,520.0,1,13.37,13.37,Website,0.0
2024-05-16,27,1196,3756.0,2,29.94,59.88,Website,0.0
2021-03-13,10,1128,4068.0,2,26.58,53.16,MobileApp,0.0
2024-03-27,43,1154,2286.0,1,13.51,13.51,Store,15.0
2025-06-11,16,1016,4273.0,2,19.44,38.88,Website,0.0
2025-07-13,14,1154,1716.0,1,15.89,15.89,MobileApp,0.0
2025-06-06,2,1197,2845.0,1,17.58,17.58,MobileApp,0.0
2024-04-04,37,1051,3611.0,6,60.65,363.9,Website,15.0
2021-09-29,38,1079,1168.0,2,5.2,10.4,Store,0.0
2025-06-27,40,1191,1633.0,1,9.9,9.9,Website,0.0
2025-10-16,19,1116,2018.0,1,78.12,78.12,Store,0.0
2022-06-09,34,1036,3735.0,4,89.48,357.92,Amazon.ae,0.0
2023-12-22,18,1021,3598.0,1,28.83,28.83,Store,0.0
2021-09-16,17,1075,,2,13.37,26.74,Amazon.ae,0.0
2021-07-28,31,1085,2317.0,2,23.97,47.94,Store,10.0
2023-12-20,9,1114,2452.0,3,152.42,457.26,Store,0.0
2021-05-01,2,1127,,2,15.32,30.64,Website,25.0
2021-05-28,38,1136,933.0,1,60.29,60.29,Store,0.0
2024-07-19,14,1031,4715.0,1,13.74,13.74,Website,10.0
2023-05-13,38,1086,4879.0,1,15.06,15.06,Store,0.0
2024-02-14,33,1031,,5,12.98,64.9,Store,15.0
2024-12-02,2,1047,3441.0,5,36.11,180.55,MobileApp,0.0
2024-11-18,32,1067,1490.0,2,49.57,99.14,MobileApp,0.0
2021-05-12,42,1127,571.0,3,20.43,61.29,Website,0.0
2022-12-07,30,1144,,2,14.46,28.92,Noon,0.0
2025-08-08,44,1009,539.0,4,90.95,363.8,Website,0.0
2023-11-02,40,1114,165.0,2,152.42,304.84,Store,0.0
2022-05-27,9,1054,2325.0,1,9.86,9.86,Store,0.0
2024-03-13,49,1126,2296.0,2,25.7,51.4,Store,0.0
2021-10-02,29,1120,,2,46.44,92.88,Website,0.0
2023-03-24,30,1071,3761.0,4,4.39,17.56,Website,20.0
2021-04-25,31,1026,,3,4.28,12.84,Store,25.0
2022-02-23,40,1145,,2,11.46,22.92,Website,0.0
2022-04-06,5,1060,3273.0,1,28.36,28.36,Amazon.ae,25.0
2025-01-28,18,1051,3754.0,5,60.65,303.25,MobileApp,15.0
2023-10-30,41,1031,1154.0,1,15.27,15.27,Noon,0.0
2024-10-13,34,1016,4574.0,2,19.44,38.88,Store,0.0
2023-05-30,29,1008,,2,43.94,87.88,Website,0.0
2022-04-08,30,1187,194.0,1,71.35,71.35,Store,0.0
2024-09-10,35,1095,3304.0,2,20.92,41.84,MobileApp,0.0
2023-09-28,16,1101,,1,24.92,24.92,Website,0.0
2022-10-15,12,1065,1414.0,3,177.83,533.49,Website,0.0
2022-02-13,48,1011,,6,15.28,91.68,Store,25.0
2024-05-25,7,1199,,4,229.89,919.56,Website,0.0
2024-09-22,1,1051,,4,71.35,285.4,Website,0.0
2022-09-04,42,1179,,1,28.84,28.84,MobileApp,0.0
2025-01-23,26,1093,2589.0,3,6.78,20.34,MobileApp,15.0
2025-05-18,40,1127,,1,20.43,20.43,Store,0.0
2024-09-28,38,1098,1213.0,3,103.53,310.59,Store,0.0
2024-08-20,20,1062,61.0,3,26.26,78.78,Amazon.ae,10.0
2025-09-29,17,1032,,4,15.16,60.64,Website,0.0
2022-11-17,12,1030,,1,22.04,22.04,Store,0.0
2021-05-13,48,1115,,2,44.22,88.44,Store,0.0
2022-02-13,34,1152,,5,53.94,269.7,Website,0.0
2022-02-21,24,1136,1765.0,5,60.29,301.45,Website,0.0
2022-09-27,28,1179,4417.0,2,28.84,57.68,Website,0.0
2022-07-17,30,1102,,2,19.39,38.78,Website,10.0
2024-06-05,19,1033,,3,32.44,97.32,MobileApp,0.0
2024-02-28,14,1015,2813.0,1,23.06,23.06,MobileApp,15.0
2024-09-05,15,1011,2778.0,1,20.37,20.37,Store,0.0
2023-12-17,27,1129,,1,152.84,152.84,Store,0.0
2021-09-13,28,1005,4503.0,1,17.7,17.7,Store,0.0
2025-02-25,41,1149,4872.0,5,103.58,517.9,Website,0.0
2024-01-07,15,1187,1297.0,5,71.35,356.75,MobileApp,0.0
2022-11-19,22,1045,,4,141.21,564.84,Amazon.ae,0.0
2025-02-14,36,1062,2669.0,2,24.8,49.6,Website,15.0
2023-07-14,34,1137,,2,5.38,10.76,MobileApp,20.0
2023-11-24,50,1101,1097.0,2,16.2,32.4,Amazon.ae,35.0
2023-11-19,30,1038,698.0,1,99.28,99.28,Noon,0.0
2024-12-17,16,1132,4296.0,3,34.78,104.34,Store,0.0
2023-08-12,26,1131,,5,18.78,93.9,Website,20.0
2023-04-25,24,1092,4659.0,3,28.19,84.57,MobileApp,0.0
2022-06-12,5,1028,2457.0,1,41.78,41.78,Website,0.0
2023-07-27,24,1060,3677.0,5,30.26,151.3,Store,20.0
2025-06-29,20,1162,,1,26.4,26.4,Store,0.0
2021-03-15,8,1187,952.0,3,71.35,214.05,Website,0.0
2021-03-24,42,1167,,1,44.15,44.15,Store,0.0
2023-04-29,41,1171,2902.0,1,41.67,41.67,Amazon.ae,0.0
2023-02-03,14,1106,2885.0,1,11.28,11.28,Website,0.0
2022-03-16,27,1108,,4,39.32,157.28,Store,0.0
2023-11-13,32,1061,,1,53.82,53.82,Store,0.0
2021-01-29,24,1009,,5,90.95,454.75,Website,0.0
2021-05-01,38,1041,739.0,4,10.32,41.28,Store,25.0
2023-02-15,31,1043,,5,23.45,117.25,Store,0.0
2024-06-02,47,1084,4054.0,3,47.89,143.67,MobileApp,0.0
2024-03-19,37,1153,,2,136.61,273.22,Website,15.0
2021-07-20,32,1104,1860.0,3,21.12,63.36,Website,0.0
2024-06-12,30,1169,,4,6.09,24.36,Store,0.0
2023-03-21,9,1089,,4,65.95,263.8,Store,0.0
2023-02-04,29,1010,835.0,2,16.43,32.86,MobileApp,0.0
2022-05-16,47,1147,,3,20.74,62.22,Store,0.0
2023-03-10,44,1028,,1,41.78,41.78,Store,0.0
2023-05-20,6,1129,1741.0,2,152.84,305.68,MobileApp,0.0
2021-10-31,7,1130,3636.0,3,16.86,50.58,Store,0.0
2022-03-18,5,1006,816.0,1,12.62,12.62,MobileApp,0.0
2021-05-11,18,1106,4066.0,3,8.46,25.38,Website,25.0
2021-01-01,44,1138,521.0,4,39.34,157.36,MobileApp,15.0
2022-12-21,13,1078,4816.0,1,179.73,179.73,Store,0.0
2025-06-20,35,1131,,2,23.47,46.94,Store,0.0
2022-02-16,7,1064,,2,13.26,26.52,Website,25.0
2022-03-19,5,1020,390.0,2,9.96,19.92,Store,0.0
2022-10-26,44,1160,1565.0,2,6.18,12.36,Store,0.0
2021-04-05,33,1179,1139.0,2,28.84,57.68,Website,0.0
2023-01-01,7,1003,2433.0,6,10.2,61.2,Noon,15.0
2023-07-17,3,1026,,2,5.7,11.4,Website,0.0
2022-03-23,37,1197,1910.0,1,17.58,17.58,Website,0.0
2024-05-12,6,1052,4432.0,3,16.68,50.04,Store,0.0
2023-07-30,1,1199,,6,183.91,1103.46,Amazon.ae,20.0
2023-05-27,40,1101,,2,24.92,49.84,MobileApp,0.0
2022-06-12,19,1099,3635.0,2,49.84,99.68,Store,0.0
2023-08-07,47,1109,3248.0,1,29.11,29.11,Website,20.0
2023-12-01,36,1124,3019.0,2,20.08,40.16,Website,15.0
2023-02-11,45,1177,2184.0,6,2.41,14.46,Website,15.0
2023-04-16,19,1159,4155.0,5,178.08,890.4,Website,0.0
2023-08-06,44,1151,4343.0,4,142.73,570.92,Store,0.0
2024-09-14,17,1005,3245.0,1,17.7,17.7,Store,0.0
2021-06-05,19,1065,4842.0,1,177.83,177.83,Store,0.0
2022-10-13,18,1138,3312.0,3,46.28,138.84,Store,0.0
2022-03-30,32,1197,3907.0,1,17.58,17.58,Store,0.0
2024-03-21,2,1121,2508.0,3,31.88,95.64,MobileApp,0.0
2024-04-07,40,1190,521.0,2,20.26,40.52,MobileApp,0.0
2025-01-09,50,1047,1100.0,6,30.69,184.14,Store,15.0
2021-12-27,24,1195,430.0,1,20.92,20.92,Store,0.0
2024-12-26,23,1074,1230.0,4,62.67,250.68,Store,0.0
2023-07-07,32,1075,449.0,3,10.7,32.1,MobileApp,20.0
2025-05-27,25,1190,,1,20.26,20.26,Store,0.0
2025-07-13,43,1166,,1,44.39,44.39,Store,10.0
2022-07-28,31,1073,1852.0,1,108.34,108.34,Store,10.0
2025-05-24,43,1200,,1,7.49,7.49,Store,0.0
2024-09-16,48,1079,,2,5.2,10.4,Noon,0.0
2023-07-15,23,1103,2780.0,4,30.71,122.84,Website,20.0
2022-09-22,1,1043,,2,23.45,46.9,Store,0.0
2021-03-21,43,1185,3387.0,4,77.39,309.56,Website,0.0
2023-09-23,48,1174,2252.0,1,240.85,240.85,Website,0.0
2023-04-04,27,1057,3493.0,2,26.94,53.88,MobileApp,0.0
2021-08-16,33,1187,,2,64.22,128.44,Website,10.0
2022-09-26,30,1129,889.0,1,152.84,152.84,Store,0.0
2024-08-10,25,1055,3825.0,4,11.14,44.56,MobileApp,0.0
2023-03-30,30,1135,,6,40.39,242.34,MobileApp,20.0
2023-01-18,36,1180,,3,7.14,21.42,MobileApp,15.0
2024-03-10,16,1053,3722.0,3,11.65,34.95,Store,0.0
2025-05-27,20,1186,1099.0,2,5.46,10.92,Store,0.0
2022-09-03,45,1189,1730.0,1,77.99,77.99,MobileApp,0.0
2025-02-02,32,1017,,3,36.75,110.25,Store,15.0
2025-02-06,16,1084,3623.0,5,40.71,203.55,Website,15.0
2025-05-31,14,1166,,2,49.32,98.64,Store,0.0
2022-09-11,2,1135,609.0,2,50.49,100.98,Website,0.0
2023-06-14,5,1053,1836.0,4,11.65,46.6,Website,0.0
2023-10-20,24,1169,1425.0,1,6.09,6.09,Store,0.0
2024-03-26,26,1006,4424.0,2,10.73,21.46,Store,15.0
2021-01-29,23,1156,3819.0,4,28.86,115.44,Store,15.0
2022-01-20,19,1138,1193.0,3,46.28,138.84,Website,0.0
2023-03-14,3,1082,2885.0,3,44.66,133.98,Store,0.0
2023-12-02,13,1008,,5,43.94,219.7,Website,0.0
2023-05-03,32,1019,,1,211.86,211.86,Store,0.0
2022-06-24,35,1179,,3,28.84,86.52,Amazon.ae,0.0
2022-01-12,5,1170,3544.0,1,15.98,15.98,Store,25.0
2024-07-09,13,1030,2661.0,5,19.84,99.2,Store,10.0
2022-08-16,28,1087,,6,9.42,56.52,Website,0.0
2022-05-01,16,1021,29.0,2,21.62,43.24,Website,25.0
2021-03-14,17,1029,3977.0,2,27.9,55.8,Amazon.ae,0.0
2021-08-23,45,1083,3100.0,4,13.88,55.52,Store,0.0
2024-03-05,46,1112,,2,10.38,20.76,Store,0.0
2021-01-21,3,1017,2223.0,2,43.23,86.46,Website,0.0
2021-02-16,10,1140,4695.0,1,30.47,30.47,Store,15.0
2023-04-11,8,1094,6.0,2,18.8,37.6,Amazon.ae,20.0
2021-02-15,1,1073,,4,120.38,481.52,Store,0.0
2025-06-19,32,1119,,3,36.07,108.21,MobileApp,0.0
2023-01-26,7,1001,4313.0,6,164.56,987.36,MobileApp,0.0
2024-09-25,37,1009,1203.0,1,90.95,90.95,MobileApp,0.0
2022-07-31,1,1167,1751.0,2,44.15,88.3,MobileApp,0.0
2024-08-24,11,1005,,4,17.7,70.8,Website,0.0
2024-09-22,13,1195,,3,20.92,62.76,Store,0.0
2023-05-18,1,1013,2895.0,1,35.63,35.63,MobileApp,0.0
2022-01-04,45,1097,1160.0,4,2.61,10.44,Website,0.0
2024-04-04,18,1015,2107.0,1,27.13,27.13,Store,0.0
2023-05-30,6,1131,1141.0,1,23.47,23.47,Website,0.0
2022-12-10,3,1192,4107.0,4,21.97,87.88,MobileApp,0.0
2024-06-17,1,1028,1055.0,4,29.25,117.0,Store,30.0
2024-02-13,4,1071,,1,4.67,4.67,MobileApp,15.0
2024-11-07,48,1121,1667.0,2,31.88,63.76,Noon,0.0
2024-04-07,29,1119,4733.0,3,36.07,108.21,MobileApp,0.0
2024-12-14,5,1189,3383.0,3,77.99,233.97,Store,0.0
2021-04-18,6,1182,,3,10.52,31.56,MobileApp,25.0
2021-05-18,8,1062,,1,29.18,29.18,Amazon.ae,0.0
2023-04-22,11,1177,,3,2.13,6.39,MobileApp,25.0
2022-02-08,31,1179,4717.0,1,28.84,28.84,Noon,0.0
2025-10-12,50,1117,3836.0,2,9.94,19.88,Store,0.0
2021-09-20,13,1182,1652.0,1,14.02,14.02,Website,0.0
2024-08-12,39,1055,3753.0,2,10.03,20.06,Website,10.0
2024-01-21,13,1193,1938.0,2,13.87,27.74,MobileApp,0.0
2024-02-20,37,1163,4209.0,1,31.78,31.78,Website,15.0
2021-08-17,30,1146,,5,20.29,101.45,Store,0.0
2021-12-19,47,1114,4871.0,1,152.42,152.42,Amazon.ae,0.0
2022-01-19,3,1127,2678.0,6,15.32,91.92,Website,25.0
2024-04-02,23,1092,4265.0,4,28.19,112.76,Noon,0.0
2025-10-25,47,1056,122.0,2,5.98,11.96,Store,0.0
2025-07-20,45,1129,4440.0,3,137.56,412.68,Store,10.0
2024-05-06,27,1009,,1,90.95,90.95,Website,0.0
2024-11-25,16,1032,3006.0,3,15.16,45.48,Store,0.0
2024-02-06,46,1068,42.0,4,80.83,323.32,Store,15.0
2023-07-27,47,1030,1071.0,3,17.63,52.89,Website,20.0
2024-05-13,36,1178,254.0,1,23.94,23.94,Amazon.ae,0.0
2022-08-21,12,1075,4469.0,3,12.03,36.09,Website,10.0
2021-09-05,41,1088,2179.0,1,21.16,21.16,Store,0.0
2024-02-07,16,1118,,2,20.14,40.28,Amazon.ae,15.0
2025-02-18,2,1167,3010.0,4,44.15,176.6,MobileApp,0.0
2025-10-17,27,1100,,3,18.21,54.63,Website,0.0
2024-01-25,37,1003,347.0,3,12.0,36.0,Website,0.0
2024-06-03,9,1157,1542.0,1,14.63,14.63,Store,0.0
2022-05-05,27,1069,2259.0,2,38.3,76.6,Store,0.0
2025-03-12,6,1178,2458.0,5,23.94,119.7,Store,0.0
2024-09-21,7,1108,3779.0,4,39.32,157.28,Store,0.0
2022-10-26,13,1171,,1,41.67,41.67,Store,0.0
2022-04-17,12,1074,3909.0,4,47.0,188.0,Store,25.0
2025-01-18,25,1126,,5,25.7,128.5,MobileApp,0.0
2023-02-25,37,1096,,2,113.29,226.58,Website,0.0
2025-06-29,24,1047,,1,36.11,36.11,Website,0.0
2022-02-22,31,1016,1683.0,5,14.58,72.9,Store,25.0
2021-04-02,35,1192,998.0,3,21.97,65.91,Store,0.0
2022-10-07,24,1154,2690.0,2,15.89,31.78,Website,0.0
2024-02-17,9,1094,2742.0,1,23.5,23.5,Website,0.0
2022-12-17,42,1155,2018.0,2,22.88,45.76,Store,0.0
2023-09-09,9,1047,3356.0,3,36.11,108.33,Store,0.0
2021-01-05,30,1151,4425.0,4,121.32,485.28,Website,15.0
2025-06-10,17,1198,,3,25.91,77.73,Amazon.ae,0.0
2023-01-21,7,1072,293.0,5,238.26,1191.3,Website,0.0
2025-10-11,9,1027,1736.0,1,6.05,6.05,MobileApp,0.0
2024-06-07,7,1006,,3,12.62,37.86,MobileApp,0.0
2022-01-09,44,1113,,6,18.97,113.82,Store,25.0
2022-05-01,45,1032,2864.0,1,15.16,15.16,MobileApp,0.0
2021-08-27,21,1194,,6,8.67,52.02,Store,10.0
2025-02-25,13,1038,2623.0,6,99.28,595.68,Store,0.0
2022-06-17,46,1158,708.0,2,7.27,14.54,Store,0.0
2022-04-19,39,1125,2710.0,2,20.23,40.46,Store,25.0
2023-06-17,47,1109,1739.0,1,36.39,36.39,Store,0.0
2024-02-19,20,1089,,2,56.06,112.12,Noon,15.0
2023-12-09,34,1055,,3,11.14,33.42,Website,0.0
2022-01-24,46,1182,1106.0,6,10.52,63.12,Website,25.0
2024-11-20,8,1200,4409.0,3,7.49,22.47,Website,0.0
2022-10-26,10,1121,,1,31.88,31.88,MobileApp,0.0
2023-04-12,24,1047,3649.0,4,28.89,115.56,Website,20.0
2023-07-19,40,1196,931.0,4,23.95,95.8,Store,20.0
2025-02-07,42,1009,,2,90.95,181.9,Website,0.0
2024-05-31,20,1139,1666.0,3,22.71,68.13,Website,0.0
2024-09-24,21,1074,3121.0,3,62.67,188.01,Website,0.0
2022-08-01,17,1084,4084.0,3,47.89,143.67,Website,0.0
2021-11-06,48,1117,4135.0,2,9.94,19.88,Website,0.0
2024-03-08,3,1147,4395.0,1,20.74,20.74,Website,0.0
2022-10-20,3,1161,671.0,2,82.66,165.32,Website,0.0
2024-10-26,7,1044,2854.0,1,21.79,21.79,Website,0.0
2021-01-30,45,1030,4462.0,5,18.73,93.65,Website,15.0
2022-04-09,13,1037,3119.0,2,178.57,357.14,Website,0.0
2024-03-28,26,1194,,2,8.19,16.38,Store,15.0
2025-07-13,8,1108,150.0,1,35.39,35.39,Website,10.0
2025-10-08,2,1175,,2,59.84,119.68,Store,0.0
2024-01-19,16,1103,438.0,5,32.63,163.15,Noon,15.0
2021-07-12,10,1071,,3,5.49,16.47,Website,0.0
2024-02-25,26,1173,3168.0,4,139.04,556.16,Website,15.0
2021-06-22,14,1025,1238.0,1,8.48,8.48,Store,0.0
2024-04-20,19,1006,942.0,1,12.62,12.62,MobileApp,0.0
2025-10-04,11,1046,3013.0,1,58.19,58.19,Store,0.0
2021-01-20,20,1035,,1,245.38,245.38,Store,0.0
2022-02-11,20,1130,1557.0,4,16.86,67.44,Noon,0.0
2024-10-01,37,1116,81.0,4,78.12,312.48,Store,0.0
2021-07-07,6,1102,1967.0,5,19.39,96.95,MobileApp,10.0
2022-06-19,2,1189,,1,77.99,77.99,Store,0.0
2022-02-05,33,1015,2932.0,1,27.13,27.13,Store,0.0
2021-05-09,26,1061,3935.0,2,40.36,80.72,Store,25.0
2024-01-25,41,1006,3947.0,1,10.73,10.73,Noon,15.0
2022-04-01,42,1065,,1,177.83,177.83,Store,0.0
2023-02-08,46,1090,,3,31.06,93.18,Store,15.0
2021-10-12,38,1116,2756.0,1,78.12,78.12,Store,0.0
2021-05-02,27,1072,4614.0,2,178.7,357.4,Store,25.0
2024-05-06,17,1089,3345.0,4,65.95,263.8,Store,0.0
2022-07-25,12,1157,,2,14.63,29.26,Website,0.0
2022-01-18,3,1144,2225.0,1,14.46,14.46,Amazon.ae,0.0
2023-08-03,38,1119,3327.0,3,36.07,108.21,Website,0.0
2021-12-31,15,1049,773.0,3,118.16,354.48,Store,0.0
2025-02-01,49,1068,3977.0,4,80.83,323.32,MobileApp,15.0
2023-12-27,14,1040,2085.0,3,84.68,254.04,Website,0.0
2021-08-18,32,1168,1449.0,5,17.21,86.05,Website,10.0
2022-11-04,8,1061,,4,53.82,215.28,Website,0.0
2022-09-11,3,1174,2145.0,2,240.85,481.7,Store,0.0
2022-11-29,39,1200,3925.0,1,7.49,7.49,Store,0.0
2024-01-24,18,1056,2052.0,2,5.98,11.96,Website,0.0
2022-03-01,11,1119,4276.0,1,36.07,36.07,Website,0.0
2023-03-19,21,1149,3258.0,1,103.58,103.58,Noon,0.0
2023-12-31,34,1031,3282.0,1,15.27,15.27,Store,0.0
2022-06-20,12,1110,4431.0,3,18.41,55.23,Store,0.0
2023-03-26,28,1065,2112.0,5,142.26,711.3,Store,20.0
2022-02-05,12,1005,387.0,5,17.7,88.5,MobileApp,0.0
2023-01-04,11,1100,2339.0,3,15.48,46.44,MobileApp,15.0
2023-03-16,23,1184,2333.0,3,22.41,67.23,Website,0.0
2023-12-05,35,1137,2123.0,1,6.72,6.72,MobileApp,0.0
2024-12-11,35,1122,3721.0,2,31.6,63.2,MobileApp,0.0
2021-10-21,39,1053,615.0,3,11.65,34.95,Website,0.0
2021-05-10,26,1058,4808.0,5,45.07,225.35,Store,0.0
2021-06-21,17,1180,,1,8.4,8.4,Store,0.0
2022-07-06,48,1010,4590.0,3,14.79,44.37,Website,10.0
2022-01-02,35,1132,1632.0,3,26.08,78.24,Amazon.ae,25.0
2025-08-26,21,1033,,6,32.44,194.64,Website,0.0
2023-03-25,39,1189,,6,62.39,374.34,Website,20.0
2022-02-09,42,1088,2188.0,5,21.16,105.8,Website,0.0
2023-03-11,10,1109,2387.0,4,36.39,145.56,Store,0.0
2022-01-20,5,1167,2431.0,3,44.15,132.45,Website,0.0
2023-01-24,9,1167,1742.0,5,37.53,187.65,Website,15.0
2025-08-08,25,1162,,5,26.4,132.0,Store,0.0
2021-02-06,44,1102,4246.0,5,21.54,107.7,MobileApp,0.0
2022-08-13,40,1163,1874.0,6,33.65,201.9,Amazon.ae,10.0
2021-11-17,5,1156,,1,33.95,33.95,Store,0.0
2022-07-07,15,1086,2965.0,3,13.55,40.65,MobileApp,10.0
2023-03-28,43,1049,,4,94.53,378.12,Website,20.0
2021-07-15,4,1184,4006.0,5,20.17,100.85,Website,10.0
2025-01-01,10,1177,1257.0,4,2.84,11.36,Amazon.ae,0.0
2025-09-10,47,1040,462.0,4,84.68,338.72,Store,0.0
2025-09-25,16,1186,3306.0,4,5.46,21.84,Store,0.0
2023-02-03,30,1190,3951.0,6,20.26,121.56,Store,0.0
2022-06-05,24,1186,4584.0,1,5.46,5.46,Store,0.0
2023-12-13,44,1062,,2,29.18,58.36,MobileApp,0.0
2021-08-22,35,1112,3946.0,5,10.38,51.9,Website,0.0
2021-11-21,35,1144,2442.0,1,14.46,14.46,Store,0.0
2025-07-14,16,1039,835.0,4,23.32,93.28,MobileApp,10.0
2021-02-14,5,1178,2352.0,4,20.35,81.4,Website,15.0
2024-09-20,26,1123,471.0,1,9.82,9.82,Store,0.0
2021-05-07,17,1100,,2,13.66,27.32,Store,25.0
2022-07-19,11,1085,3749.0,3,23.97,71.91,Website,10.0
2022-12-02,41,1176,2310.0,3,6.15,18.45,Website,10.0
2022-08-16,40,1043,1469.0,1,23.45,23.45,Website,0.0
2024-08-24,7,1134,4721.0,2,13.83,27.66,Store,0.0
2022-02-12,38,1134,,4,13.83,55.32,Website,0.0
2021-07-30,2,1109,1034.0,1,32.75,32.75,Store,10.0
2025-04-20,33,1051,808.0,2,71.35,142.7,Store,0.0
2025-08-13,10,1136,2781.0,3,54.26,162.78,Store,10.0
2023-12-10,10,1180,4263.0,1,8.4,8.4,Store,0.0
2024-02-14,42,1147,,1,20.74,20.74,Noon,0.0
2022-11-06,30,1065,,1,177.83,177.83,Store,0.0
2025-05-17,46,1057,442.0,2,26.94,53.88,Amazon.ae,0.0
2023-12-30,40,1093,2615.0,1,7.98,7.98,Amazon.ae,0.0
2024-02-18,29,1017,234.0,4,43.23,172.92,Website,0.0
2022-11-03,5,1057,3313.0,2,26.94,53.88,Store,0.0
2024-09-23,34,1019,4336.0,1,211.86,211.86,Website,0.0
2022-01-01,26,1096,,3,84.97,254.91,Website,25.0
2023-06-30,10,1071,4181.0,2,4.39,8.78,Website,20.0
2025-06-04,4,1056,2850.0,3,5.98,17.94,Website,0.0
2024-03-01,20,1009,,2,90.95,181.9,MobileApp,0.0
2021-05-21,42,1159,231.0,1,178.08,178.08,Store,0.0
2023-07-15,13,1168,,1,19.12,19.12,Website,0.0
2025-03-11,5,1064,4545.0,1,12.38,12.38,Store,30.0
2022-01-06,37,1139,,3,22.71,68.13,Website,0.0
2023-01-22,35,1194,3431.0,3,9.63,28.89,Store,0.0
2024-04-27,22,1002,3920.0,3,13.73,41.19,MobileApp,0.0
2023-08-08,23,1083,,3,13.88,41.64,Store,0.0
2025-06-21,17,1063,4647.0,2,16.22,32.44,Amazon.ae,0.0
2021-07-08,50,1064,,4,15.91,63.64,MobileApp,10.0
2021-04-02,9,1005,4027.0,2,17.7,35.4,Store,0.0
2021-05-30,27,1153,3020.0,1,160.72,160.72,Website,0.0
2024-02-11,35,1132,3354.0,3,29.56,88.68,Website,15.0
2021-03-31,28,1093,2198.0,1,7.98,7.98,Store,0.0
2024-03-12,17,1160,35.0,3,6.18,18.54,Website,0.0
2022-01-08,33,1027,2090.0,2,6.05,12.1,Amazon.ae,0.0
2025-01-19,36,1197,1333.0,6,17.58,105.48,Amazon.ae,0.0
2022-11-27,40,1187,711.0,5,46.38,231.9,MobileApp,35.0
2022-02-18,10,1017,135.0,1,32.42,32.42,MobileApp,25.0
2024-10-01,14,1011,,1,20.37,20.37,Website,0.0
2022-11-05,5,1038,3416.0,2,99.28,198.56,Website,0.0
2021-11-06,28,1196,862.0,1,29.94,29.94,Store,0.0
2024-04-15,26,1107,,2,160.77,321.54,Store,0.0
2021-10-26,40,1044,698.0,2,21.79,43.58,Noon,0.0
2022-04-17,20,1122,,6,23.7,142.2,Store,25.0
2023-12-22,5,1146,4013.0,2,20.29,40.58,Amazon.ae,0.0
2023-12-30,10,1070,3152.0,3,42.19,126.57,MobileApp,0.0
2022-10-10,48,1106,1158.0,3,11.28,33.84,Store,0.0
2024-01-15,31,1120,2290.0,6,39.47,236.82,MobileApp,15.0
2023-09-09,50,1188,4149.0,2,20.38,40.76,Store,0.0
2021-09-12,24,1036,1150.0,2,89.48,178.96,Website,0.0
2022-04-11,17,1097,1925.0,5,1.96,9.8,Amazon.ae,25.0
2022-02-15,14,1020,,1,7.47,7.47,Store,25.0
2023-01-12,43,1071,56.0,4,4.67,18.68,Store,15.0
2024-01-12,38,1183,3981.0,3,113.72,341.16,Store,15.0
2024-03-26,46,1077,,6,47.6,285.6,Store,0.0
2021-06-13,24,1177,4905.0,1,2.84,2.84,Store,0.0
2021-04-23,37,1084,903.0,1,35.92,35.92,Store,25.0
2025-06-18,44,1039,2547.0,2,25.91,51.82,Store,0.0
2024-09-19,27,1089,4727.0,1,65.95,65.95,Website,0.0
2023-05-15,30,1054,4841.0,1,9.86,9.86,Website,0.0
2021-01-02,27,1194,2066.0,1,8.19,8.19,Website,15.0
2022-09-13,16,1055,,1,11.14,11.14,Store,0.0
2022-06-22,46,1183,260.0,4,133.79,535.16,Noon,0.0
2022-10-26,20,1029,,1,27.9,27.9,Store,0.0
2021-12-07,18,1192,1645.0,1,21.97,21.97,Website,0.0
2025-08-10,32,1075,3127.0,3,13.37,40.11,Store,0.0
2022-05-17,7,1042,3603.0,3,44.9,134.7,Store,0.0
2024-04-07,17,1042,1682.0,3,38.16,114.48,MobileApp,15.0
2024-09-06,46,1001,3777.0,1,164.56,164.56,Store,0.0
2025-01-13,33,1093,3536.0,1,6.78,6.78,Website,15.0
2024-01-01,17,1046,987.0,3,49.46,148.38,Store,15.0
2021-12-24,34,1086,,2,15.06,30.12,Store,0.0
2024-10-26,31,1002,,1,13.73,13.73,Store,0.0
2022-01-06,19,1017,3696.0,4,32.42,129.68,Amazon.ae,25.0
2023-05-02,36,1198,2131.0,1,25.91,25.91,Store,0.0
2025-05-15,22,1026,1966.0,2,5.7,11.4,Store,0.0
2025-05-27,34,1105,1725.0,2,17.04,34.08,Store,0.0
2021-05-12,3,1134,2242.0,1,10.37,10.37,Website,25.0
2022-08-14,29,1176,3375.0,3,6.83,20.49,Store,0.0
2025-05-14,39,1092,1872.0,3,28.19,84.57,Store,0.0
2025-04-29,6,1001,3236.0,1,164.56,164.56,MobileApp,0.0
2023-07-12,13,1115,4392.0,6,44.22,265.32,MobileApp,0.0
2024-11-26,21,1042,180.0,4,44.9,179.6,Store,0.0
2024-07-22,45,1016,3201.0,4,17.5,70.0,Store,10.0
2021-06-01,12,1005,,1,17.7,17.7,Store,0.0
2021-03-15,17,1140,,1,35.85,35.85,Store,0.0
2025-03-18,22,1163,,5,37.39,186.95,Website,0.0
2024-12-01,45,1097,,1,1.7,1.7,Website,35.0
2022-02-23,10,1099,4642.0,3,37.38,112.14,Website,25.0
2023-07-16,48,1055,2297.0,4,8.91,35.64,Amazon.ae,20.0
2023-02-06,10,1003,483.0,2,10.2,20.4,Store,15.0
2022-01-19,15,1105,644.0,1,17.04,17.04,Website,0.0
2021-06-18,20,1037,4857.0,1,178.57,178.57,Website,0.0
2025-10-23,50,1110,3378.0,3,18.41,55.23,MobileApp,0.0
2023-04-03,19,1191,1222.0,5,7.92,39.6,Amazon.ae,20.0
2022-02-12,6,1077,439.0,6,47.6,285.6,Store,0.0
2021-02-26,13,1005,,5,17.7,88.5,Store,0.0
2023-07-08,2,1170,2789.0,2,21.3,42.6,Website,0.0
2024-01-15,27,1050,3001.0,2,17.84,35.68,Amazon.ae,0.0
2024-10-24,2,1030,3512.0,1,22.04,22.04,Website,0.0
2024-09-28,28,1018,3812.0,2,55.16,110.32,Amazon.ae,0.0
2021-01-23,4,1027,,4,5.14,20.56,Store,15.0
2023-11-14,9,1171,643.0,4,41.67,166.68,Store,0.0
2021-02-14,38,1178,4530.0,6,23.94,143.64,Store,0.0
2025-05-18,42,1036,4808.0,1,89.48,89.48,Website,0.0
2021-10-29,38,1017,3186.0,1,43.23,43.23,Website,0.0
2021-08-20,20,1131,,1,21.12,21.12,Store,10.0
2025-02-26,24,1086,4538.0,1,15.06,15.06,Website,0.0
2022-08-18,3,1001,3864.0,3,148.1,444.3,Store,10.0
2023-06-03,29,1044,2078.0,3,21.79,65.37,Store,0.0
2024-08-06,21,1151,3736.0,4,128.46,513.84,Website,10.0
2021-11-30,39,1138,,1,46.28,46.28,Website,0.0
2024-01-29,30,1026,,4,4.84,19.36,Store,15.0
2025-07-09,13,1179,,5,28.84,144.2,MobileApp,0.0
2024-12-28,47,1133,1948.0,2,33.85,67.7,Store,0.0
2021-03-09,6,1174,2753.0,1,240.85,240.85,Website,0.0
2021-01-16,40,1148,332.0,3,45.57,136.71,Website,15.0
2023-09-24,38,1181,4460.0,1,38.61,38.61,MobileApp,0.0
2022-03-08,41,1070,,1,42.19,42.19,Store,0.0
2024-01-26,10,1007,190.0,5,67.26,336.3,Website,0.0
2022-03-17,30,1132,1903.0,2,34.78,69.56,Store,0.0
2023-03-29,1,1170,1164.0,4,17.04,68.16,Website,20.0
2024-05-05,38,1180,1063.0,1,8.4,8.4,Store,0.0
2025-05-17,21,1156,184.0,4,33.95,135.8,Website,0.0
2023-08-07,30,1143,2209.0,1,13.77,13.77,Store,20.0
2022-08-04,10,1043,2561.0,3,21.1,63.3,Website,10.0
2025-02-05,4,1139,2708.0,6,19.3,115.8,Website,15.0
2024-08-16,45,1132,3711.0,2,34.78,69.56,Website,0.0
2025-01-17,32,1116,2295.0,1,66.4,66.4,MobileApp,15.0
2025-07-11,50,1065,440.0,1,177.83,177.83,Noon,0.0
2025-08-15,44,1141,4178.0,2,8.45,16.9,Website,0.0
2021-04-08,49,1072,4962.0,2,238.26,476.52,Website,0.0
2021-01-09,47,1055,1414.0,3,11.14,33.42,MobileApp,0.0
2021-08-14,30,1062,1261.0,2,26.26,52.52,Website,10.0
2023-03-05,23,1116,4030.0,1,78.12,78.12,Website,0.0
2022-10-31,5,1021,,2,28.83,57.66,Website,0.0
2023-01-04,29,1107,2172.0,3,136.65,409.95,Website,15.0
2022-03-07,42,1001,,1,164.56,164.56,MobileApp,0.0
2024-08-09,22,1136,1584.0,6,60.29,361.74,Website,0.0
2024-02-24,35,1141,,2,8.45,16.9,MobileApp,0.0
2023-06-13,12,1018,2692.0,2,55.16,110.32,Website,0.0
2023-06-09,34,1084,3470.0,1,47.89,47.89,Store,0.0
2023-12-19,31,1181,4997.0,1,38.61,38.61,Amazon.ae,0.0
2022-08-12,40,1136,118.0,5,54.26,271.3,Store,10.0
2022-08-24,24,1070,3710.0,3,37.97,113.91,Website,10.0
2023-07-08,2,1139,325.0,3,18.17,54.51,Store,20.0
2022-11-27,34,1122,4008.0,1,31.6,31.6,Store,0.0
2022-05-10,2,1028,4191.0,2,41.78,83.56,Website,0.0
2022-10-23,33,1151,2719.0,1,142.73,142.73,MobileApp,0.0
2025-03-12,21,1034,2700.0,1,57.56,57.56,MobileApp,0.0
2024-01-04,26,1039,4245.0,3,25.91,77.73,Store,0.0
2022-11-26,4,1125,2448.0,4,26.97,107.88,Website,0.0
2021-11-14,33,1137,2486.0,2,6.72,13.44,Store,0.0
2024-07-08,19,1012,485.0,3,12.69,38.07,Amazon.ae,10.0
2024-03-21,9,1162,,2,26.4,52.8,MobileApp,0.0
2023-12-02,1,1140,3372.0,4,30.47,121.88,Website,15.0
2024-02-10,46,1053,2620.0,5,11.65,58.25,MobileApp,0.0
2025-03-08,39,1190,3614.0,2,20.26,40.52,Website,0.0
2025-06-25,32,1192,2249.0,1,21.97,21.97,Website,0.0
2022-09-13,38,1050,823.0,1,17.84,17.84,Store,0.0
2023-06-23,29,1175,,2,59.84,119.68,Website,0.0
2025-06-21,18,1064,186.0,1,17.68,17.68,Store,0.0
2024-10-09,38,1160,1155.0,4,6.18,24.72,Store,0.0
2021-04-27,33,1179,1530.0,1,28.84,28.84,MobileApp,0.0
2024-05-01,30,1021,,1,28.83,28.83,Store,0.0
2025-08-02,7,1154,2672.0,5,15.89,79.45,Website,0.0
2025-09-14,46,1128,3804.0,2,26.58,53.16,Store,0.0
2023-12-07,29,1010,184.0,2,16.43,32.86,Noon,0.0
2023-08-10,3,1115,440.0,4,35.38,141.52,Website,20.0
2023-08-18,34,1186,,3,5.46,16.38,Store,0.0
2023-04-04,49,1053,2573.0,2,9.32,18.64,Store,20.0
2022-02-16,31,1183,3565.0,1,133.79,133.79,Store,0.0
2022-01-26,36,1119,4249.0,3,36.07,108.21,Website,0.0
2023-05-27,20,1154,2750.0,2,15.89,31.78,Store,0.0
2024-01-06,24,1114,1868.0,1,152.42,152.42,Website,0.0
2022-08-19,13,1070,1832.0,4,37.97,151.88,Website,10.0
2021-12-18,4,1048,1155.0,1,13.87,13.87,Store,0.0
2022-07-03,21,1140,2889.0,2,32.26,64.52,Store,10.0
2023-09-13,28,1096,4222.0,1,113.29,113.29,Store,0.0
2022-11-20,18,1076,4312.0,4,22.42,89.68,Store,0.0
2021-06-03,8,1102,719.0,2,21.54,43.08,MobileApp,0.0
2022-09-16,18,1173,4806.0,3,163.58,490.74,MobileApp,0.0
2024-10-19,47,1199,,1,229.89,229.89,MobileApp,0.0
2025-03-19,2,1007,748.0,2,67.26,134.52,Website,0.0
2021-04-21,47,1158,3130.0,5,5.45,27.25,Website,25.0
2022-03-13,39,1152,,2,53.94,107.88,Store,0.0
2023-02-08,2,1040,2950.0,1,84.68,84.68,Amazon.ae,0.0
2025-07-28,9,1194,3036.0,3,8.67,26.01,MobileApp,10.0
2024-08-17,7,1036,,6,80.53,483.18,Website,10.0
2025-02-04,35,1091,3691.0,1,7.43,7.43,Website,15.0
2021-12-20,37,1098,3172.0,1,103.53,103.53,Store,0.0
2025-03-28,4,1063,2628.0,1,11.35,11.35,Website,30.0
2024-10-13,32,1139,488.0,4,22.71,90.84,Store,0.0
2022-01-10,3,1054,1107.0,6,7.4,44.4,Noon,25.0
2023-10-22,4,1192,859.0,3,21.97,65.91,Store,0.0
2021-02-24,11,1101,4140.0,6,21.18,127.08,Store,15.0
2024-03-13,44,1075,2865.0,2,11.36,22.72,Amazon.ae,15.0
2023-06-15,17,1089,1940.0,1,65.95,65.95,Store,0.0
2022-04-27,3,1051,290.0,5,53.51,267.55,Store,25.0
2022-10-15,40,1017,3815.0,2,43.23,86.46,MobileApp,0.0
2023-02-12,11,1122,,3,26.86,80.58,Website,15.0
2024-06-28,20,1084,410.0,2,47.89,95.78,Website,0.0
2024-09-18,24,1119,1513.0,3,36.07,108.21,Store,0.0
2022-02-08,10,1006,1083.0,6,9.46,56.76,MobileApp,25.0
2021-04-24,31,1105,,2,12.78,25.56,MobileApp,25.0
2022-04-16,17,1040,535.0,6,84.68,508.08,Amazon.ae,0.0
2025-06-11,40,1181,,4,38.61,154.44,Store,0.0
2023-05-07,24,1062,1922.0,2,29.18,58.36,Store,0.0
2023-10-10,49,1165,,1,17.3,17.3,Amazon.ae,0.0
2025-04-19,11,1059,4902.0,2,21.23,42.46,Store,0.0
2021-03-31,28,1025,,1,8.48,8.48,Website,0.0
2021-01-07,8,1140,,2,30.47,60.94,Amazon.ae,15.0
2023-10-20,8,1136,,1,60.29,60.29,Store,0.0
2021-10-16,36,1100,4930.0,3,18.21,54.63,MobileApp,0.0
2022-04-06,34,1077,3583.0,5,35.7,178.5,Website,25.0
2024-02-12,34,1165,1767.0,1,17.3,17.3,Amazon.ae,0.0
2022-03-13,34,1039,2630.0,2,25.91,51.82,Amazon.ae,0.0
2024-06-05,32,1044,2082.0,2,21.79,43.58,Store,0.0
2024-08-04,5,1168,3156.0,2,17.21,34.42,MobileApp,10.0
2022-04-16,22,1176,4138.0,5,6.83,34.15,Amazon.ae,0.0
2021-02-27,13,1026,3051.0,5,4.84,24.2,Store,15.0
2024-05-14,23,1010,1334.0,1,16.43,16.43,Noon,0.0
2024-07-11,26,1103,1671.0,5,34.55,172.75,Website,10.0
2025-08-10,16,1125,4482.0,2,24.27,48.54,Store,10.0
2021-06-01,23,1170,2505.0,2,21.3,42.6,Store,0.0
2024-08-03,35,1087,,1,8.48,8.48,Website,10.0
2022-11-06,36,1143,3626.0,1,17.21,17.21,Store,0.0
2025-10-21,14,1056,2513.0,1,5.98,5.98,Store,0.0
2023-02-11,10,1101,2032.0,2,24.92,49.84,Store,0.0
2023-11-29,15,1010,1758.0,1,16.43,16.43,Store,0.0
2022-06-24,3,1078,209.0,2,179.73,359.46,Website,0.0
2022-08-30,5,1148,,1,48.25,48.25,Website,10.0
2023-02-22,23,1071,,5,5.49,27.45,MobileApp,0.0
2025-01-06,38,1064,,4,17.68,70.72,Store,0.0
2022-08-11,1,1194,795.0,3,8.67,26.01,Noon,10.0
2025-02-04,33,1178,2804.0,2,23.94,47.88,Website,0.0
2024-01-14,48,1067,2001.0,5,42.13,210.65,Website,15.0
2022-08-17,44,1007,4082.0,1,67.26,67.26,Store,0.0
2022-05-01,37,1111,4340.0,6,9.42,56.52,MobileApp,25.0
2024-01-09,47,1135,4018.0,3,42.92,128.76,MobileApp,15.0
2025-07-23,33,1169,1306.0,1,6.09,6.09,Store,0.0
2023-01-16,40,1171,,3,35.42,106.26,Store,15.0
2023-09-19,15,1077,388.0,2,47.6,95.2,MobileApp,0.0
2022-07-13,13,1122,,2,28.44,56.88,MobileApp,10.0
2025-04-19,34,1162,4537.0,4,26.4,105.6,Website,0.0
2025-02-04,12,1135,720.0,1,42.92,42.92,Store,15.0
2022-10-01,47,1104,,4,21.12,84.48,MobileApp,0.0
2024-08-16,12,1041,3149.0,5,13.76,68.8,Store,0.0
2023-10-29,49,1086,1166.0,1,15.06,15.06,Store,0.0
2023-05-29,10,1126,152.0,3,25.7,77.1,Website,0.0
2022-08-16,29,1002,102.0,2,13.73,27.46,Store,0.0
2024-06-11,46,1098,833.0,3,103.53,310.59,Website,0.0
2023-03-25,4,1141,,4,6.76,27.04,Store,20.0
2024-04-02,35,1012,240.0,3,11.98,35.94,Website,15.0
2022-08-21,41,1034,2668.0,3,57.56,172.68,MobileApp,0.0
2022-09-19,50,1120,833.0,1,46.44,46.44,Store,0.0
2022-02-06,18,1082,2916.0,6,33.49,200.94,MobileApp,25.0
2022-05-29,40,1130,3357.0,3,16.86,50.58,Amazon.ae,0.0
2024-02-05,19,1181,,1,38.61,38.61,MobileApp,0.0
2024-06-28,4,1027,2168.0,3,6.05,18.15,Store,0.0
2023-06-26,50,1172,1043.0,4,113.45,453.8,MobileApp,0.0
2021-03-15,4,1048,31.0,3,13.87,41.61,MobileApp,0.0
2024-04-06,27,1163,620.0,1,31.78,31.78,Store,15.0
2025-03-24,26,1029,1306.0,6,19.53,117.18,Store,30.0
2023-06-20,38,1196,3084.0,2,29.94,59.88,Store,0.0
2025-03-13,45,1150,3026.0,6,93.2,559.2,Store,30.0
2021-04-14,2,1120,4569.0,5,34.83,174.15,Noon,25.0
2023-05-20,41,1118,2388.0,2,23.7,47.4,Amazon.ae,0.0
2023-01-13,18,1128,,5,22.59,112.95,Store,15.0
2025-01-18,47,1188,,5,17.32,86.6,Website,15.0
2021-09-14,14,1113,,3,25.29,75.87,Store,0.0
2025-06-16,16,1035,,4,245.38,981.52,Store,0.0
2025-06-15,20,1024,4298.0,3,8.79,26.37,Website,0.0
2021-02-16,48,1147,4163.0,2,17.63,35.26,MobileApp,15.0
2021-01-10,13,1149,2247.0,2,88.04,176.08,Store,15.0
2021-01-03,22,1002,,1,13.73,13.73,Amazon.ae,0.0
2022-12-24,42,1155,2920.0,1,22.88,22.88,Website,0.0
2024-05-19,32,1117,,2,9.94,19.88,Store,0.0
2023-07-21,8,1150,920.0,1,133.14,133.14,Amazon.ae,0.0
2022-10-23,37,1026,,2,5.7,11.4,MobileApp,0.0
2023-03-17,29,1032,,1,15.16,15.16,Store,0.0
2022-07-30,47,1193,,1,13.87,13.87,Store,0.0
2023-04-24,42,1026,1543.0,1,5.7,5.7,Store,0.0
2024-06-11,35,1172,,2,113.45,226.9,Store,0.0
2025-02-12,31,1153,,4,136.61,546.44,Website,15.0
2025-05-28,19,1037,4849.0,3,178.57,535.71,MobileApp,0.0
2022-06-18,35,1147,1793.0,3,20.74,62.22,Store,0.0
2024-12-08,48,1007,2825.0,2,67.26,134.52,Website,0.0
2022-05-01,24,1080,,2,22.25,44.5,Amazon.ae,0.0
2025-06-20,13,1195,2795.0,2,20.92,41.84,MobileApp,0.0
2023-11-27,28,1028,,2,41.78,83.56,Store,0.0
2025-08-03,29,1044,750.0,4,19.61,78.44,Website,10.0
2022-06-26,5,1143,1001.0,3,17.21,51.63,Website,0.0
2024-01-16,9,1146,3902.0,1,17.25,17.25,Website,15.0
2024-11-18,22,1091,2179.0,3,8.74,26.22,Website,0.0
2024-06-29,21,1174,2094.0,1,240.85,240.85,Amazon.ae,0.0
2023-04-03,44,1006,4593.0,2,10.1,20.2,Store,20.0
2022-07-14,9,1039,,6,23.32,139.92,Amazon.ae,10.0
2024-11-04,33,1169,2187.0,3,6.09,18.27,Website,0.0
2021-05-18,41,1132,,3,34.78,104.34,Store,0.0
2021-12-31,32,1134,,2,13.83,27.66,Store,0.0
2024-08-04,37,1175,744.0,5,53.86,269.3,MobileApp,10.0
2023-06-25,49,1125,,3,26.97,80.91,Store,0.0
2022-11-04,9,1035,2108.0,1,245.38,245.38,MobileApp,0.0
2024-06-29,24,1176,4592.0,1,6.83,6.83,MobileApp,0.0
2023-06-09,6,1024,2749.0,1,8.79,8.79,Website,0.0
2023-01-27,4,1023,1702.0,2,60.82,121.64,MobileApp,0.0
2024-07-23,48,1151,4770.0,1,142.73,142.73,Website,0.0
2024-02-22,16,1086,2052.0,6,12.8,76.8,Store,15.0
2023-01-02,4,1147,1375.0,1,17.63,17.63,Amazon.ae,15.0
2024-07-12,50,1158,3176.0,2,6.54,13.08,Website,10.0
2023-04-25,16,1070,,2,42.19,84.38,Website,0.0
2021-02-08,16,1155,4681.0,4,22.88,91.52,Website,0.0
2022-10-17,37,1018,2382.0,1,55.16,55.16,Website,0.0
2021-04-10,4,1037,4345.0,2,178.57,357.14,Store,0.0
2023-09-12,8,1129,4584.0,1,152.84,152.84,Website,0.0
2025-03-03,7,1003,,4,8.4,33.6,Amazon.ae,30.0
2022-03-04,33,1144,,2,14.46,28.92,MobileApp,0.0
2023-03-23,15,1093,4768.0,6,7.98,47.88,Store,0.0
2023-09-26,24,1037,2231.0,1,178.57,178.57,Amazon.ae,0.0
2022-01-12,35,1085,2995.0,1,19.97,19.97,MobileApp,25.0
2025-03-31,12,1080,47.0,5,15.58,77.9,MobileApp,30.0
2025-01-17,20,1055,1683.0,4,11.14,44.56,Store,0.0
2023-07-01,50,1126,2130.0,6,20.56,123.36,Store,20.0
2022-05-05,21,1180,2529.0,3,8.4,25.2,Store,0.0
2023-09-02,43,1046,4071.0,1,58.19,58.19,Website,0.0
2023-07-19,47,1042,861.0,6,44.9,269.4,MobileApp,0.0
2021-04-29,23,1200,3401.0,2,7.49,14.98,MobileApp,0.0
2025-03-16,30,1104,,6,21.12,126.72,Website,0.0
