cust_id,age,gender,city,loyalty_segment,preferred_channel,registration_date
2,20,Female,Abu Dhabi,Gold,Store,2024-12-03
3,55,Male,Dubai,Gold,Website,2023-09-18
6,30,Male,Dubai,Silver,Website,2025-03-29
7,45,Female,Abu Dhabi,Silver,MobileApp,2022-03-16
8,35,Female,Dubai,Silver,Store,2024-09-20
9,40,Male,Dubai,Platinum,Store,2025-07-12
10,35,Female,Sharjah,Silver,Website,2022-03-11
11,35,Male,Abu Dhabi,Silver,Amazon.ae,2022-11-21
15,20,Female,Abu Dhabi,Silver,Website,2024-01-24
17,50,Female,Sharjah,Silver,MobileApp,2023-04-06
18,18,Male,Dubai,Platinum,Store,2024-04-06
19,35,Male,Sharjah,Silver,Store,2021-03-28
20,50,Female,Sharjah,Silver,Store,2021-01-03
21,20,Male,Abu Dhabi,Platinum,Website,2022-01-07
25,35,Male,Abu Dhabi,Silver,Store,2021-04-08
26,25,Female,Dubai,Gold,MobileApp,2022-11-01
27,50,Female,Sharjah,Silver,Website,2025-03-26
29,50,Male,Dubai,Gold,MobileApp,2022-06-18
31,45,Female,Dubai,Gold,Store,2022-01-02
33,25,Female,Sharjah,Silver,Store,2022-02-21
35,18,Female,Dubai,Silver,Store,2024-05-22
36,30,Male,Dubai,Silver,MobileApp,2023-04-28
37,20,Female,Dubai,Gold,Store,2022-11-01
41,25,Female,Abu Dhabi,Silver,Website,2023-01-11
42,35,Female,Dubai,Gold,Store,2022-11-26
43,18,Male,Sharjah,Silver,MobileApp,2021-01-23
47,25,Male,Sharjah,Silver,Noon,2022-04-05
48,35,Male,Abu Dhabi,Gold,Noon,2022-10-12
49,45,Female,Dubai,Silver,Amazon.ae,2022-04-27
50,35,Female,Abu Dhabi,Gold,MobileApp,2021-04-30
51,20,Male,Dubai,Platinum,Store,2022-11-04
53,45,Female,Dubai,Silver,Noon,2021-11-14
54,18,Female,Dubai,Gold,Store,2021-12-04
56,30,Female,Dubai,Silver,Store,2023-05-18
58,40,Male,Sharjah,Gold,Website,2022-01-29
61,40,Male,Abu Dhabi,Silver,Noon,2021-11-09
62,25,Male,Sharjah,Platinum,Website,2024-07-06
67,40,Male,Sharjah,Silver,Store,2022-02-13
69,25,Male,Dubai,Silver,Website,2021-08-08
76,20,Male,Sharjah,Silver,Store,2023-09-15
79,60,Male,Dubai,Gold,Store,2025-07-23
81,25,Male,Dubai,Silver,Store,2025-04-03
82,35,Male,Dubai,Silver,Website,2023-01-25
85,40,Male,Sharjah,Silver,Amazon.ae,2024-01-25
87,25,Male,Dubai,Silver,Store,2023-09-15
89,50,Male,Abu Dhabi,Gold,Store,2022-02-20
90,30,Male,Dubai,Gold,Store,2025-01-19
92,20,Male,Abu Dhabi,Gold,Amazon.ae,2025-09-07
93,60,Female,Dubai,Gold,Website,2024-11-28
94,20,Male,Abu Dhabi,Platinum,Website,2022-11-04
101,20,Male,Abu Dhabi,Silver,MobileApp,2022-01-08
102,20,Female,Sharjah,Silver,Store,2022-09-10
104,25,Female,Sharjah,Gold,Website,2025-03-24
105,18,Male,Dubai,Gold,Website,2025-07-17
106,55,Female,Sharjah,Silver,Store,2024-10-08
108,50,Female,Dubai,Silver,Website,2021-01-01
110,20,Male,Dubai,Silver,Store,2021-01-07
113,35,Male,Dubai,Silver,Store,2022-05-24
114,20,Female,Abu Dhabi,Silver,Website,2021-07-05
116,20,Male,Dubai,Silver,Store,2022-04-07
118,30,Male,Dubai,Platinum,Store,2022-09-27
121,18,Female,Sharjah,Platinum,Store,2022-07-30
122,45,Female,Abu Dhabi,Silver,MobileApp,2021-05-16
123,25,Male,Abu Dhabi,Silver,Store,2022-01-18
124,20,Female,Dubai,Silver,Website,2021-07-05
125,45,Male,Abu Dhabi,Gold,Store,2022-10-01
127,45,Male,Dubai,Silver,Website,2024-10-27
128,40,Female,Abu Dhabi,Silver,MobileApp,2023-08-22
129,35,Female,Dubai,Silver,MobileApp,2022-07-15
130,30,Female,Abu Dhabi,Silver,MobileApp,2024-04-04
131,18,Male,Sharjah,Gold,Store,2023-06-17
132,25,Male,Dubai,Silver,MobileApp,2022-10-01
134,25,Male,Sharjah,Silver,MobileApp,2025-09-09
135,35,Male,Abu Dhabi,Gold,Amazon.ae,2025-10-05
136,30,Female,Dubai,Platinum,Store,2024-03-26
137,18,Male,Dubai,Platinum,Store,2023-05-08
139,35,Male,Abu Dhabi,Silver,MobileApp,2023-09-25
140,18,Male,Dubai,Silver,Store,2021-10-12
145,40,Male,Abu Dhabi,Silver,MobileApp,2022-10-28
148,30,Female,Abu Dhabi,Platinum,Website,2024-11-19
150,45,Male,Abu Dhabi,Silver,Website,2021-08-01
152,35,Male,Dubai,Gold,MobileApp,2023-07-19
153,45,Female,Sharjah,Silver,Noon,2021-12-26
155,35,Female,Dubai,Platinum,MobileApp,2021-10-31
156,40,Male,Abu Dhabi,Silver,Amazon.ae,2024-03-24
157,35,Male,Dubai,Silver,Website,2024-11-04
158,35,Male,Dubai,Silver,Website,2021-07-19
159,35,Male,Sharjah,Silver,Store,2025-08-31
160,40,Male,Dubai,Silver,Website,2021-08-26
161,20,Female,Sharjah,Silver,Website,2022-11-02
162,45,Female,Dubai,Silver,MobileApp,2025-09-25
165,40,Male,Dubai,Silver,Store,2023-05-29
168,35,Male,Abu Dhabi,Silver,Store,2022-04-21
169,20,Male,Dubai,Silver,Website,2022-05-13
171,40,Male,Dubai,Silver,Website,2025-10-23
176,60,Female,Abu Dhabi,Gold,Website,2023-02-23
177,35,Male,Sharjah,Gold,Store,2022-03-05
178,25,Female,Abu Dhabi,Platinum,Store,2022-06-23
180,30,Male,Abu Dhabi,Silver,MobileApp,2025-01-06
181,40,Female,Abu Dhabi,Silver,Store,2023-08-26
182,20,Male,Sharjah,Silver,MobileApp,2021-07-29
184,30,Male,Dubai,Silver,Store,2025-09-30
185,55,Female,Abu Dhabi,Gold,Store,2022-05-06
186,25,Male,Sharjah,Platinum,MobileApp,2022-04-16
187,35,Male,Abu Dhabi,Silver,Store,2025-09-06
189,20,Male,Abu Dhabi,Silver,Store,2022-07-22
190,50,Female,Sharjah,Gold,Store,2022-10-26
192,18,Male,Abu Dhabi,Platinum,Store,2022-07-04
193,25,Male,Dubai,Gold,Store,2025-02-09
194,35,Male,Abu Dhabi,Gold,Amazon.ae,2021-07-17
197,25,Female,Dubai,Platinum,Website,2025-03-15
198,35,Female,Abu Dhabi,Gold,Website,2025-09-10
200,45,Male,Dubai,Silver,Store,2022-11-19
201,55,Male,Sharjah,Gold,Amazon.ae,2022-04-12
203,35,Male,Dubai,Gold,MobileApp,2021-05-19
208,25,Female,Abu Dhabi,Platinum,Website,2023-01-03
209,30,Male,Sharjah,Platinum,Store,2021-05-15
212,25,Male,Dubai,Silver,MobileApp,2022-08-02
213,25,Male,Dubai,Gold,Store,2023-12-29
214,60,Male,Dubai,Silver,Store,2022-03-15
215,25,Male,Dubai,Platinum,Store,2021-03-18
217,20,Male,Abu Dhabi,Silver,MobileApp,2022-01-09
218,40,Male,Dubai,Silver,MobileApp,2023-11-02
220,20,Female,Dubai,Gold,Store,2023-01-28
221,18,Male,Dubai,Silver,Website,2023-01-19
222,35,Male,Abu Dhabi,Gold,Noon,2023-02-03
226,20,Female,Dubai,Silver,MobileApp,2025-07-02
228,50,Male,Sharjah,Silver,Website,2021-11-07
229,25,Male,Dubai,Silver,Store,2024-08-24
231,25,Male,Abu Dhabi,Silver,Website,2022-09-17
234,25,Male,Dubai,Gold,Website,2024-09-25
236,20,Female,Abu Dhabi,Silver,Store,2025-05-20
237,20,Female,Dubai,Gold,MobileApp,2025-01-15
239,35,Male,Dubai,Gold,MobileApp,2025-01-19
240,25,Female,Abu Dhabi,Silver,Store,2023-05-23
241,45,Female,Abu Dhabi,Silver,Website,2021-08-24
242,30,Female,Sharjah,Platinum,Store,2022-01-24
244,20,Female,Dubai,Gold,Store,2025-07-23
246,40,Male,Sharjah,Gold,Store,2021-01-30
251,20,Male,Dubai,Silver,Amazon.ae,2021-10-10
252,18,Female,Dubai,Gold,Store,2025-10-19
253,50,Female,Dubai,Gold,Store,2021-08-26
254,35,Male,Sharjah,Silver,Store,2025-10-29
255,40,Male,Abu Dhabi,Silver,MobileApp,2023-01-01
259,35,Male,Dubai,Silver,Store,2023-09-05
260,25,Male,Sharjah,Platinum,Store,2023-07-04
261,20,Female,Dubai,Gold,Store,2025-07-08
267,25,Male,Abu Dhabi,Platinum,Amazon.ae,2022-08-06
268,30,Female,Dubai,Silver,Amazon.ae,2024-09-27
270,18,Male,Sharjah,Gold,Website,2021-05-16
271,25,Female,Abu Dhabi,Platinum,Store,2023-09-05
275,35,Male,Dubai,Silver,Website,2021-01-17
276,45,Female,Dubai,Gold,Store,2024-05-23
277,40,Male,Abu Dhabi,Platinum,Website,2024-11-19
279,30,Female,Dubai,Gold,Website,2022-02-18
280,20,Female,Dubai,Silver,Store,2024-06-21
283,20,Female,Sharjah,Silver,Store,2021-01-06
284,30,Male,Abu Dhabi,Gold,Store,2023-02-19
286,35,Female,Dubai,Gold,MobileApp,2021-07-08
287,30,Female,Sharjah,Gold,Website,2025-06-27
288,18,Female,Dubai,Silver,MobileApp,2025-06-28
289,25,Male,Sharjah,Silver,Store,2022-02-24
290,30,Female,Dubai,Gold,Amazon.ae,2023-12-27
292,25,Male,Dubai,Gold,Store,2021-09-05
293,18,Female,Dubai,Silver,Store,2023-05-10
297,30,Female,Abu Dhabi,Gold,Store,2024-01-12
299,40,Female,Dubai,Silver,MobileApp,2024-01-11
303,35,Female,Abu Dhabi,Silver,Store,2021-05-13
305,18,Female,Dubai,Silver,Website,2022-01-12
307,18,Male,Abu Dhabi,Silver,MobileApp,2021-07-30
308,30,Female,Dubai,Silver,MobileApp,2021-05-12
311,35,Male,Sharjah,Silver,Store,2023-07-09
312,40,Male,Dubai,Silver,Store,2024-12-17
315,18,Male,Dubai,Gold,Website,2024-10-21
317,30,Female,Dubai,Silver,Noon,2021-05-27
319,30,Male,Sharjah,Silver,Website,2024-02-25
321,30,Female,Abu Dhabi,Silver,Store,2022-12-16
323,18,Female,Dubai,Silver,MobileApp,2025-05-16
324,18,Male,Sharjah,Silver,Store,2021-08-19
325,20,Female,Abu Dhabi,Gold,Store,2022-03-27
326,20,Male,Abu Dhabi,Platinum,Store,2025-03-04
329,55,Male,Sharjah,Platinum,Website,2023-06-26
330,25,Male,Dubai,Silver,Website,2025-07-05
332,40,Male,Dubai,Silver,Amazon.ae,2025-09-21
336,35,Female,Dubai,Gold,Store,2025-07-18
338,60,Male,Abu Dhabi,Platinum,Website,2021-05-20
341,20,Male,Dubai,Silver,Website,2022-03-24
342,35,Male,Dubai,Silver,Store,2023-07-16
346,30,Female,Dubai,Gold,Website,2021-12-27
347,45,Female,Dubai,Gold,Website,2022-11-14
349,35,Male,Dubai,Silver,Store,2025-04-21
350,25,Male,Sharjah,Silver,Website,2022-10-04
352,25,Female,Dubai,Silver,Noon,2023-09-24
353,60,Female,Dubai,Silver,MobileApp,2025-05-04
354,18,Female,Sharjah,Silver,Website,2023-07-12
358,35,Female,Abu Dhabi,Platinum,Store,2025-03-22
360,45,Female,Dubai,Platinum,Store,2024-04-13
362,25,Male,Sharjah,Silver,Store,2025-03-13
363,25,Female,Abu Dhabi,Silver,Store,2024-05-12
367,35,Male,Abu Dhabi,Gold,Store,2024-12-10
369,35,Male,Dubai,Silver,Website,2021-03-23
370,20,Female,Abu Dhabi,Silver,Store,2025-02-15
371,35,Male,Dubai,Gold,Website,2021-05-28
378,30,Female,Dubai,Silver,Store,2022-12-24
380,45,Male,Dubai,Silver,Website,2023-10-28
382,30,Female,Dubai,Silver,MobileApp,2023-04-06
383,25,Female,Dubai,Silver,Website,2022-03-10
387,55,Male,Abu Dhabi,Silver,Store,2021-05-18
388,25,Male,Abu Dhabi,Silver,Website,2022-01-02
389,35,Male,Dubai,Gold,Website,2021-04-16
390,25,Female,Dubai,Silver,Store,2023-03-05
391,40,Female,Dubai,Silver,MobileApp,2023-11-22
392,20,Female,Sharjah,Gold,Store,2022-09-28
393,55,Male,Sharjah,Silver,Website,2025-09-02
394,30,Female,Dubai,Silver,Store,2023-09-14
395,20,Male,Dubai,Silver,MobileApp,2023-08-16
399,25,Female,Abu Dhabi,Silver,MobileApp,2021-03-19
400,40,Male,Dubai,Silver,Store,2025-04-19
404,35,Female,Abu Dhabi,Platinum,MobileApp,2023-01-07
410,30,Female,Abu Dhabi,Gold,Noon,2021-08-26
416,20,Male,Dubai,Gold,Store,2022-09-22
419,30,Male,Dubai,Silver,Store,2023-10-11
421,18,Male,Sharjah,Platinum,Store,2022-09-06
422,20,Female,Dubai,Gold,Noon,2023-06-11
427,18,Male,Sharjah,Silver,Website,2021-10-07
429,60,Male,Sharjah,Silver,Store,2024-05-20
430,55,Male,Dubai,Gold,MobileApp,2023-12-14
431,18,Female,Dubai,Silver,Store,2021-03-08
433,35,Male,Dubai,Silver,Website,2022-06-04
434,45,Female,Dubai,Silver,Store,2022-05-14
436,30,Female,Abu Dhabi,Gold,Amazon.ae,2024-12-25
437,30,Female,Sharjah,Gold,Website,2022-12-28
438,35,Male,Dubai,Silver,Store,2023-12-06
439,20,Female,Sharjah,Silver,Store,2025-06-04
440,18,Female,Abu Dhabi,Gold,Store,2023-11-25
442,35,Male,Sharjah,Gold,MobileApp,2024-01-18
449,45,Female,Dubai,Silver,Website,2024-04-10
450,20,Male,Sharjah,Platinum,Store,2024-09-24
452,40,Male,Dubai,Gold,Store,2023-06-13
454,35,Female,Sharjah,Silver,Store,2022-06-09
455,30,Female,Dubai,Gold,Amazon.ae,2021-06-23
458,30,Male,Dubai,Gold,MobileApp,2021-07-26
459,18,Female,Sharjah,Silver,Website,2024-09-28
462,35,Male,Dubai,Gold,Website,2025-07-24
471,55,Male,Dubai,Silver,Store,2024-07-07
472,25,Male,Abu Dhabi,Silver,Store,2023-08-22
474,40,Female,Sharjah,Silver,Store,2023-04-18
475,30,Female,Dubai,Silver,Store,2024-05-25
476,35,Female,Dubai,Silver,Store,2022-02-15
477,45,Female,Sharjah,Silver,Website,2025-05-02
479,25,Female,Abu Dhabi,Gold,Website,2024-02-15
483,40,Male,Dubai,Silver,Store,2021-06-04
485,40,Female,Abu Dhabi,Silver,Store,2025-03-11
488,18,Male,Abu Dhabi,Silver,MobileApp,2024-04-30
490,25,Male,Dubai,Gold,Amazon.ae,2023-01-25
491,25,Female,Dubai,Platinum,Website,2024-01-27
492,35,Male,Dubai,Silver,Store,2022-06-25
493,25,Male,Abu Dhabi,Platinum,MobileApp,2022-12-02
497,20,Male,Dubai,Silver,MobileApp,2024-03-24
498,18,Male,Abu Dhabi,Silver,Noon,2024-03-09
499,35,Female,Abu Dhabi,Silver,MobileApp,2023-07-02
501,35,Male,Dubai,Silver,Store,2021-09-13
502,30,Male,Dubai,Silver,Amazon.ae,2023-09-17
504,45,Female,Sharjah,Gold,Amazon.ae,2025-07-28
506,30,Male,Sharjah,Gold,Store,2022-02-20
510,25,Female,Sharjah,Silver,Store,2024-07-13
511,30,Female,Sharjah,Silver,Amazon.ae,2025-04-14
512,30,Female,Dubai,Silver,Website,2024-03-08
513,35,Female,Dubai,Silver,Website,2023-08-20
514,40,Female,Dubai,Silver,Store,2023-04-04
516,35,Female,Abu Dhabi,Silver,MobileApp,2025-03-16
517,55,Female,Sharjah,Gold,Store,2021-09-06
518,18,Female,Dubai,Silver,Store,2023-01-15
519,20,Male,Abu Dhabi,Gold,Website,2021-11-04
520,18,Male,Abu Dhabi,Silver,Website,2022-07-27
521,35,Female,Dubai,Silver,Store,2024-05-27
525,18,Male,Abu Dhabi,Silver,Store,2025-05-27
526,50,Male,Dubai,Gold,Noon,2021-10-20
527,25,Female,Dubai,Gold,Store,2022-02-14
529,30,Male,Abu Dhabi,Silver,Website,2021-03-21
530,25,Female,Abu Dhabi,Gold,Store,2024-11-09
531,25,Male,Dubai,Silver,Website,2021-05-17
535,25,Female,Sharjah,Gold,Store,2024-05-15
537,35,Female,Sharjah,Silver,Store,2024-03-02
538,25,Male,Dubai,Silver,Amazon.ae,2021-06-15
539,25,Male,Dubai,Silver,Store,2025-03-07
541,20,Female,Sharjah,Gold,Website,2024-04-18
542,35,Female,Abu Dhabi,Silver,Store,2021-05-01
543,20,Male,Abu Dhabi,Gold,Website,2024-04-12
545,35,Male,Sharjah,Silver,MobileApp,2023-12-28
546,20,Female,Dubai,Silver,Website,2025-09-19
549,55,Male,Dubai,Gold,Amazon.ae,2024-09-15
550,30,Male,Dubai,Silver,MobileApp,2024-06-15
551,40,Female,Abu Dhabi,Platinum,MobileApp,2025-04-03
553,18,Male,Abu Dhabi,Silver,Website,2024-03-20
555,55,Male,Dubai,Silver,Website,2025-08-16
558,45,Male,Abu Dhabi,Platinum,Store,2023-08-22
559,20,Female,Abu Dhabi,Platinum,Store,2023-04-25
562,25,Male,Sharjah,Silver,Store,2023-03-08
566,20,Male,Dubai,Gold,Store,2023-06-06
567,40,Male,Sharjah,Gold,Store,2025-06-26
568,25,Female,Dubai,Silver,Store,2021-08-08
571,35,Female,Dubai,Silver,Website,2022-11-12
574,30,Male,Abu Dhabi,Silver,Amazon.ae,2025-04-12
577,35,Male,Dubai,Gold,Website,2024-08-23
578,45,Female,Dubai,Gold,Store,2024-01-22
579,20,Male,Abu Dhabi,Silver,Noon,2025-05-26
580,18,Female,Dubai,Platinum,Website,2024-07-16
585,20,Female,Dubai,Gold,Amazon.ae,2021-04-24
586,25,Female,Dubai,Silver,Website,2024-04-23
587,30,Female,Sharjah,Gold,Store,2023-07-10
592,25,Male,Dubai,Silver,Website,2021-06-07
593,25,Male,Abu Dhabi,Silver,Website,2025-02-06
595,35,Male,Dubai,Silver,Website,2025-03-09
597,20,Male,Dubai,Gold,Website,2024-07-21
598,20,Female,Dubai,Silver,Website,2023-05-03
600,30,Male,Abu Dhabi,Silver,Amazon.ae,2023-06-05
602,18,Male,Dubai,Gold,Noon,2025-04-09
604,45,Female,Abu Dhabi,Gold,MobileApp,2022-02-05
605,20,Male,Dubai,Silver,Noon,2023-04-08
606,25,Female,Sharjah,Gold,Amazon.ae,2024-04-18
609,18,Male,Dubai,Silver,Store,2022-10-17
610,30,Male,Abu Dhabi,Silver,MobileApp,2023-04-25
611,18,Male,Dubai,Gold,Website,2023-07-13
613,20,Female,Dubai,Silver,Store,2025-06-05
615,45,Female,Sharjah,Silver,MobileApp,2022-10-11
616,35,Female,Dubai,Silver,Amazon.ae,2025-05-11
619,25,Male,Dubai,Silver,MobileApp,2025-01-22
620,35,Female,Abu Dhabi,Silver,Store,2023-09-17
622,35,Male,Dubai,Silver,Store,2021-05-08
623,30,Male,Sharjah,Silver,Store,2023-08-10
626,18,Male,Dubai,Gold,Store,2021-01-20
629,20,Female,Dubai,Silver,Website,2022-11-06
630,35,Male,Dubai,Silver,Store,2022-12-15
632,30,Female,Dubai,Gold,Amazon.ae,2024-02-27
634,30,Female,Dubai,Silver,Amazon.ae,2021-07-16
636,25,Male,Sharjah,Gold,MobileApp,2025-02-24
637,35,Female,Abu Dhabi,Silver,MobileApp,2022-11-09
638,40,Male,Sharjah,Silver,Store,2022-05-19
640,20,Male,Dubai,Silver,Store,2023-01-08
641,25,Female,Abu Dhabi,Gold,Store,2023-03-03
643,60,Male,Dubai,Silver,Amazon.ae,2024-10-02
644,50,Male,Dubai,Gold,Store,2021-07-16
646,40,Female,Sharjah,Silver,Website,2023-02-20
647,30,Male,Dubai,Gold,Store,2023-01-14
648,35,Female,Abu Dhabi,Silver,Website,2025-06-25
649,18,Male,Dubai,Silver,Store,2024-03-29
652,40,Female,Dubai,Silver,Store,2024-05-15
653,40,Female,Dubai,Silver,Amazon.ae,2024-08-29
655,18,Male,Dubai,Silver,Store,2023-07-15
657,25,Male,Dubai,Silver,Website,2021-11-23
658,25,Male,Dubai,Platinum,Store,2023-07-23
661,30,Male,Sharjah,Silver,Website,2022-10-28
662,25,Male,Sharjah,Silver,Store,2024-01-29
663,25,Male,Dubai,Silver,Noon,2024-06-15
665,35,Female,Sharjah,Gold,Store,2023-05-08
669,60,Female,Abu Dhabi,Silver,Store,2025-02-25
671,20,Male,Abu Dhabi,Gold,Amazon.ae,2022-07-29
672,50,Female,Sharjah,Platinum,Website,2024-01-02
676,45,Female,Dubai,Silver,Website,2024-08-20
677,45,Male,Dubai,Platinum,Website,2023-10-26
678,40,Male,Sharjah,Gold,Website,2025-05-31
679,40,Male,Dubai,Gold,Store,2023-03-14
681,18,Female,Dubai,Gold,Store,2022-02-04
682,25,Male,Abu Dhabi,Silver,Website,2022-08-18
685,25,Female,Dubai,Platinum,MobileApp,2024-02-05
686,55,Male,Dubai,Gold,MobileApp,2021-04-27
690,45,Male,Dubai,Silver,Store,2023-04-12
691,50,Male,Dubai,Silver,Store,2023-05-23
694,40,Male,Abu Dhabi,Silver,Store,2024-12-04
698,20,Female,Sharjah,Silver,Store,2021-10-24
699,25,Female,Dubai,Gold,Store,2022-09-09
701,18,Female,Dubai,Gold,Website,2023-12-25
703,55,Female,Sharjah,Gold,Store,2021-06-27
704,30,Male,Dubai,Silver,Amazon.ae,2023-10-29
705,55,Female,Dubai,Gold,Store,2024-03-28
706,25,Female,Dubai,Silver,Noon,2021-01-11
708,30,Male,Dubai,Silver,Store,2022-02-15
710,20,Female,Abu Dhabi,Silver,MobileApp,2022-08-30
711,35,Female,Sharjah,Platinum,Amazon.ae,2021-06-04
713,35,Female,Dubai,Gold,Website,2024-02-13
714,35,Female,Abu Dhabi,Silver,Amazon.ae,2024-11-03
718,30,Female,Dubai,Platinum,Store,2021-12-16
719,18,Female,Dubai,Platinum,MobileApp,2024-01-27
720,60,Male,Dubai,Platinum,Store,2023-08-01
721,18,Male,Dubai,Silver,Store,2021-01-19
722,35,Male,Abu Dhabi,Silver,Website,2021-11-09
723,60,Male,Dubai,Silver,Store,2023-07-16
724,20,Male,Dubai,Silver,Website,2022-06-12
725,20,Female,Dubai,Silver,Website,2022-07-11
728,20,Male,Abu Dhabi,Gold,MobileApp,2021-08-19
729,35,Female,Abu Dhabi,Gold,Store,2025-08-20
732,60,Male,Abu Dhabi,Silver,Amazon.ae,2023-06-08
734,35,Female,Dubai,Silver,Store,2024-11-07
735,25,Male,Abu Dhabi,Silver,MobileApp,2025-03-16
737,30,Female,Dubai,Silver,Website,2024-10-20
738,25,Male,Dubai,Gold,Noon,2023-05-27
739,20,Male,Dubai,Gold,Website,2025-07-04
743,25,Male,Abu Dhabi,Gold,Store,2023-06-21
744,25,Female,Dubai,Silver,Store,2024-07-12
745,40,Male,Dubai,Silver,Store,2021-09-28
748,18,Female,Sharjah,Platinum,Website,2024-08-30
749,25,Male,Sharjah,Silver,Store,2024-11-11
750,30,Female,Dubai,Silver,Noon,2021-09-04
751,18,Female,Dubai,Gold,Store,2023-08-06
752,25,Male,Dubai,Silver,Store,2025-05-10
762,30,Female,Sharjah,Gold,MobileApp,2025-06-28
764,30,Male,Abu Dhabi,Silver,Store,2021-08-28
765,30,Male,Abu Dhabi,Silver,Noon,2021-11-07
766,40,Male,Dubai,Platinum,Store,2024-12-10
767,18,Male,Abu Dhabi,Silver,Website,2022-02-02
769,20,Female,Dubai,Gold,Website,2023-03-03
772,30,Male,Dubai,Silver,MobileApp,2023-03-24
773,25,Female,Dubai,Gold,Store,2023-06-23
776,40,Female,Dubai,Gold,Noon,2023-04-12
777,45,Female,Dubai,Gold,MobileApp,2024-10-08
778,55,Male,Dubai,Gold,Store,2024-10-26
781,35,Female,Dubai,Gold,Noon,2021-06-09
784,40,Male,Abu Dhabi,Silver,Store,2023-03-24
787,30,Male,Abu Dhabi,Silver,Noon,2024-10-07
788,35,Male,Abu Dhabi,Silver,Amazon.ae,2021-06-29
789,35,Female,Abu Dhabi,Silver,MobileApp,2025-02-04
794,30,Female,Abu Dhabi,Platinum,Store,2022-06-14
795,20,Female,Sharjah,Silver,Website,2024-11-19
804,18,Male,Dubai,Platinum,Store,2021-07-08
806,35,Male,Dubai,Gold,Store,2024-05-07
808,25,Male,Sharjah,Gold,Amazon.ae,2022-04-24
810,40,Female,Dubai,Platinum,Store,2023-10-12
811,35,Female,Abu Dhabi,Silver,Store,2024-06-01
815,35,Female,Sharjah,Gold,Store,2025-03-21
816,40,Male,Sharjah,Gold,Store,2023-07-05
818,18,Female,Dubai,Silver,Store,2023-05-19
819,18,Male,Dubai,Silver,Website,2024-02-12
820,55,Male,Abu Dhabi,Silver,Website,2025-03-20
821,25,Male,Abu Dhabi,Silver,Store,2024-04-22
822,40,Female,Dubai,Silver,Website,2025-10-15
823,35,Female,Abu Dhabi,Silver,Noon,2023-01-29
825,20,Male,Sharjah,Silver,Store,2021-10-23
826,20,Male,Abu Dhabi,Silver,MobileApp,2022-03-29
830,30,Female,Dubai,Silver,Store,2024-02-25
833,40,Female,Dubai,Silver,MobileApp,2021-05-08
835,55,Female,Dubai,Silver,Store,2025-09-06
838,35,Female,Sharjah,Gold,Noon,2025-07-08
840,35,Male,Dubai,Silver,Noon,2025-03-28
841,20,Male,Abu Dhabi,Silver,Website,2022-04-08
842,25,Female,Abu Dhabi,Gold,Store,2024-06-21
843,50,Male,Dubai,Silver,Store,2022-07-18
844,20,Female,Dubai,Gold,Website,2024-04-24
845,25,Female,Dubai,Platinum,Store,2024-06-10
847,25,Male,Sharjah,Gold,Website,2021-01-01
848,35,Male,Abu Dhabi,Gold,Store,2024-06-16
850,20,Male,Dubai,Gold,Amazon.ae,2025-02-27
851,20,Male,Sharjah,Gold,Store,2025-10-22
852,20,Male,Sharjah,Gold,Website,2025-06-28
854,35,Male,Sharjah,Silver,Website,2025-01-11
858,40,Female,Abu Dhabi,Platinum,Store,2024-07-24
859,50,Male,Abu Dhabi,Gold,MobileApp,2023-10-31
861,40,Female,Abu Dhabi,Gold,Store,2024-02-02
862,30,Male,Dubai,Silver,MobileApp,2021-12-11
864,35,Female,Abu Dhabi,Silver,Store,2023-09-04
865,40,Male,Sharjah,Silver,Website,2023-06-02
866,35,Female,Dubai,Silver,Website,2021-07-17
867,20,Female,Sharjah,Silver,Website,2023-11-04
868,30,Male,Sharjah,Silver,Amazon.ae,2025-08-31
870,50,Male,Dubai,Gold,Noon,2024-09-23
873,20,Female,Abu Dhabi,Silver,Website,2025-03-30
877,30,Female,Dubai,Silver,Website,2022-02-05
879,35,Female,Sharjah,Silver,Website,2022-04-27
881,30,Male,Sharjah,Silver,Website,2023-10-16
883,25,Female,Abu Dhabi,Silver,Noon,2021-11-05
889,20,Female,Abu Dhabi,Silver,Store,2022-06-18
890,30,Female,Dubai,Silver,Store,2022-02-26
893,35,Male,Abu Dhabi,Silver,Amazon.ae,2023-08-20
894,60,Male,Dubai,Silver,Store,2023-03-24
895,18,Male,Abu Dhabi,Gold,Noon,2023-06-06
897,40,Female,Dubai,Silver,Noon,2023-01-18
903,25,Male,Abu Dhabi,Platinum,Store,2023-12-05
905,30,Male,Dubai,Silver,Website,2025-08-27
907,40,Male,Abu Dhabi,Silver,Amazon.ae,2022-11-12
915,25,Male,Sharjah,Platinum,Website,2023-07-30
919,25,Male,Sharjah,Silver,Website,2024-06-17
920,35,Male,Sharjah,Silver,Store,2021-11-07
922,30,Female,Sharjah,Silver,Amazon.ae,2022-11-13
923,25,Female,Dubai,Platinum,MobileApp,2024-07-05
927,35,Male,Dubai,Gold,Website,2021-05-09
929,40,Female,Dubai,Silver,MobileApp,2021-11-22
931,30,Male,Dubai,Silver,Store,2021-01-17
932,30,Female,Dubai,Silver,Amazon.ae,2022-11-30
933,35,Female,Dubai,Silver,Website,2023-10-06
934,18,Female,Dubai,Gold,Store,2021-12-08
935,30,Male,Abu Dhabi,Gold,MobileApp,2023-09-30
938,35,Male,Dubai,Silver,Website,2023-02-10
940,40,Male,Dubai,Silver,Store,2024-06-26
941,25,Male,Abu Dhabi,Silver,Website,2022-12-11
942,40,Female,Dubai,Silver,Store,2023-04-29
943,30,Male,Dubai,Gold,MobileApp,2023-01-09
946,25,Female,Dubai,Silver,MobileApp,2021-12-23
949,40,Female,Sharjah,Silver,Website,2024-12-01
950,30,Female,Sharjah,Silver,Store,2025-07-29
952,20,Male,Dubai,Platinum,Website,2021-01-10
956,20,Male,Dubai,Silver,Amazon.ae,2022-06-15
957,30,Male,Dubai,Gold,Website,2025-04-08
962,25,Female,Sharjah,Silver,Website,2023-10-15
967,40,Female,Dubai,Gold,Store,2021-07-26
968,25,Female,Dubai,Gold,Website,2023-04-30
970,30,Male,Dubai,Gold,Noon,2025-10-01
971,20,Female,Sharjah,Silver,Website,2025-03-14
972,25,Male,Dubai,Silver,MobileApp,2023-06-03
973,25,Female,Dubai,Gold,Amazon.ae,2021-03-24
974,18,Male,Abu Dhabi,Silver,Website,2021-11-13
978,30,Male,Abu Dhabi,Platinum,Noon,2023-01-19
979,25,Male,Dubai,Silver,Website,2025-05-24
980,50,Male,Sharjah,Gold,Amazon.ae,2025-09-16
981,25,Female,Dubai,Silver,Store,2022-09-22
984,40,Male,Dubai,Gold,Store,2022-08-23
986,40,Male,Dubai,Silver,Store,2025-04-05
987,30,Female,Abu Dhabi,Platinum,Website,2025-07-01
988,30,Female,Dubai,Gold,Website,2023-04-21
989,20,Female,Dubai,Silver,Store,2025-03-05
991,35,Male,Dubai,Silver,Amazon.ae,2024-07-19
992,30,Male,Dubai,Silver,Store,2021-11-27
993,25,Male,Abu Dhabi,Gold,Store,2022-09-02
997,35,Male,Sharjah,Silver,Store,2022-01-24
998,20,Male,Dubai,Silver,Store,2023-08-29
1000,35,Female,Dubai,Silver,Website,2021-05-17
1001,55,Female,Sharjah,Silver,Website,2024-10-16
1002,18,Female,Dubai,Gold,MobileApp,2021-10-09
1004,25,Female,Dubai,Silver,Store,2023-10-16
1008,20,Female,Abu Dhabi,Silver,MobileApp,2023-10-02
1009,25,Male,Abu Dhabi,Gold,Website,2022-07-22
1010,40,Male,Sharjah,Gold,Website,2024-02-12
1011,25,Male,Dubai,Silver,Website,2023-12-28
1014,30,Male,Sharjah,Gold,MobileApp,2025-03-23
1017,50,Male,Sharjah,Gold,Website,2023-05-25
1021,25,Male,Dubai,Silver,MobileApp,2023-08-14
1025,55,Female,Dubai,Silver,MobileApp,2023-12-09
1027,50,Female,Sharjah,Silver,Website,2025-02-20
1030,25,Male,Dubai,Silver,Store,2021-05-02
1034,35,Male,Dubai,Silver,Noon,2021-01-28
1039,35,Male,Sharjah,Silver,Amazon.ae,2025-09-26
1041,20,Male,Dubai,Silver,Website,2023-11-25
1043,20,Male,Abu Dhabi,Platinum,Store,2024-02-12
1045,45,Female,Abu Dhabi,Silver,MobileApp,2021-02-21
1046,30,Male,Dubai,Silver,Website,2021-04-26
1047,30,Female,Sharjah,Silver,MobileApp,2021-02-16
1050,35,Male,Dubai,Silver,Store,2021-04-11
1054,18,Male,Dubai,Silver,Store,2023-11-25
1055,30,Female,Dubai,Silver,MobileApp,2023-09-28
1056,30,Male,Dubai,Silver,Store,2021-12-25
1058,50,Male,Abu Dhabi,Silver,Amazon.ae,2023-03-11
1059,40,Male,Abu Dhabi,Silver,Website,2023-10-23
1061,30,Female,Sharjah,Silver,Store,2024-07-19
1063,35,Female,Dubai,Gold,Store,2022-03-11
1064,30,Female,Abu Dhabi,Silver,Website,2025-01-14
1065,18,Female,Sharjah,Silver,Website,2022-08-27
1066,30,Male,Abu Dhabi,Gold,Store,2025-10-23
1067,40,Female,Abu Dhabi,Gold,Store,2022-07-20
1069,18,Male,Sharjah,Gold,MobileApp,2021-08-16
1070,40,Female,Dubai,Silver,Store,2022-06-29
1071,20,Male,Dubai,Silver,MobileApp,2024-05-22
1073,20,Male,Sharjah,Gold,Amazon.ae,2021-09-05
1074,25,Male,Dubai,Gold,Store,2024-12-02
1076,30,Male,Dubai,Silver,Amazon.ae,2025-05-19
1077,20,Female,Dubai,Gold,Store,2021-11-10
1079,45,Male,Dubai,Silver,Amazon.ae,2021-02-06
1082,30,Female,Abu Dhabi,Silver,Store,2023-09-07
1083,60,Female,Dubai,Gold,MobileApp,2021-03-25
1085,18,Male,Abu Dhabi,Silver,Amazon.ae,2024-01-23
1086,18,Female,Abu Dhabi,Gold,Website,2024-12-09
1088,50,Male,Dubai,Platinum,Store,2022-12-20
1090,30,Male,Dubai,Gold,Website,2024-12-15
1093,40,Male,Abu Dhabi,Silver,Website,2022-08-10
1094,25,Male,Abu Dhabi,Platinum,Website,2024-02-26
1097,20,Female,Dubai,Platinum,Store,2023-11-28
1099,25,Male,Abu Dhabi,Gold,Amazon.ae,2024-02-03
1100,40,Female,Dubai,Platinum,Website,2021-06-14
1102,35,Male,Sharjah,Silver,Website,2025-04-17
1103,40,Male,Abu Dhabi,Silver,MobileApp,2021-07-31
1106,30,Male,Dubai,Gold,MobileApp,2021-05-12
1107,20,Female,Sharjah,Gold,Store,2024-03-21
1113,25,Female,Dubai,Gold,Website,2023-11-06
1119,35,Male,Sharjah,Gold,Amazon.ae,2025-09-16
1120,20,Female,Dubai,Silver,Noon,2024-06-22
1121,25,Female,Dubai,Silver,Amazon.ae,2023-09-05
1123,18,Female,Abu Dhabi,Silver,Noon,2022-08-17
1124,45,Female,Abu Dhabi,Silver,MobileApp,2022-10-05
1127,55,Male,Abu Dhabi,Silver,Noon,2022-03-31
1128,25,Female,Sharjah,Gold,MobileApp,2025-05-29
1132,20,Male,Sharjah,Silver,Noon,2023-10-11
1133,45,Male,Abu Dhabi,Silver,Website,2024-03-29
1138,30,Male,Dubai,Silver,Store,2021-03-30
1139,35,Male,Dubai,Platinum,Store,2025-08-12
1141,18,Female,Abu Dhabi,Silver,Store,2021-01-06
1142,35,Female,Abu Dhabi,Gold,Store,2025-06-08
1143,20,Female,Dubai,Gold,Website,2023-08-03
1145,40,Female,Abu Dhabi,Gold,Website,2024-06-27
1147,35,Female,Abu Dhabi,Silver,Store,2024-12-10
1150,40,Female,Abu Dhabi,Gold,Store,2024-02-10
1154,40,Female,Dubai,Silver,Website,2022-06-14
1155,25,Female,Dubai,Silver,Website,2025-08-31
1157,35,Female,Dubai,Platinum,Noon,2024-01-11
1158,40,Female,Abu Dhabi,Gold,Store,2024-01-04
1160,20,Female,Dubai,Silver,Store,2025-01-23
1164,35,Female,Dubai,Silver,Website,2025-07-25
1165,35,Female,Dubai,Silver,Store,2022-01-22
1166,35,Male,Abu Dhabi,Gold,Store,2025-10-03
1167,25,Female,Abu Dhabi,Silver,Website,2021-12-29
1168,40,Female,Dubai,Platinum,Website,2024-08-12
1170,55,Male,Abu Dhabi,Platinum,Amazon.ae,2022-03-14
1171,35,Female,Sharjah,Gold,Store,2023-10-13
1172,20,Male,Abu Dhabi,Platinum,Store,2025-04-05
1173,35,Male,Abu Dhabi,Gold,Store,2025-06-17
1177,20,Male,Dubai,Silver,Store,2022-10-09
1178,45,Female,Sharjah,Silver,Store,2021-02-02
1179,20,Male,Abu Dhabi,Silver,MobileApp,2024-10-29
1183,35,Male,Dubai,Gold,Amazon.ae,2023-03-04
1184,30,Male,Dubai,Gold,Store,2024-02-06
1187,18,Female,Abu Dhabi,Silver,Store,2022-06-05
1189,35,Male,Dubai,Silver,Amazon.ae,2023-01-03
1191,45,Female,Abu Dhabi,Silver,Store,2022-02-06
1193,40,Male,Abu Dhabi,Silver,Amazon.ae,2021-04-09
1201,30,Male,Sharjah,Silver,Store,2022-08-18
1203,30,Female,Dubai,Silver,Website,2022-02-01
1213,25,Male,Dubai,Gold,Website,2025-04-08
1215,40,Male,Abu Dhabi,Gold,Website,2022-10-26
1216,40,Male,Abu Dhabi,Silver,Store,2021-09-01
1217,18,Male,Sharjah,Gold,Store,2021-08-29
1219,35,Male,Abu Dhabi,Gold,Amazon.ae,2024-07-20
1222,25,Female,Abu Dhabi,Gold,MobileApp,2025-09-28
1223,45,Female,Dubai,Gold,MobileApp,2025-04-08
1226,30,Male,Dubai,Silver,MobileApp,2025-07-15
1228,20,Male,Dubai,Silver,Website,2024-03-18
1229,18,Female,Abu Dhabi,Platinum,Store,2024-03-19
1230,30,Female,Dubai,Silver,MobileApp,2025-05-20
1231,25,Female,Dubai,Silver,Amazon.ae,2021-06-09
1234,25,Male,Dubai,Silver,Store,2023-10-28
1235,35,Male,Abu Dhabi,Silver,Store,2021-07-01
1236,18,Male,Sharjah,Gold,Store,2023-05-20
1237,50,Male,Dubai,Gold,Store,2023-08-24
1238,45,Male,Dubai,Gold,Amazon.ae,2025-03-30
1241,45,Female,Abu Dhabi,Silver,Amazon.ae,2024-08-30
1243,18,Female,Dubai,Gold,MobileApp,2021-06-23
1244,20,Male,Sharjah,Platinum,Store,2021-01-14
1247,30,Male,Sharjah,Silver,Amazon.ae,2025-10-25
1248,60,Male,Sharjah,Silver,MobileApp,2022-05-29
1253,30,Male,Dubai,Gold,Amazon.ae,2021-11-29
1257,35,Male,Abu Dhabi,Silver,Website,2021-06-12
1259,45,Male,Abu Dhabi,Silver,Store,2024-11-27
1260,30,Female,Abu Dhabi,Gold,Store,2024-01-08
1261,30,Male,Dubai,Silver,MobileApp,2025-01-10
1262,25,Male,Abu Dhabi,Platinum,Store,2023-10-29
1265,40,Male,Sharjah,Gold,MobileApp,2022-06-27
1266,35,Male,Dubai,Silver,Website,2022-02-18
1268,25,Male,Dubai,Silver,Store,2022-10-04
1269,35,Female,Abu Dhabi,Gold,MobileApp,2024-12-03
1271,30,Male,Dubai,Silver,Website,2021-01-22
1272,35,Male,Dubai,Silver,MobileApp,2025-07-20
1274,30,Male,Dubai,Silver,Store,2023-08-27
1275,20,Male,Sharjah,Silver,Amazon.ae,2025-09-01
1281,35,Male,Abu Dhabi,Silver,Store,2024-07-11
1282,30,Male,Abu Dhabi,Gold,Noon,2024-08-19
1284,18,Female,Dubai,Silver,Store,2022-12-25
1288,18,Female,Dubai,Gold,Website,2021-09-09
1289,20,Male,Dubai,Silver,MobileApp,2021-07-24
1290,25,Male,Abu Dhabi,Silver,MobileApp,2024-08-18
1291,55,Male,Abu Dhabi,Gold,MobileApp,2024-06-19
1294,20,Female,Dubai,Silver,Store,2023-12-21
1296,25,Male,Dubai,Gold,MobileApp,2024-08-18
1297,20,Male,Sharjah,Silver,Website,2025-02-04
1299,18,Male,Dubai,Silver,Store,2025-06-19
1302,18,Male,Abu Dhabi,Gold,MobileApp,2023-07-01
1305,40,Male,Sharjah,Silver,Store,2022-06-14
1306,30,Male,Abu Dhabi,Silver,MobileApp,2024-04-25
1307,30,Male,Dubai,Silver,Website,2024-05-20
1308,25,Female,Abu Dhabi,Silver,MobileApp,2023-11-25
1309,50,Male,Sharjah,Gold,Store,2024-03-16
1311,18,Female,Abu Dhabi,Silver,MobileApp,2025-04-20
1312,35,Male,Sharjah,Gold,Store,2025-05-31
1314,25,Male,Abu Dhabi,Silver,Website,2024-06-26
1315,30,Female,Abu Dhabi,Silver,Store,2021-02-26
1316,45,Male,Abu Dhabi,Silver,Website,2024-08-21
1318,35,Male,Dubai,Silver,Website,2025-10-15
1319,60,Male,Abu Dhabi,Silver,Noon,2021-12-27
1320,20,Female,Dubai,Gold,Store,2024-06-14
1322,25,Female,Dubai,Gold,Store,2021-08-11
1325,50,Male,Dubai,Silver,Website,2024-01-27
1330,55,Male,Abu Dhabi,Gold,Website,2022-04-23
1331,40,Male,Abu Dhabi,Silver,Website,2023-09-12
1333,35,Male,Sharjah,Gold,Store,2023-03-03
1334,18,Female,Dubai,Silver,Amazon.ae,2025-04-28
1335,25,Male,Abu Dhabi,Gold,MobileApp,2022-05-27
1338,35,Male,Sharjah,Platinum,MobileApp,2024-12-17
1341,30,Male,Dubai,Silver,Amazon.ae,2022-03-28
1342,25,Male,Abu Dhabi,Silver,Store,2024-08-06
1343,20,Female,Abu Dhabi,Silver,Amazon.ae,2025-10-26
1344,25,Male,Dubai,Silver,Amazon.ae,2024-02-17
1346,18,Male,Dubai,Gold,Store,2022-07-19
1347,18,Female,Dubai,Gold,Website,2023-01-02
1352,25,Male,Abu Dhabi,Gold,Store,2023-06-22
1353,30,Female,Dubai,Gold,Store,2025-01-10
1356,50,Male,Sharjah,Gold,Amazon.ae,2021-09-04
1357,35,Male,Dubai,Gold,Amazon.ae,2023-06-24
1361,50,Female,Sharjah,Silver,Store,2022-08-22
1362,18,Female,Abu Dhabi,Silver,Store,2023-05-15
1363,30,Male,Dubai,Gold,Noon,2025-01-12
1365,18,Female,Abu Dhabi,Silver,Website,2023-02-12
1369,30,Male,Abu Dhabi,Gold,Website,2022-07-04
1372,30,Female,Dubai,Platinum,Store,2024-04-25
1373,25,Male,Dubai,Gold,Amazon.ae,2025-03-29
1374,35,Female,Sharjah,Silver,Website,2024-05-31
1375,35,Female,Dubai,Silver,Store,2022-04-10
1376,40,Female,Dubai,Silver,Amazon.ae,2022-02-23
1381,25,Male,Dubai,Silver,Store,2021-06-22
1383,25,Female,Abu Dhabi,Platinum,Amazon.ae,2025-09-27
1385,40,Male,Dubai,Gold,Website,2025-02-28
1386,45,Male,Abu Dhabi,Gold,Store,2024-06-22
1387,50,Female,Abu Dhabi,Silver,Store,2023-07-29
1390,30,Male,Dubai,Gold,Store,2021-07-15
1391,25,Male,Abu Dhabi,Gold,Website,2021-03-03
1392,35,Female,Dubai,Silver,Store,2023-11-15
1396,20,Male,Sharjah,Gold,Website,2023-06-16
1398,20,Male,Sharjah,Gold,Store,2023-12-12
1399,45,Male,Sharjah,Silver,Website,2023-04-24
1400,25,Male,Dubai,Platinum,Store,2021-02-09
1402,18,Female,Dubai,Gold,Store,2022-12-29
1406,18,Female,Abu Dhabi,Gold,Store,2023-02-27
1409,35,Male,Sharjah,Gold,Store,2024-02-04
1414,30,Female,Sharjah,Silver,Website,2021-07-29
1415,35,Male,Abu Dhabi,Silver,MobileApp,2023-12-18
1416,20,Male,Sharjah,Silver,Store,2021-02-12
1417,30,Male,Dubai,Silver,Amazon.ae,2021-05-18
1418,18,Female,Sharjah,Silver,Website,2025-07-03
1421,25,Male,Dubai,Silver,Noon,2022-09-30
1423,18,Male,Abu Dhabi,Silver,Website,2022-12-27
1424,25,Female,Dubai,Gold,Website,2025-07-22
1425,20,Male,Sharjah,Platinum,Store,2024-11-13
1429,25,Male,Abu Dhabi,Silver,Store,2021-04-17
1431,20,Male,Dubai,Silver,Website,2021-11-23
1434,45,Female,Abu Dhabi,Silver,Store,2021-12-23
1435,35,Male,Sharjah,Platinum,Website,2022-08-18
1436,40,Male,Dubai,Platinum,Website,2022-05-16
1437,60,Male,Sharjah,Silver,Store,2024-07-31
1439,55,Male,Dubai,Silver,Store,2022-05-23
1440,25,Female,Sharjah,Silver,Amazon.ae,2025-10-24
1441,25,Male,Dubai,Silver,MobileApp,2021-04-16
1443,30,Male,Dubai,Silver,Store,2023-12-26
1444,20,Male,Dubai,Platinum,Amazon.ae,2021-07-14
1448,40,Female,Dubai,Silver,MobileApp,2023-10-06
1449,25,Male,Dubai,Silver,Amazon.ae,2022-06-21
1452,20,Male,Sharjah,Silver,Website,2023-04-27
1454,25,Male,Dubai,Silver,MobileApp,2022-12-10
1455,25,Male,Sharjah,Platinum,Store,2024-06-23
1456,55,Male,Abu Dhabi,Silver,Store,2023-03-19
1457,30,Male,Dubai,Silver,Store,2022-09-04
1458,25,Female,Sharjah,Silver,Amazon.ae,2024-04-16
1461,25,Female,Dubai,Platinum,Store,2022-09-23
1462,35,Male,Dubai,Silver,Amazon.ae,2024-04-03
1464,25,Male,Dubai,Silver,Noon,2021-07-16
1467,35,Female,Sharjah,Gold,MobileApp,2022-11-12
1468,30,Male,Abu Dhabi,Silver,Store,2021-03-17
1469,35,Male,Dubai,Silver,Noon,2024-12-20
1473,30,Female,Abu Dhabi,Platinum,Store,2023-05-11
1474,30,Male,Abu Dhabi,Silver,Website,2023-01-12
1478,35,Male,Dubai,Silver,Website,2023-06-05
1479,30,Male,Abu Dhabi,Silver,MobileApp,2025-01-10
1481,20,Female,Dubai,Silver,Store,2022-03-07
1483,20,Female,Dubai,Gold,Website,2024-01-25
1484,40,Male,Dubai,Silver,Store,2025-01-02
1490,60,Female,Dubai,Silver,Website,2023-09-16
1491,30,Male,Dubai,Silver,Amazon.ae,2025-04-30
1492,45,Female,Dubai,Silver,MobileApp,2021-03-13
1495,25,Male,Sharjah,Platinum,Website,2021-08-27
1500,30,Male,Sharjah,Silver,MobileApp,2022-12-14
1502,45,Female,Abu Dhabi,Gold,Noon,2022-10-04
1503,60,Male,Abu Dhabi,Silver,Noon,2024-03-23
1504,25,Female,Sharjah,Platinum,Store,2022-08-13
1505,40,Male,Sharjah,Silver,Store,2021-07-09
1506,40,Female,Dubai,Silver,Store,2023-03-23
1508,55,Male,Abu Dhabi,Silver,Amazon.ae,2024-03-23
1510,20,Female,Sharjah,Gold,Website,2022-09-17
1513,40,Female,Dubai,Silver,Store,2025-03-21
1516,45,Female,Sharjah,Silver,Store,2023-02-23
1518,30,Male,Abu Dhabi,Silver,MobileApp,2022-12-23
1521,18,Male,Dubai,Gold,Store,2023-04-27
1524,35,Male,Abu Dhabi,Silver,MobileApp,2023-09-23
1526,20,Male,Sharjah,Silver,Store,2024-01-30
1530,25,Female,Abu Dhabi,Silver,Store,2021-06-27
1532,55,Male,Dubai,Platinum,MobileApp,2021-11-08
1533,18,Female,Abu Dhabi,Gold,Website,2025-07-24
1536,40,Male,Abu Dhabi,Silver,Website,2024-08-04
1537,25,Male,Dubai,Silver,Amazon.ae,2025-08-04
1539,35,Female,Dubai,Platinum,Website,2024-11-25
1542,20,Male,Abu Dhabi,Gold,MobileApp,2025-02-02
1543,40,Male,Dubai,Platinum,Amazon.ae,2021-01-27
1545,35,Male,Dubai,Silver,Amazon.ae,2025-10-20
1548,35,Female,Dubai,Platinum,Amazon.ae,2022-05-16
1551,18,Female,Abu Dhabi,Gold,Amazon.ae,2021-11-21
1553,25,Female,Abu Dhabi,Gold,Website,2025-05-10
1555,25,Female,Dubai,Silver,Store,2021-10-12
1556,20,Male,Dubai,Silver,Store,2024-01-18
1557,40,Female,Dubai,Silver,MobileApp,2023-12-05
1559,18,Female,Abu Dhabi,Platinum,MobileApp,2022-05-13
1561,30,Male,Abu Dhabi,Silver,Store,2025-03-02
1562,25,Male,Abu Dhabi,Silver,Website,2025-05-21
1565,40,Female,Abu Dhabi,Gold,MobileApp,2023-08-06
1566,35,Female,Dubai,Gold,Website,2025-03-22
1569,25,Male,Dubai,Gold,Website,2025-07-17
1570,25,Female,Abu Dhabi,Gold,MobileApp,2024-04-05
1573,40,Female,Abu Dhabi,Gold,Store,2024-08-26
1577,25,Male,Dubai,Silver,Website,2021-12-09
1582,35,Female,Abu Dhabi,Silver,Website,2023-05-18
1584,35,Female,Dubai,Gold,Website,2024-11-25
1585,20,Female,Sharjah,Silver,Website,2021-06-20
1586,45,Male,Sharjah,Silver,MobileApp,2022-08-01
1587,30,Male,Abu Dhabi,Silver,Store,2021-03-09
1591,18,Male,Dubai,Gold,Store,2021-05-31
1594,35,Male,Abu Dhabi,Gold,Noon,2023-01-20
1595,40,Male,Sharjah,Silver,Website,2022-09-20
1596,40,Female,Abu Dhabi,Gold,Noon,2025-05-31
1602,30,Male,Dubai,Silver,MobileApp,2023-03-28
1606,18,Male,Dubai,Gold,Noon,2022-01-06
1614,18,Male,Sharjah,Silver,Store,2022-11-12
1615,40,Male,Dubai,Silver,Website,2024-03-11
1616,18,Male,Dubai,Silver,MobileApp,2025-02-17
1617,20,Female,Dubai,Gold,MobileApp,2025-01-01
1618,35,Male,Dubai,Silver,Store,2021-03-29
1619,25,Male,Sharjah,Gold,Website,2022-04-08
1623,40,Female,Dubai,Platinum,Website,2022-06-08
1625,40,Female,Abu Dhabi,Silver,Store,2021-09-01
1627,25,Male,Sharjah,Platinum,Store,2024-05-05
1632,35,Male,Sharjah,Silver,Store,2025-06-27
1633,30,Female,Abu Dhabi,Gold,Website,2024-08-06
1634,25,Female,Abu Dhabi,Gold,Store,2024-05-29
1637,18,Male,Dubai,Silver,Noon,2024-08-18
1638,20,Female,Abu Dhabi,Gold,Amazon.ae,2021-07-06
1640,35,Male,Dubai,Silver,Store,2024-12-06
1644,35,Male,Abu Dhabi,Gold,Store,2021-11-09
1645,25,Male,Dubai,Silver,Website,2023-03-30
1646,20,Male,Abu Dhabi,Silver,Website,2025-02-28
1647,40,Male,Abu Dhabi,Silver,Store,2021-01-22
1651,55,Male,Dubai,Silver,Noon,2023-12-25
1652,30,Male,Dubai,Gold,Store,2022-12-30
1657,25,Male,Dubai,Silver,Website,2021-07-31
1660,25,Female,Dubai,Gold,Store,2021-06-27
1661,40,Female,Abu Dhabi,Silver,Store,2024-12-17
1662,45,Female,Dubai,Platinum,Store,2023-07-20
1663,20,Male,Abu Dhabi,Silver,Store,2025-08-16
1665,30,Male,Dubai,Silver,Noon,2021-02-13
1666,45,Female,Abu Dhabi,Silver,Website,2024-12-25
1667,20,Female,Abu Dhabi,Platinum,MobileApp,2021-06-17
1670,25,Male,Dubai,Silver,Store,2021-12-03
1671,20,Female,Sharjah,Silver,MobileApp,2022-08-09
1674,25,Male,Dubai,Silver,Store,2021-01-16
1679,45,Male,Dubai,Silver,Store,2025-04-27
1682,18,Female,Abu Dhabi,Silver,Store,2021-11-02
1683,20,Male,Abu Dhabi,Gold,Website,2023-09-07
1685,25,Female,Abu Dhabi,Silver,Amazon.ae,2023-04-23
1688,25,Male,Dubai,Silver,Store,2021-12-27
1691,20,Female,Abu Dhabi,Silver,Website,2024-01-29
1692,25,Male,Dubai,Gold,Store,2024-01-19
1693,30,Male,Abu Dhabi,Gold,Store,2023-09-11
1694,25,Female,Dubai,Gold,Website,2024-06-23
1696,30,Female,Abu Dhabi,Silver,Noon,2022-12-25
1697,18,Male,Abu Dhabi,Platinum,MobileApp,2024-01-10
1698,30,Female,Sharjah,Silver,Amazon.ae,2021-04-25
1699,55,Female,Abu Dhabi,Silver,MobileApp,2021-10-03
1702,25,Female,Sharjah,Gold,Amazon.ae,2021-06-28
1703,40,Male,Sharjah,Gold,Store,2024-08-25
1704,40,Male,Dubai,Gold,Amazon.ae,2022-07-15
1705,30,Female,Dubai,Gold,Store,2022-05-24
1706,55,Female,Dubai,Silver,MobileApp,2021-09-17
1707,20,Female,Abu Dhabi,Silver,MobileApp,2021-10-19
1709,40,Male,Dubai,Silver,MobileApp,2021-10-18
1710,40,Male,Sharjah,Platinum,Store,2022-06-26
1716,30,Male,Dubai,Gold,Website,2022-04-25
1718,25,Male,Abu Dhabi,Silver,Amazon.ae,2022-01-16
1721,35,Male,Dubai,Silver,Store,2024-09-28
1725,45,Female,Abu Dhabi,Platinum,Website,2023-04-27
1727,40,Male,Sharjah,Silver,Website,2024-03-11
1729,25,Female,Abu Dhabi,Gold,MobileApp,2024-10-31
1730,25,Male,Sharjah,Platinum,MobileApp,2021-08-14
1731,18,Male,Sharjah,Silver,Store,2025-02-06
1732,20,Male,Sharjah,Silver,Store,2021-01-25
1735,35,Male,Dubai,Silver,Website,2021-04-05
1736,30,Male,Dubai,Silver,Store,2022-05-23
1739,50,Male,Dubai,Gold,MobileApp,2024-04-14
1740,40,Female,Dubai,Silver,Store,2022-10-06
1741,60,Female,Dubai,Gold,Website,2024-12-02
1742,30,Male,Abu Dhabi,Silver,Store,2022-05-05
1743,55,Female,Sharjah,Silver,Store,2022-04-04
1746,20,Male,Abu Dhabi,Silver,Store,2021-12-04
1747,20,Female,Dubai,Gold,Website,2023-08-21
1749,35,Male,Sharjah,Silver,Website,2024-05-21
1750,40,Female,Dubai,Silver,Store,2025-10-13
1751,30,Male,Dubai,Platinum,Amazon.ae,2021-12-11
1752,20,Female,Abu Dhabi,Silver,Store,2022-07-30
1754,35,Female,Dubai,Silver,Store,2025-03-28
1757,25,Male,Dubai,Silver,MobileApp,2024-06-25
1758,25,Male,Dubai,Silver,MobileApp,2025-07-06
1762,45,Female,Sharjah,Gold,Noon,2021-10-21
1765,20,Female,Dubai,Gold,MobileApp,2025-08-10
1767,35,Male,Dubai,Silver,Amazon.ae,2023-04-30
1768,25,Female,Abu Dhabi,Silver,MobileApp,2025-08-20
1769,20,Female,Abu Dhabi,Silver,Amazon.ae,2021-09-16
1771,30,Male,Abu Dhabi,Silver,Store,2024-03-27
1772,20,Male,Sharjah,Gold,Store,2025-02-26
1773,30,Male,Dubai,Silver,Website,2021-07-05
1779,30,Male,Dubai,Platinum,Amazon.ae,2023-08-08
1783,25,Female,Abu Dhabi,Silver,MobileApp,2022-06-09
1784,20,Male,Dubai,Gold,MobileApp,2021-07-19
1788,40,Male,Dubai,Silver,Store,2024-07-28
1789,45,Female,Abu Dhabi,Silver,Store,2024-03-27
1792,20,Female,Sharjah,Gold,Noon,2024-03-26
1793,55,Male,Dubai,Silver,Website,2022-03-01
1797,30,Male,Abu Dhabi,Silver,Store,2022-10-01
1798,25,Female,Sharjah,Gold,Store,2024-10-02
1800,30,Male,Sharjah,Silver,Amazon.ae,2023-10-09
1802,35,Male,Dubai,Gold,Store,2023-08-19
1803,60,Male,Abu Dhabi,Silver,MobileApp,2024-11-09
1805,40,Male,Abu Dhabi,Platinum,Store,2022-04-01
1806,50,Male,Dubai,Platinum,MobileApp,2022-09-16
1807,50,Female,Abu Dhabi,Silver,Website,2025-04-19
1808,55,Male,Dubai,Silver,Website,2024-01-09
1811,40,Female,Dubai,Silver,Website,2025-04-14
1812,20,Female,Dubai,Gold,Store,2025-02-21
1813,30,Male,Dubai,Silver,Store,2022-10-05
1814,35,Male,Abu Dhabi,Silver,MobileApp,2025-03-27
1816,35,Male,Abu Dhabi,Silver,Store,2022-07-28
1818,20,Male,Dubai,Silver,Website,2021-02-02
1820,40,Male,Dubai,Silver,Website,2023-07-10
1821,30,Male,Abu Dhabi,Silver,Website,2025-06-12
1822,18,Female,Sharjah,Gold,Store,2022-02-14
1823,18,Female,Dubai,Gold,Website,2025-04-02
1824,25,Female,Abu Dhabi,Silver,Amazon.ae,2023-10-20
1825,50,Male,Dubai,Gold,Store,2024-01-20
1827,35,Male,Dubai,Gold,Website,2021-10-26
1832,18,Male,Dubai,Silver,MobileApp,2022-11-21
1833,25,Female,Dubai,Silver,Store,2024-08-28
1834,18,Male,Dubai,Gold,MobileApp,2023-08-17
1835,30,Male,Dubai,Silver,MobileApp,2023-01-02
1836,35,Male,Dubai,Silver,Store,2022-11-16
1838,25,Female,Dubai,Silver,Website,2023-04-20
1841,60,Female,Sharjah,Silver,Store,2023-01-02
1842,18,Female,Dubai,Silver,Store,2023-03-15
1844,25,Female,Dubai,Gold,Store,2022-01-25
1845,25,Female,Sharjah,Gold,Noon,2023-01-30
1847,50,Male,Dubai,Platinum,Website,2023-08-30
1848,55,Male,Dubai,Silver,MobileApp,2023-12-31
1852,25,Male,Sharjah,Silver,Store,2024-10-16
1853,30,Male,Dubai,Silver,Store,2024-09-06
1855,35,Male,Dubai,Gold,MobileApp,2021-01-24
1856,20,Female,Dubai,Platinum,Store,2022-07-11
1858,50,Male,Abu Dhabi,Silver,Website,2022-02-07
1859,20,Male,Dubai,Silver,Store,2024-10-28
1860,30,Male,Dubai,Platinum,MobileApp,2024-08-02
1864,20,Male,Dubai,Silver,Website,2023-06-01
1866,25,Male,Sharjah,Silver,Store,2023-07-15
1867,55,Male,Abu Dhabi,Silver,Store,2024-05-27
1868,30,Female,Dubai,Silver,Store,2022-04-30
1869,25,Male,Abu Dhabi,Gold,Store,2025-01-06
1871,30,Male,Dubai,Silver,MobileApp,2025-09-22
1872,40,Male,Dubai,Silver,Website,2023-12-27
1873,25,Male,Abu Dhabi,Silver,MobileApp,2021-01-31
1874,25,Male,Abu Dhabi,Silver,Store,2021-11-18
1877,45,Female,Dubai,Platinum,Website,2021-01-10
1878,25,Female,Dubai,Silver,Website,2022-11-09
1881,30,Female,Abu Dhabi,Silver,Store,2021-10-12
1882,20,Male,Abu Dhabi,Silver,Website,2021-06-02
1884,20,Male,Dubai,Silver,Noon,2025-04-02
1885,25,Male,Abu Dhabi,Silver,Website,2022-01-06
1886,45,Male,Sharjah,Gold,Website,2021-10-28
1887,20,Male,Abu Dhabi,Silver,Website,2021-05-26
1892,25,Male,Dubai,Silver,Store,2022-12-03
1893,40,Male,Sharjah,Gold,MobileApp,2021-05-21
1894,40,Male,Abu Dhabi,Gold,MobileApp,2024-01-17
1898,35,Male,Sharjah,Gold,Store,2024-02-04
1900,45,Female,Dubai,Gold,Store,2024-10-10
1902,25,Male,Sharjah,Gold,Store,2023-10-27
1903,25,Male,Sharjah,Silver,Store,2023-08-25
1904,18,Female,Dubai,Silver,Website,2024-05-29
1905,20,Female,Sharjah,Silver,Store,2024-01-16
1909,30,Male,Sharjah,Silver,Store,2022-01-28
1910,18,Female,Abu Dhabi,Platinum,MobileApp,2024-10-07
1911,55,Male,Abu Dhabi,Silver,Store,2024-06-23
1914,25,Male,Sharjah,Silver,Store,2024-02-11
1917,35,Male,Sharjah,Gold,MobileApp,2021-06-07
1918,55,Male,Dubai,Platinum,Store,2023-03-22
1920,35,Male,Dubai,Silver,Website,2022-11-30
1922,40,Male,Abu Dhabi,Gold,Amazon.ae,2021-06-15
1923,25,Male,Dubai,Silver,Store,2021-02-03
1925,25,Female,Sharjah,Silver,MobileApp,2021-10-29
1926,35,Female,Dubai,Platinum,Amazon.ae,2021-08-08
1927,40,Male,Dubai,Silver,Store,2023-11-22
1933,40,Female,Abu Dhabi,Silver,Website,2021-08-03
1934,25,Male,Sharjah,Gold,Website,2024-06-19
1936,35,Female,Sharjah,Silver,Store,2021-01-20
1938,30,Male,Dubai,Silver,Amazon.ae,2025-10-12
1939,35,Male,Abu Dhabi,Gold,Website,2022-03-02
1940,20,Male,Abu Dhabi,Gold,Amazon.ae,2023-09-27
1941,40,Male,Abu Dhabi,Gold,Store,2023-09-08
1942,30,Female,Dubai,Silver,MobileApp,2021-03-13
1944,18,Male,Dubai,Gold,Store,2021-06-27
1946,35,Female,Abu Dhabi,Silver,Website,2021-10-26
1948,35,Male,Abu Dhabi,Silver,Website,2022-06-04
1949,40,Male,Dubai,Silver,Store,2025-02-27
1952,30,Female,Dubai,Silver,Store,2023-08-06
1954,50,Male,Dubai,Silver,MobileApp,2023-03-23
1956,35,Male,Sharjah,Silver,Website,2024-11-24
1957,35,Female,Abu Dhabi,Silver,Website,2024-12-08
1960,35,Male,Abu Dhabi,Gold,Website,2022-05-04
1961,35,Female,Sharjah,Silver,Store,2022-05-17
1962,45,Female,Sharjah,Platinum,Store,2021-11-03
1963,25,Male,Dubai,Silver,Store,2022-02-21
1964,40,Male,Sharjah,Platinum,Store,2022-05-24
1966,25,Male,Dubai,Silver,Noon,2025-04-03
1967,25,Male,Sharjah,Silver,Website,2022-09-30
1968,55,Male,Dubai,Silver,MobileApp,2022-10-28
1969,45,Female,Dubai,Silver,Store,2021-01-06
1970,35,Male,Dubai,Gold,Store,2022-02-26
1971,35,Male,Dubai,Gold,MobileApp,2025-01-14
1975,25,Female,Abu Dhabi,Silver,Website,2025-01-11
1977,40,Male,Sharjah,Silver,Store,2023-04-28
1978,35,Female,Dubai,Gold,Website,2024-01-17
1982,18,Female,Dubai,Silver,Store,2023-12-24
1985,25,Male,Dubai,Silver,MobileApp,2024-11-01
1986,20,Male,Abu Dhabi,Silver,MobileApp,2023-02-20
1987,35,Female,Dubai,Gold,Amazon.ae,2021-11-25
1988,40,Male,Sharjah,Silver,Store,2022-06-02
1991,18,Female,Sharjah,Silver,Store,2022-02-25
1992,30,Male,Dubai,Gold,Store,2024-08-29
1993,35,Female,Dubai,Gold,Store,2021-11-05
1994,45,Female,Dubai,Silver,MobileApp,2023-03-25
1997,30,Male,Dubai,Silver,Store,2023-08-20
1998,25,Male,Dubai,Silver,Store,2024-04-27
2001,20,Male,Abu Dhabi,Gold,MobileApp,2022-08-13
2006,40,Female,Dubai,Silver,Store,2024-10-29
2013,35,Female,Dubai,Silver,Store,2021-05-22
2014,18,Male,Dubai,Silver,Amazon.ae,2024-03-17
2018,25,Male,Dubai,Gold,MobileApp,2022-02-20
2019,35,Female,Sharjah,Silver,Store,2021-01-25
2021,35,Male,Sharjah,Silver,MobileApp,2021-04-04
2025,25,Male,Abu Dhabi,Silver,MobileApp,2024-03-24
2028,25,Male,Abu Dhabi,Platinum,Store,2022-11-16
2029,18,Male,Abu Dhabi,Gold,Store,2022-10-28
2030,25,Male,Dubai,Gold,MobileApp,2023-11-04
2032,35,Male,Dubai,Gold,Website,2023-03-27
2036,25,Female,Dubai,Gold,Store,2023-01-04
2043,18,Male,Abu Dhabi,Gold,Store,2022-03-15
2044,30,Female,Sharjah,Gold,Amazon.ae,2025-09-29
2045,20,Female,Dubai,Silver,Noon,2023-09-15
2047,20,Male,Sharjah,Silver,MobileApp,2022-10-28
2048,25,Female,Sharjah,Silver,MobileApp,2022-01-19
2052,25,Male,Abu Dhabi,Silver,Website,2024-11-20
2054,25,Male,Abu Dhabi,Platinum,Amazon.ae,2022-05-03
2057,25,Female,Sharjah,Gold,Website,2021-12-09
2060,55,Male,Abu Dhabi,Gold,Store,2023-04-29
2064,55,Female,Dubai,Silver,Store,2024-09-01
2066,18,Male,Dubai,Gold,Website,2023-12-31
2067,30,Female,Dubai,Gold,Store,2021-09-26
2068,35,Male,Sharjah,Platinum,Website,2025-03-05
2069,35,Female,Dubai,Silver,Store,2024-05-17
2071,18,Male,Abu Dhabi,Silver,Website,2021-06-25
2074,35,Female,Abu Dhabi,Platinum,Store,2022-09-02
2077,25,Female,Dubai,Gold,Store,2025-06-13
2078,25,Female,Abu Dhabi,Gold,MobileApp,2022-05-07
2082,20,Female,Abu Dhabi,Silver,Website,2022-03-21
2083,20,Male,Sharjah,Silver,MobileApp,2025-08-17
2084,50,Male,Sharjah,Gold,Website,2023-09-25
2085,35,Male,Dubai,Silver,Website,2021-10-22
2087,20,Male,Dubai,Gold,Amazon.ae,2023-03-06
2090,35,Female,Dubai,Silver,Store,2024-02-29
2091,25,Female,Dubai,Silver,Store,2025-10-18
2092,18,Female,Sharjah,Silver,Store,2025-03-31
2094,25,Female,Dubai,Silver,Website,2024-09-11
2096,55,Male,Dubai,Silver,Store,2021-10-13
2098,40,Female,Dubai,Silver,Amazon.ae,2022-01-03
2099,20,Male,Sharjah,Silver,Store,2022-05-01
2105,18,Female,Dubai,Silver,Website,2024-10-01
2106,35,Female,Dubai,Silver,Store,2021-03-19
2107,50,Male,Dubai,Silver,MobileApp,2023-05-01
2108,25,Male,Abu Dhabi,Silver,Store,2024-01-14
2109,25,Female,Abu Dhabi,Silver,Store,2023-06-11
2110,25,Female,Abu Dhabi,Gold,Website,2022-10-23
2112,18,Male,Sharjah,Silver,MobileApp,2022-08-12
2113,30,Female,Sharjah,Silver,MobileApp,2024-10-16
2114,35,Female,Dubai,Silver,Store,2023-02-01
2115,35,Male,Dubai,Silver,Store,2022-07-19
2116,20,Male,Abu Dhabi,Silver,Store,2023-03-23
2119,20,Male,Abu Dhabi,Silver,Noon,2021-10-21
2121,35,Female,Dubai,Silver,Website,2021-12-31
2123,20,Male,Sharjah,Gold,MobileApp,2022-11-09
2124,20,Male,Dubai,Gold,Website,2025-02-26
2125,25,Male,Abu Dhabi,Gold,MobileApp,2024-07-14
2126,20,Female,Dubai,Platinum,Store,2021-04-03
2127,18,Male,Dubai,Gold,Store,2025-09-05
2129,35,Male,Dubai,Silver,Store,2022-03-04
2130,35,Male,Dubai,Silver,Store,2022-09-30
2131,35,Male,Dubai,Gold,Store,2022-01-03
2134,40,Male,Dubai,Gold,Amazon.ae,2025-05-17
2141,35,Male,Sharjah,Gold,Store,2022-10-11
2142,35,Female,Dubai,Gold,MobileApp,2024-05-03
2145,25,Male,Sharjah,Silver,Store,2022-01-21
2146,50,Female,Dubai,Silver,Store,2024-03-05
2149,25,Female,Dubai,Silver,Amazon.ae,2024-12-30
2153,40,Male,Abu Dhabi,Gold,Noon,2024-09-05
2154,30,Male,Abu Dhabi,Gold,Website,2023-05-15
2155,35,Male,Dubai,Gold,MobileApp,2023-09-16
2157,35,Male,Dubai,Silver,Website,2025-09-20
2159,25,Female,Dubai,Silver,MobileApp,2022-05-29
2160,35,Male,Dubai,Silver,Amazon.ae,2025-02-15
2162,18,Male,Dubai,Silver,Website,2023-03-15
2166,18,Male,Abu Dhabi,Gold,Store,2024-10-22
2167,25,Male,Abu Dhabi,Gold,MobileApp,2021-12-02
2168,30,Male,Dubai,Gold,MobileApp,2024-08-12
2169,18,Male,Dubai,Gold,MobileApp,2021-01-24
2172,20,Female,Dubai,Silver,Amazon.ae,2021-04-14
2173,40,Male,Abu Dhabi,Silver,Store,2024-12-06
2174,25,Male,Abu Dhabi,Silver,Website,2022-07-28
2179,18,Female,Dubai,Gold,MobileApp,2021-08-31
2180,20,Male,Abu Dhabi,Platinum,Store,2021-12-08
2184,35,Male,Dubai,Silver,Website,2024-12-10
2186,25,Male,Dubai,Silver,Store,2021-06-09
2187,25,Male,Dubai,Silver,Store,2024-07-04
2188,20,Female,Dubai,Silver,Store,2022-12-15
2189,30,Male,Abu Dhabi,Silver,Store,2022-07-11
2190,30,Male,Sharjah,Silver,Website,2022-07-30
2191,25,Male,Dubai,Silver,MobileApp,2021-07-15
2193,40,Male,Sharjah,Silver,Store,2024-11-15
2195,25,Female,Sharjah,Silver,MobileApp,2021-03-11
2196,50,Male,Dubai,Gold,Store,2025-09-13
2197,55,Male,Dubai,Silver,Store,2023-04-23
2198,25,Male,Abu Dhabi,Silver,Store,2021-09-04
2200,30,Male,Sharjah,Silver,Store,2021-06-07
2201,50,Female,Sharjah,Gold,Store,2023-07-07
2202,45,Male,Abu Dhabi,Gold,MobileApp,2022-11-29
2203,20,Female,Dubai,Gold,Website,2023-01-13
2207,20,Female,Abu Dhabi,Platinum,Amazon.ae,2024-06-20
2209,35,Female,Abu Dhabi,Silver,MobileApp,2022-02-14
2211,45,Male,Abu Dhabi,Silver,Store,2023-06-24
2213,25,Male,Dubai,Silver,Website,2023-11-05
2215,20,Male,Abu Dhabi,Silver,Store,2025-02-22
2218,35,Female,Sharjah,Silver,Store,2025-06-23
2219,20,Male,Dubai,Gold,Website,2025-09-11
2221,20,Female,Dubai,Gold,Website,2024-04-12
2223,35,Male,Sharjah,Silver,Store,2022-07-24
2224,35,Female,Dubai,Gold,Website,2023-03-02
2225,30,Female,Dubai,Silver,Store,2024-03-14
2226,20,Male,Sharjah,Gold,Store,2023-06-28
2228,18,Female,Sharjah,Gold,Store,2021-01-27
2231,20,Male,Dubai,Gold,Store,2023-07-15
2233,20,Female,Dubai,Gold,Store,2024-01-23
2238,18,Female,Dubai,Silver,Store,2025-04-25
2240,20,Male,Sharjah,Gold,Store,2022-05-04
2241,20,Female,Dubai,Silver,Website,2022-05-11
2242,55,Female,Abu Dhabi,Silver,MobileApp,2022-04-25
2246,25,Female,Dubai,Silver,Store,2023-10-30
2247,30,Male,Dubai,Silver,Website,2023-04-21
2249,35,Male,Abu Dhabi,Silver,Website,2023-04-24
2250,20,Female,Abu Dhabi,Gold,Amazon.ae,2024-03-13
2251,30,Male,Dubai,Silver,Store,2021-10-29
2252,25,Female,Dubai,Silver,Website,2022-10-12
2254,35,Female,Dubai,Silver,Store,2023-03-20
2256,20,Female,Dubai,Silver,Store,2024-07-25
2258,20,Female,Dubai,Silver,Store,2021-12-05
2259,25,Male,Dubai,Gold,Store,2025-01-22
2261,35,Male,Dubai,Silver,Store,2024-09-16
2264,45,Female,Dubai,Silver,Website,2024-04-25
2265,20,Male,Abu Dhabi,Silver,Noon,2022-10-28
2266,30,Male,Dubai,Silver,Store,2024-04-10
2267,25,Female,Abu Dhabi,Silver,Website,2022-02-08
2270,18,Male,Sharjah,Gold,Store,2025-03-27
2271,30,Female,Dubai,Gold,Store,2022-07-13
2273,35,Female,Sharjah,Silver,Website,2021-04-21
2274,35,Female,Sharjah,Gold,Amazon.ae,2023-09-15
2277,35,Male,Dubai,Gold,Website,2023-07-19
2279,40,Male,Abu Dhabi,Gold,Store,2023-06-28
2281,40,Male,Abu Dhabi,Silver,Store,2023-03-02
2282,30,Male,Abu Dhabi,Silver,MobileApp,2021-10-19
2283,25,Male,Dubai,Silver,Website,2024-06-29
2284,40,Male,Sharjah,Gold,Website,2025-05-31
2286,20,Female,Dubai,Silver,Store,2021-04-19
2290,18,Female,Sharjah,Silver,Website,2023-11-04
2294,20,Male,Dubai,Silver,Store,2021-02-12
2295,18,Female,Abu Dhabi,Platinum,Amazon.ae,2022-04-06
2296,45,Female,Dubai,Silver,Store,2024-01-31
2297,25,Male,Abu Dhabi,Silver,Website,2025-07-07
2299,55,Female,Dubai,Gold,Amazon.ae,2023-10-30
2301,35,Female,Sharjah,Silver,Website,2021-12-04
2305,25,Female,Abu Dhabi,Gold,Store,2021-12-20
2307,30,Female,Abu Dhabi,Silver,Store,2022-07-09
2308,25,Male,Sharjah,Gold,Noon,2021-03-07
2309,20,Male,Abu Dhabi,Silver,Website,2024-11-12
2310,25,Male,Abu Dhabi,Gold,Store,2022-09-13
2313,25,Male,Sharjah,Silver,Website,2024-01-15
2314,30,Male,Abu Dhabi,Silver,Website,2021-03-25
2316,35,Male,Dubai,Gold,MobileApp,2024-07-07
2317,35,Male,Dubai,Silver,Store,2023-06-11
2318,18,Female,Abu Dhabi,Silver,Store,2023-10-10
2319,20,Male,Abu Dhabi,Platinum,Store,2021-01-20
2321,30,Female,Dubai,Silver,Website,2023-01-25
2325,30,Male,Abu Dhabi,Silver,Website,2025-10-25
2326,18,Female,Dubai,Gold,Store,2022-02-10
2327,40,Male,Abu Dhabi,Gold,Store,2025-03-12
2328,30,Male,Dubai,Silver,Website,2021-10-31
2333,20,Female,Dubai,Silver,Website,2023-03-21
2334,35,Male,Sharjah,Gold,Store,2023-11-19
2338,20,Male,Sharjah,Silver,Website,2021-05-22
2339,45,Female,Dubai,Silver,Noon,2022-10-08
2340,35,Male,Abu Dhabi,Platinum,Noon,2025-08-07
2341,50,Female,Sharjah,Gold,Store,2023-03-20
2342,40,Male,Dubai,Silver,MobileApp,2023-08-06
2345,45,Female,Sharjah,Gold,Store,2023-02-05
2348,20,Male,Abu Dhabi,Gold,MobileApp,2023-10-26
2350,35,Female,Dubai,Gold,Store,2023-07-28
2351,25,Female,Abu Dhabi,Gold,Store,2022-03-25
2352,20,Male,Dubai,Gold,Store,2021-09-23
2353,25,Male,Dubai,Platinum,Store,2025-02-23
2354,20,Female,Abu Dhabi,Silver,Website,2024-06-16
2355,20,Female,Sharjah,Silver,Store,2021-09-07
2356,25,Male,Dubai,Gold,Website,2023-08-13
2359,20,Male,Dubai,Silver,Store,2022-09-24
2362,25,Male,Sharjah,Silver,Store,2022-06-05
2363,40,Male,Sharjah,Silver,MobileApp,2025-01-13
2364,35,Male,Dubai,Silver,Noon,2025-04-29
2365,40,Female,Dubai,Silver,MobileApp,2023-06-03
2366,25,Male,Dubai,Gold,Store,2023-01-04
2368,25,Male,Dubai,Silver,Noon,2024-02-18
2369,50,Male,Dubai,Silver,MobileApp,2023-08-02
2370,35,Female,Abu Dhabi,Silver,Website,2022-07-19
2372,25,Female,Sharjah,Silver,Store,2024-04-14
2378,35,Female,Abu Dhabi,Platinum,MobileApp,2021-06-29
2379,40,Female,Dubai,Silver,Store,2022-08-16
2381,40,Male,Sharjah,Gold,Store,2022-11-22
2382,20,Male,Sharjah,Silver,MobileApp,2025-06-22
2383,18,Female,Abu Dhabi,Gold,Website,2024-02-08
2384,35,Male,Abu Dhabi,Gold,Store,2024-12-18
2387,18,Female,Abu Dhabi,Platinum,Amazon.ae,2022-02-10
2388,25,Female,Dubai,Silver,Amazon.ae,2023-09-13
2389,18,Male,Dubai,Silver,Amazon.ae,2022-09-29
2390,45,Male,Dubai,Gold,Store,2024-01-20
2393,18,Female,Abu Dhabi,Gold,Website,2023-11-27
2394,35,Male,Dubai,Gold,Store,2022-06-01
2400,60,Female,Dubai,Gold,Store,2024-11-30
2401,40,Female,Abu Dhabi,Silver,Store,2024-07-09
2404,30,Female,Dubai,Silver,Store,2025-02-27
2405,18,Male,Sharjah,Gold,Website,2021-02-24
2411,45,Male,Abu Dhabi,Gold,Website,2023-05-07
2419,40,Male,Sharjah,Gold,Website,2022-11-14
2421,25,Female,Dubai,Silver,Amazon.ae,2022-10-14
2424,18,Male,Abu Dhabi,Platinum,Website,2024-02-01
2425,40,Female,Sharjah,Silver,Store,2021-08-14
2426,35,Male,Dubai,Silver,Store,2021-12-19
2428,18,Male,Abu Dhabi,Gold,MobileApp,2024-11-28
2429,40,Male,Sharjah,Silver,MobileApp,2025-09-27
2430,35,Male,Abu Dhabi,Silver,Amazon.ae,2024-09-09
2431,30,Male,Dubai,Silver,Store,2021-05-25
2432,35,Female,Abu Dhabi,Silver,Website,2025-01-28
2433,45,Male,Dubai,Silver,Store,2023-07-04
2434,30,Male,Dubai,Silver,Store,2024-03-01
2436,60,Female,Sharjah,Gold,Website,2021-09-30
2438,25,Female,Abu Dhabi,Gold,Store,2022-06-18
2439,35,Female,Dubai,Gold,Store,2024-05-02
2440,25,Male,Sharjah,Silver,Website,2024-04-08
2442,30,Male,Abu Dhabi,Gold,Store,2023-07-30
2444,50,Male,Dubai,Gold,Website,2021-06-30
2445,25,Male,Dubai,Silver,Noon,2024-06-09
2446,30,Male,Abu Dhabi,Silver,MobileApp,2021-01-29
2448,60,Male,Abu Dhabi,Silver,MobileApp,2023-10-26
2449,60,Male,Dubai,Gold,Amazon.ae,2025-04-19
2450,35,Female,Sharjah,Silver,Website,2021-05-20
2451,40,Female,Dubai,Silver,Website,2023-11-18
2452,35,Female,Abu Dhabi,Silver,Store,2021-04-08
2453,30,Male,Sharjah,Silver,MobileApp,2021-09-19
2455,30,Female,Abu Dhabi,Silver,Store,2021-01-12
2457,35,Female,Sharjah,Gold,Store,2025-03-29
2458,25,Male,Dubai,Silver,Noon,2025-01-28
2460,20,Male,Sharjah,Silver,Store,2021-09-16
2461,30,Female,Dubai,Silver,Website,2021-01-24
2464,35,Male,Dubai,Silver,MobileApp,2022-01-11
2466,20,Female,Dubai,Gold,Store,2024-01-19
2467,35,Male,Dubai,Gold,Store,2025-01-19
2468,30,Female,Abu Dhabi,Silver,Store,2021-08-12
2470,35,Male,Abu Dhabi,Gold,Store,2021-09-14
2473,40,Male,Dubai,Silver,Amazon.ae,2024-03-17
2475,18,Male,Dubai,Silver,Website,2022-12-02
2476,40,Male,Abu Dhabi,Gold,Website,2023-06-30
2477,35,Male,Dubai,Silver,Amazon.ae,2022-11-30
2479,40,Female,Dubai,Platinum,Store,2025-09-20
2486,30,Male,Dubai,Platinum,Website,2023-05-17
2487,25,Female,Abu Dhabi,Gold,Website,2024-03-15
2490,30,Female,Sharjah,Silver,Store,2023-08-18
2494,25,Male,Dubai,Silver,Website,2025-09-05
2496,35,Male,Dubai,Silver,MobileApp,2024-09-05
2498,45,Female,Dubai,Gold,Store,2022-12-16
2499,35,Male,Abu Dhabi,Silver,Noon,2025-02-14
2500,20,Female,Dubai,Gold,Store,2022-10-29
2501,45,Female,Sharjah,Platinum,MobileApp,2024-09-09
2502,45,Female,Dubai,Silver,Website,2023-07-02
2503,20,Male,Dubai,Silver,MobileApp,2022-01-30
2505,25,Male,Dubai,Gold,MobileApp,2021-07-05
2508,18,Female,Dubai,Silver,MobileApp,2025-10-19
2512,30,Female,Abu Dhabi,Silver,Website,2025-10-04
2513,40,Female,Dubai,Silver,Website,2021-03-15
2515,25,Male,Dubai,Silver,Store,2024-01-14
2516,18,Female,Sharjah,Silver,Store,2022-09-24
2517,55,Female,Abu Dhabi,Platinum,Website,2023-11-04
2518,40,Female,Abu Dhabi,Platinum,Store,2023-04-20
2520,50,Male,Abu Dhabi,Silver,Website,2023-07-01
2523,18,Male,Dubai,Silver,Website,2024-12-20
2524,20,Female,Dubai,Silver,Amazon.ae,2023-08-24
2526,30,Male,Dubai,Silver,Amazon.ae,2021-08-30
2529,20,Male,Abu Dhabi,Silver,Store,2025-04-25
2530,20,Male,Sharjah,Platinum,Website,2025-09-16
2531,55,Male,Sharjah,Silver,Website,2025-07-27
2533,55,Female,Abu Dhabi,Silver,Store,2023-05-29
2534,25,Female,Dubai,Gold,Website,2025-01-19
2535,25,Female,Sharjah,Silver,Store,2021-09-12
2537,25,Female,Dubai,Silver,Store,2025-05-24
2538,25,Female,Dubai,Silver,Amazon.ae,2023-12-12
2539,20,Male,Dubai,Gold,Store,2021-11-25
2540,20,Male,Dubai,Silver,Store,2021-04-08
2545,20,Female,Dubai,Gold,Amazon.ae,2023-02-22
2547,20,Female,Dubai,Silver,Store,2021-11-23
2550,20,Male,Abu Dhabi,Gold,Store,2022-01-02
2553,25,Male,Sharjah,Gold,Noon,2025-01-05
2554,30,Male,Dubai,Silver,Store,2024-03-23
2558,30,Male,Dubai,Silver,Store,2022-05-10
2559,20,Male,Sharjah,Silver,Store,2024-02-13
2561,25,Male,Dubai,Silver,Website,2024-09-18
2562,30,Female,Abu Dhabi,Silver,Store,2024-02-28
2564,30,Female,Abu Dhabi,Platinum,Store,2021-04-05
2565,25,Male,Dubai,Gold,Noon,2024-09-02
2566,40,Female,Dubai,Gold,Amazon.ae,2023-06-26
2567,18,Female,Abu Dhabi,Silver,Store,2024-01-30
2573,40,Male,Sharjah,Gold,Website,2025-06-27
2574,45,Male,Sharjah,Silver,Store,2023-10-29
2575,25,Male,Dubai,Silver,Store,2021-05-16
2576,30,Male,Dubai,Silver,Website,2022-09-02
2578,60,Male,Abu Dhabi,Gold,Website,2021-09-18
2579,45,Female,Abu Dhabi,Silver,Amazon.ae,2024-03-16
2580,25,Male,Abu Dhabi,Gold,Amazon.ae,2022-04-03
2581,20,Female,Dubai,Gold,Store,2025-09-17
2582,30,Male,Dubai,Silver,Store,2025-01-01
2585,30,Male,Dubai,Silver,Store,2021-08-20
2587,25,Female,Dubai,Silver,MobileApp,2021-05-27
2588,45,Male,Abu Dhabi,Gold,Store,2022-12-18
2589,25,Male,Dubai,Gold,Website,2022-05-22
2590,25,Male,Dubai,Silver,Store,2022-07-12
2592,40,Female,Dubai,Gold,Amazon.ae,2021-12-02
2597,30,Male,Sharjah,Silver,Store,2025-03-21
2599,30,Female,Dubai,Gold,Website,2022-12-24
2600,35,Male,Dubai,Platinum,Website,2022-07-21
2604,35,Female,Sharjah,Silver,Store,2022-04-21
2609,20,Male,Dubai,Silver,Store,2022-12-21
2610,20,Male,Dubai,Gold,Website,2024-11-05
2611,40,Female,Dubai,Gold,Noon,2023-09-22
2614,55,Female,Dubai,Silver,Store,2022-11-17
2615,30,Male,Abu Dhabi,Platinum,Store,2022-10-01
2616,20,Female,Sharjah,Silver,Website,2024-03-25
2618,40,Male,Dubai,Silver,Store,2023-08-19
2619,25,Male,Dubai,Gold,Website,2023-07-24
2620,18,Female,Abu Dhabi,Gold,Amazon.ae,2023-06-09
2622,40,Male,Dubai,Platinum,Website,2024-01-16
2623,40,Male,Dubai,Silver,Website,2022-02-10
2624,20,Male,Dubai,Silver,MobileApp,2025-02-28
2627,20,Male,Sharjah,Silver,Store,2023-12-24
2628,45,Female,Abu Dhabi,Silver,Store,2021-04-29
2629,20,Male,Dubai,Platinum,Store,2021-12-07
2630,25,Female,Dubai,Gold,Website,2021-11-09
2632,45,Female,Dubai,Silver,Noon,2025-03-09
2633,40,Male,Sharjah,Platinum,Website,2021-10-20
2642,18,Male,Dubai,Silver,Website,2022-05-02
2644,20,Female,Abu Dhabi,Gold,Store,2023-11-14
2645,20,Female,Abu Dhabi,Gold,Store,2023-12-19
2646,50,Male,Dubai,Gold,Website,2023-01-19
2648,30,Male,Abu Dhabi,Silver,Store,2021-11-07
2650,20,Male,Abu Dhabi,Silver,Website,2022-11-03
2656,25,Male,Dubai,Silver,Store,2021-02-28
2659,18,Male,Abu Dhabi,Gold,Website,2022-09-25
2660,20,Male,Sharjah,Gold,MobileApp,2024-02-17
2661,25,Male,Dubai,Gold,Store,2021-10-13
2662,30,Male,Dubai,Gold,Store,2021-01-18
2664,50,Female,Dubai,Platinum,Website,2024-11-16
2668,18,Male,Abu Dhabi,Silver,Noon,2023-11-08
2669,30,Female,Dubai,Silver,Website,2022-08-03
2670,25,Female,Sharjah,Silver,Amazon.ae,2024-02-12
2672,20,Male,Dubai,Platinum,Store,2025-04-05
2674,25,Female,Sharjah,Platinum,Website,2022-04-06
2675,20,Female,Dubai,Silver,Website,2025-06-22
2678,20,Male,Dubai,Gold,Noon,2023-10-26
2683,40,Male,Dubai,Gold,Amazon.ae,2021-10-03
2686,20,Female,Sharjah,Gold,Noon,2021-01-29
2687,40,Male,Sharjah,Gold,Website,2023-10-02
2688,20,Female,Abu Dhabi,Silver,Store,2024-10-13
2689,35,Male,Abu Dhabi,Silver,Store,2022-10-12
2690,30,Female,Dubai,Silver,Store,2024-03-26
2692,25,Male,Sharjah,Silver,Website,2023-04-23
2697,40,Male,Abu Dhabi,Gold,Website,2021-11-09
2698,20,Male,Dubai,Silver,Noon,2022-08-22
2699,25,Male,Abu Dhabi,Silver,Website,2024-02-21
2700,18,Female,Dubai,Silver,Website,2025-09-23
2705,35,Female,Sharjah,Silver,Amazon.ae,2021-01-28
2706,35,Female,Abu Dhabi,Gold,Store,2024-03-24
2707,25,Male,Abu Dhabi,Silver,Amazon.ae,2023-08-24
2708,40,Male,Dubai,Gold,Store,2024-06-07
2710,45,Male,Dubai,Silver,Noon,2023-10-27
2711,35,Female,Abu Dhabi,Silver,Store,2022-04-18
2714,55,Female,Abu Dhabi,Silver,Store,2023-11-23
2715,18,Female,Dubai,Gold,Store,2021-03-30
2716,35,Male,Dubai,Gold,Noon,2024-09-19
2717,35,Female,Abu Dhabi,Platinum,Website,2021-02-09
2718,35,Male,Dubai,Gold,Website,2022-11-12
2719,60,Female,Dubai,Silver,Website,2022-01-10
2720,25,Female,Dubai,Gold,Noon,2024-08-14
2721,25,Male,Abu Dhabi,Silver,MobileApp,2023-09-25
2722,18,Female,Abu Dhabi,Silver,Store,2022-01-28
2723,25,Female,Dubai,Silver,Store,2023-11-08
2724,25,Male,Dubai,Platinum,Store,2025-03-31
2725,25,Male,Dubai,Platinum,Website,2021-05-12
2726,40,Female,Abu Dhabi,Gold,Store,2021-10-17
2728,20,Male,Dubai,Gold,Amazon.ae,2021-07-28
2729,25,Female,Sharjah,Silver,Store,2021-11-23
2730,50,Female,Sharjah,Silver,Website,2023-09-19
2732,18,Male,Sharjah,Silver,Store,2021-10-06
2733,20,Male,Dubai,Silver,Store,2024-11-06
2738,30,Male,Abu Dhabi,Platinum,MobileApp,2021-10-04
2741,35,Male,Sharjah,Silver,Noon,2024-11-02
2742,40,Male,Sharjah,Silver,MobileApp,2022-03-09
2745,50,Female,Dubai,Silver,Website,2024-01-01
2746,40,Male,Dubai,Silver,Store,2021-11-13
2749,18,Male,Dubai,Silver,Store,2021-05-01
2750,20,Male,Dubai,Gold,Store,2024-09-27
2751,35,Male,Sharjah,Silver,Store,2022-10-15
2752,25,Male,Abu Dhabi,Silver,Amazon.ae,2021-10-31
2753,25,Male,Abu Dhabi,Silver,Amazon.ae,2023-07-25
2756,50,Male,Dubai,Silver,Store,2022-12-22
2757,25,Male,Dubai,Silver,Amazon.ae,2022-05-11
2758,35,Male,Dubai,Silver,Website,2025-03-25
2760,20,Female,Abu Dhabi,Silver,Store,2023-06-07
2761,20,Male,Dubai,Silver,Store,2023-03-19
2762,25,Male,Sharjah,Silver,Store,2021-11-28
2763,25,Male,Dubai,Silver,Store,2022-12-14
2764,40,Male,Dubai,Gold,Store,2022-07-30
2765,20,Male,Dubai,Silver,Store,2021-12-16
2774,20,Male,Dubai,Gold,Store,2022-06-17
2776,50,Male,Sharjah,Gold,Store,2025-02-18
2777,25,Female,Abu Dhabi,Gold,Website,2024-03-23
2778,35,Male,Sharjah,Silver,Store,2023-07-03
2779,35,Female,Sharjah,Silver,Website,2023-12-28
2780,50,Male,Sharjah,Gold,Store,2025-02-24
2781,40,Female,Dubai,Silver,MobileApp,2023-12-01
2784,45,Male,Abu Dhabi,Gold,Website,2025-07-28
2785,25,Male,Sharjah,Silver,Website,2022-12-12
2789,40,Female,Dubai,Gold,Store,2022-04-08
2792,30,Female,Dubai,Platinum,Website,2021-09-12
2795,20,Female,Dubai,Silver,Store,2021-10-27
2796,18,Male,Dubai,Gold,Store,2023-08-16
2800,35,Male,Sharjah,Silver,MobileApp,2021-04-09
2802,20,Male,Abu Dhabi,Gold,Store,2025-06-14
2804,30,Male,Sharjah,Platinum,Website,2021-08-18
2805,25,Female,Sharjah,Silver,Store,2022-10-13
2806,50,Male,Dubai,Gold,Store,2024-07-01
2807,40,Male,Sharjah,Silver,Store,2024-11-28
2808,60,Female,Dubai,Silver,Website,2025-02-26
2810,55,Female,Dubai,Gold,MobileApp,2024-03-31
2811,25,Male,Dubai,Platinum,Website,2024-12-26
2812,25,Female,Dubai,Silver,Store,2024-03-25
2813,18,Male,Dubai,Silver,Store,2024-09-08
2814,18,Male,Dubai,Gold,Store,2022-09-21
2815,35,Male,Sharjah,Gold,Store,2024-04-29
2817,20,Female,Dubai,Silver,Website,2023-08-06
2819,25,Female,Abu Dhabi,Silver,Store,2023-04-25
2820,30,Female,Dubai,Silver,Amazon.ae,2025-03-28
2822,40,Male,Dubai,Silver,Store,2023-04-13
2825,25,Male,Dubai,Platinum,Store,2023-02-01
2828,25,Male,Dubai,Gold,MobileApp,2021-11-15
2834,20,Male,Dubai,Gold,Noon,2022-05-02
2836,40,Male,Dubai,Silver,Store,2024-08-21
2837,40,Female,Abu Dhabi,Silver,Website,2022-06-01
2840,25,Male,Abu Dhabi,Platinum,Website,2022-09-16
2841,50,Male,Sharjah,Silver,Store,2023-11-14
2845,30,Female,Dubai,Platinum,Amazon.ae,2024-09-06
2850,35,Female,Dubai,Gold,Store,2021-08-04
2851,55,Female,Abu Dhabi,Gold,Store,2023-01-26
2852,30,Female,Dubai,Gold,MobileApp,2022-06-27
2854,18,Male,Dubai,Gold,Store,2023-11-01
2856,20,Male,Abu Dhabi,Silver,Store,2023-09-21
2857,35,Male,Sharjah,Silver,Website,2024-03-25
2859,35,Male,Dubai,Silver,Store,2021-07-27
2860,18,Male,Sharjah,Gold,Amazon.ae,2021-01-24
2864,40,Female,Dubai,Silver,Store,2021-11-28
2865,40,Male,Dubai,Silver,Store,2025-05-05
2868,25,Female,Sharjah,Silver,Store,2025-03-15
2873,35,Female,Abu Dhabi,Silver,Store,2021-06-30
2874,18,Male,Dubai,Silver,Store,2024-08-09
2875,25,Female,Abu Dhabi,Silver,Store,2024-01-12
2880,25,Male,Dubai,Platinum,Website,2022-06-27
2881,20,Male,Abu Dhabi,Silver,Store,2021-07-12
2882,45,Male,Dubai,Platinum,MobileApp,2022-05-03
2884,20,Male,Sharjah,Silver,Website,2024-10-04
2885,30,Female,Dubai,Silver,Website,2024-01-18
2887,55,Male,Abu Dhabi,Gold,Store,2024-02-21
2889,45,Female,Dubai,Gold,Store,2023-12-07
2890,50,Female,Sharjah,Gold,Amazon.ae,2024-12-27
2892,35,Female,Dubai,Gold,Store,2023-10-24
2894,25,Male,Abu Dhabi,Silver,Store,2024-08-30
2895,40,Male,Abu Dhabi,Silver,MobileApp,2021-11-23
2896,30,Female,Sharjah,Silver,Store,2023-09-15
2900,40,Male,Abu Dhabi,Gold,Store,2023-03-31
2901,20,Male,Abu Dhabi,Gold,Website,2022-05-03
2902,40,Female,Dubai,Silver,Website,2021-03-08
2903,30,Male,Sharjah,Silver,Website,2021-03-30
2905,25,Male,Dubai,Silver,Website,2021-07-21
2907,50,Female,Abu Dhabi,Platinum,Store,2023-07-29
2909,40,Female,Abu Dhabi,Silver,Store,2021-12-05
2910,30,Female,Dubai,Silver,Store,2021-03-20
2911,30,Female,Sharjah,Gold,Website,2025-06-09
2914,25,Female,Dubai,Silver,MobileApp,2021-06-14
2915,18,Female,Sharjah,Silver,Noon,2025-04-13
2916,25,Female,Dubai,Silver,Amazon.ae,2023-01-19
2917,18,Female,Abu Dhabi,Platinum,Store,2025-09-17
2918,55,Male,Sharjah,Gold,Store,2023-07-26
2919,55,Male,Dubai,Gold,Store,2021-06-04
2920,25,Male,Abu Dhabi,Silver,Store,2024-02-21
2923,35,Male,Sharjah,Silver,Store,2023-11-30
2926,25,Male,Dubai,Silver,Store,2023-03-03
2928,25,Female,Dubai,Silver,Amazon.ae,2025-01-03
2929,60,Male,Abu Dhabi,Silver,Website,2024-11-23
2930,18,Female,Dubai,Silver,Store,2025-02-25
2931,35,Female,Dubai,Gold,Store,2023-09-30
2932,35,Male,Dubai,Silver,Store,2021-12-20
2934,20,Female,Abu Dhabi,Gold,MobileApp,2022-05-13
2937,35,Male,Dubai,Silver,Store,2025-04-12
2941,25,Male,Abu Dhabi,Gold,Website,2022-01-12
2942,20,Female,Abu Dhabi,Platinum,Store,2024-08-11
2944,25,Male,Sharjah,Silver,Store,2024-07-01
2948,25,Female,Dubai,Platinum,Store,2022-06-05
2950,18,Female,Sharjah,Platinum,MobileApp,2022-05-28
2951,35,Female,Dubai,Silver,Website,2022-05-31
2952,35,Female,Dubai,Gold,MobileApp,2025-03-20
2956,40,Female,Abu Dhabi,Silver,MobileApp,2024-03-31
2957,55,Male,Sharjah,Gold,Website,2022-10-29
2959,20,Male,Sharjah,Silver,Website,2021-12-31
2960,45,Male,Abu Dhabi,Platinum,Website,2025-04-17
2961,50,Female,Dubai,Silver,Website,2024-12-19
2963,18,Female,Abu Dhabi,Silver,Website,2025-05-18
2964,18,Female,Dubai,Gold,Website,2021-12-30
2965,30,Male,Dubai,Gold,Website,2021-04-18
2966,25,Male,Abu Dhabi,Silver,Store,2023-11-04
2967,18,Male,Sharjah,Gold,Store,2023-11-13
2968,30,Male,Dubai,Silver,Store,2022-09-15
2970,40,Female,Abu Dhabi,Silver,Website,2022-05-25
2977,25,Male,Abu Dhabi,Gold,Store,2025-01-13
2980,50,Female,Dubai,Gold,MobileApp,2025-06-06
2982,30,Female,Dubai,Gold,Noon,2023-01-08
2983,18,Female,Dubai,Silver,Website,2023-09-16
2984,25,Male,Dubai,Silver,MobileApp,2023-10-18
2987,20,Female,Dubai,Silver,MobileApp,2021-09-16
2988,20,Female,Dubai,Silver,Website,2025-06-03
2990,50,Female,Dubai,Gold,Store,2021-08-11
2994,45,Female,Dubai,Silver,Store,2021-05-30
2995,18,Male,Dubai,Silver,Store,2023-06-29
2997,40,Male,Dubai,Gold,Store,2023-09-05
2998,18,Male,Dubai,Silver,Noon,2024-03-05
2999,30,Male,Sharjah,Gold,Store,2022-09-27
3001,25,Male,Sharjah,Silver,Store,2022-09-14
3002,25,Female,Dubai,Silver,Store,2021-05-23
3006,40,Male,Dubai,Silver,Website,2023-04-24
3008,20,Male,Dubai,Silver,Amazon.ae,2024-11-27
3010,25,Male,Sharjah,Silver,Store,2025-09-29
3011,25,Male,Dubai,Gold,Website,2023-11-17
3012,25,Female,Abu Dhabi,Gold,Website,2021-10-26
3013,35,Male,Abu Dhabi,Silver,Store,2022-11-23
3015,18,Male,Sharjah,Gold,Website,2025-08-05
3017,35,Male,Dubai,Silver,Store,2022-03-21
3019,35,Male,Dubai,Silver,Amazon.ae,2024-02-24
3020,25,Male,Dubai,Silver,Store,2021-02-27
3021,45,Male,Sharjah,Silver,Store,2021-06-26
3022,45,Female,Dubai,Silver,MobileApp,2022-12-20
3024,20,Female,Dubai,Silver,Store,2022-10-28
3026,20,Female,Dubai,Gold,Store,2025-01-14
3029,35,Male,Abu Dhabi,Silver,Store,2024-06-27
3031,25,Female,Abu Dhabi,Silver,Noon,2024-10-25
3033,35,Female,Dubai,Silver,Store,2021-03-31
3034,25,Male,Dubai,Silver,Noon,2021-05-11
3036,25,Female,Sharjah,Silver,Store,2023-11-19
3037,18,Male,Sharjah,Platinum,Store,2025-04-17
3038,60,Female,Dubai,Silver,Store,2022-10-24
3039,20,Male,Abu Dhabi,Silver,Store,2024-01-15
3040,60,Female,Abu Dhabi,Silver,Website,2021-02-27
3041,55,Male,Dubai,Gold,Store,2023-12-17
3043,35,Female,Abu Dhabi,Platinum,Website,2024-11-18
3047,30,Female,Abu Dhabi,Silver,Noon,2021-03-17
3048,35,Male,Dubai,Silver,Website,2022-01-06
3050,25,Male,Dubai,Silver,Store,2023-05-01
3051,25,Male,Dubai,Silver,Store,2025-10-27
3053,45,Female,Sharjah,Silver,Store,2021-07-02
3058,30,Male,Abu Dhabi,Platinum,Store,2024-09-25
3059,40,Female,Dubai,Silver,Store,2023-11-13
3060,18,Female,Sharjah,Platinum,Amazon.ae,2024-12-26
3062,18,Male,Sharjah,Silver,Store,2022-08-29
3064,60,Male,Sharjah,Platinum,Store,2023-05-29
3066,20,Female,Sharjah,Gold,MobileApp,2021-12-05
3070,20,Male,Sharjah,Silver,MobileApp,2022-02-11
3074,40,Male,Dubai,Silver,Website,2025-10-26
3079,35,Male,Dubai,Silver,Website,2024-06-24
3080,30,Female,Abu Dhabi,Gold,Store,2024-01-08
3082,25,Female,Dubai,Silver,Store,2023-03-22
3083,40,Female,Dubai,Silver,MobileApp,2025-09-12
3084,20,Male,Abu Dhabi,Gold,Store,2022-04-18
3085,35,Male,Dubai,Silver,MobileApp,2021-03-18
3087,35,Male,Sharjah,Silver,Store,2023-10-23
3088,35,Female,Dubai,Gold,Store,2021-01-17
3089,20,Male,Dubai,Platinum,Noon,2021-12-10
3090,18,Male,Dubai,Gold,Store,2023-11-02
3096,25,Male,Dubai,Gold,Website,2023-09-13
3098,50,Female,Sharjah,Silver,Website,2021-06-23
3099,25,Male,Abu Dhabi,Silver,MobileApp,2025-02-19
3100,30,Female,Abu Dhabi,Silver,MobileApp,2023-04-26
3102,18,Male,Sharjah,Gold,Amazon.ae,2023-10-06
3103,25,Female,Abu Dhabi,Silver,Store,2021-10-08
3106,25,Female,Abu Dhabi,Silver,Website,2021-08-25
3107,30,Male,Dubai,Silver,Store,2021-06-06
3108,20,Female,Dubai,Silver,Website,2024-06-28
3110,35,Male,Dubai,Silver,MobileApp,2024-05-29
3111,55,Male,Abu Dhabi,Silver,MobileApp,2021-12-04
3112,18,Female,Dubai,Silver,Website,2024-05-31
3114,30,Female,Dubai,Gold,Website,2021-12-03
3115,30,Female,Sharjah,Silver,MobileApp,2024-03-03
3117,18,Male,Dubai,Silver,Website,2022-05-10
3118,18,Male,Abu Dhabi,Silver,Noon,2022-07-01
3119,35,Male,Dubai,Silver,Store,2024-04-21
3121,50,Female,Dubai,Silver,Store,2022-08-28
3123,20,Female,Sharjah,Silver,Amazon.ae,2024-05-05
3124,35,Female,Dubai,Gold,Website,2025-10-08
3125,25,Female,Abu Dhabi,Silver,Store,2025-02-16
3127,35,Female,Abu Dhabi,Silver,Website,2023-09-15
3128,50,Female,Dubai,Platinum,Website,2025-02-21
3130,35,Female,Abu Dhabi,Silver,Website,2025-04-03
3134,18,Female,Dubai,Silver,Noon,2024-07-23
3135,25,Male,Dubai,Silver,Store,2022-12-12
3139,30,Female,Abu Dhabi,Silver,Store,2023-11-08
3140,18,Female,Dubai,Gold,Store,2021-03-13
3146,20,Male,Abu Dhabi,Gold,Amazon.ae,2021-05-31
3147,18,Female,Abu Dhabi,Gold,Website,2024-07-08
3149,50,Female,Abu Dhabi,Silver,Store,2024-02-04
3152,25,Male,Dubai,Gold,Store,2022-12-21
3155,20,Male,Abu Dhabi,Silver,Website,2022-02-10
3156,18,Male,Sharjah,Gold,Store,2023-11-23
3159,25,Male,Abu Dhabi,Platinum,MobileApp,2023-07-06
3162,45,Female,Abu Dhabi,Silver,Store,2021-05-13
3163,55,Female,Sharjah,Silver,Amazon.ae,2021-09-21
3164,30,Male,Dubai,Silver,Store,2025-06-09
3167,30,Female,Abu Dhabi,Silver,MobileApp,2021-01-05
3168,25,Male,Dubai,Silver,Store,2021-09-26
3172,18,Male,Sharjah,Silver,MobileApp,2024-12-15
3173,25,Male,Dubai,Silver,Noon,2024-10-01
3174,18,Male,Dubai,Gold,Website,2021-03-10
3175,20,Male,Abu Dhabi,Gold,Website,2023-03-11
3176,60,Female,Dubai,Platinum,Website,2021-12-24
3182,40,Female,Abu Dhabi,Silver,Amazon.ae,2024-04-17
3183,25,Female,Dubai,Gold,Amazon.ae,2021-09-13
3184,25,Male,Dubai,Silver,Website,2022-02-23
3185,25,Male,Dubai,Gold,Store,2021-07-30
3186,35,Male,Dubai,Silver,Website,2023-06-30
3187,35,Male,Sharjah,Platinum,Store,2025-10-29
3188,25,Female,Dubai,Platinum,Store,2022-08-07
3190,35,Female,Dubai,Gold,Noon,2022-07-31
3191,20,Female,Dubai,Gold,Store,2021-06-15
3192,30,Male,Sharjah,Silver,Website,2021-08-02
3194,35,Female,Abu Dhabi,Gold,Website,2024-04-11
3195,40,Female,Dubai,Gold,Website,2024-02-27
3196,45,Male,Dubai,Platinum,MobileApp,2021-01-03
3197,30,Female,Dubai,Silver,Store,2023-06-14
3199,35,Female,Dubai,Gold,Noon,2023-12-30
3200,20,Male,Dubai,Platinum,Store,2021-02-21
3201,18,Female,Dubai,Silver,Website,2022-03-13
3203,25,Female,Abu Dhabi,Silver,Store,2023-10-19
3204,35,Female,Abu Dhabi,Silver,Noon,2021-04-04
3205,40,Female,Dubai,Silver,MobileApp,2025-05-02
3208,55,Male,Sharjah,Silver,MobileApp,2021-03-27
3213,18,Female,Sharjah,Silver,Store,2023-04-09
3216,30,Female,Sharjah,Gold,Amazon.ae,2024-10-25
3218,20,Male,Sharjah,Silver,Store,2024-08-19
3223,35,Female,Dubai,Gold,Amazon.ae,2022-06-27
3225,25,Male,Abu Dhabi,Silver,MobileApp,2025-05-19
3232,35,Female,Dubai,Silver,Website,2023-05-28
3233,30,Male,Dubai,Silver,Store,2024-07-27
3234,20,Female,Dubai,Gold,Store,2025-10-07
3235,35,Male,Dubai,Silver,Store,2024-01-18
3236,30,Male,Abu Dhabi,Silver,Store,2024-12-19
3237,25,Female,Dubai,Silver,Store,2024-08-01
3239,18,Female,Sharjah,Gold,Store,2024-02-28
3240,25,Male,Sharjah,Silver,Noon,2021-09-05
3242,40,Male,Dubai,Silver,Store,2023-06-20
3244,25,Female,Dubai,Platinum,Website,2021-04-01
3245,35,Male,Sharjah,Gold,Website,2022-07-22
3246,25,Female,Sharjah,Silver,Website,2025-10-28
3248,30,Female,Dubai,Gold,Store,2022-07-02
3249,25,Male,Abu Dhabi,Platinum,Store,2024-09-15
3250,50,Female,Dubai,Platinum,Website,2025-04-14
3251,25,Male,Dubai,Gold,Website,2021-03-21
3252,20,Male,Abu Dhabi,Silver,MobileApp,2023-07-23
3253,30,Male,Dubai,Platinum,Store,2023-09-08
3256,18,Female,Sharjah,Silver,Noon,2025-04-18
3257,25,Male,Dubai,Silver,Store,2024-01-22
3258,30,Male,Sharjah,Silver,Amazon.ae,2022-09-16
3263,25,Female,Dubai,Silver,Noon,2024-06-24
3265,20,Male,Dubai,Silver,Website,2025-01-11
3273,40,Male,Sharjah,Gold,Store,2024-08-18
3275,35,Male,Abu Dhabi,Silver,MobileApp,2025-03-18
3276,55,Male,Dubai,Platinum,Store,2024-10-15
3278,30,Male,Dubai,Silver,Store,2024-10-12
3279,35,Female,Dubai,Silver,Store,2025-01-29
3280,30,Male,Dubai,Silver,MobileApp,2024-04-10
3281,25,Male,Dubai,Platinum,Website,2024-01-17
3282,25,Male,Dubai,Silver,Store,2025-03-04
3287,20,Female,Abu Dhabi,Silver,Website,2025-04-24
3289,30,Female,Dubai,Gold,Store,2024-09-07
3292,30,Female,Sharjah,Silver,Website,2022-09-05
3293,25,Male,Abu Dhabi,Gold,Store,2024-03-10
3294,40,Male,Dubai,Gold,Store,2022-08-28
3296,18,Male,Dubai,Platinum,Store,2022-09-13
3299,25,Female,Abu Dhabi,Platinum,Store,2021-05-16
3300,25,Female,Abu Dhabi,Silver,MobileApp,2021-11-26
3303,25,Female,Abu Dhabi,Silver,Website,2022-01-30
3304,30,Male,Abu Dhabi,Gold,MobileApp,2021-06-05
3306,50,Male,Abu Dhabi,Gold,Website,2024-07-29
3308,30,Male,Dubai,Silver,Store,2022-06-22
3310,18,Male,Abu Dhabi,Silver,Store,2023-12-06
3312,35,Female,Dubai,Silver,Website,2021-09-01
3313,40,Male,Dubai,Gold,MobileApp,2022-07-01
3314,40,Male,Dubai,Silver,Store,2022-03-26
3317,20,Female,Abu Dhabi,Silver,Store,2022-02-10
3318,45,Male,Dubai,Silver,Store,2023-02-10
3321,35,Female,Dubai,Silver,Website,2025-03-24
3322,18,Male,Dubai,Platinum,Store,2023-02-11
3323,25,Female,Sharjah,Platinum,Store,2024-07-18
3325,30,Male,Dubai,Silver,Website,2021-08-26
3327,35,Female,Abu Dhabi,Silver,Store,2024-10-31
3329,40,Male,Sharjah,Silver,MobileApp,2025-08-20
3331,18,Female,Dubai,Silver,MobileApp,2023-01-16
3334,40,Female,Dubai,Silver,Store,2022-12-25
3335,25,Female,Dubai,Silver,Store,2024-12-12
3336,20,Female,Dubai,Gold,Store,2024-03-23
3340,18,Male,Sharjah,Platinum,Website,2025-04-03
3341,30,Female,Abu Dhabi,Silver,Store,2022-12-04
3342,50,Female,Sharjah,Gold,Store,2023-03-31
3344,20,Male,Dubai,Silver,Website,2025-10-18
3345,25,Female,Dubai,Gold,MobileApp,2023-12-02
3348,40,Female,Sharjah,Gold,Store,2023-01-12
3349,30,Male,Sharjah,Silver,Website,2022-11-25
3350,25,Female,Dubai,Gold,Website,2022-03-12
3352,30,Female,Dubai,Silver,Store,2024-08-04
3353,40,Female,Dubai,Gold,Website,2024-09-07
3354,35,Female,Dubai,Platinum,Website,2022-08-17
3356,30,Male,Dubai,Silver,Store,2021-06-16
3357,25,Female,Dubai,Silver,MobileApp,2022-07-20
3358,55,Male,Dubai,Silver,Store,2025-01-26
3359,30,Male,Dubai,Gold,Store,2025-01-19
3361,20,Female,Sharjah,Gold,MobileApp,2022-12-26
3363,30,Female,Sharjah,Silver,Website,2023-08-06
3366,35,Female,Abu Dhabi,Gold,MobileApp,2025-07-30
3367,40,Male,Abu Dhabi,Gold,MobileApp,2022-07-01
3369,20,Male,Dubai,Silver,Website,2024-04-21
3371,18,Male,Sharjah,Platinum,Store,2021-11-04
3372,25,Female,Abu Dhabi,Silver,MobileApp,2024-09-13
3373,20,Female,Sharjah,Gold,Store,2022-02-25
3374,20,Female,Abu Dhabi,Silver,Website,2024-06-13
3375,20,Female,Sharjah,Silver,MobileApp,2023-04-29
3376,25,Male,Abu Dhabi,Gold,Store,2025-06-01
3378,25,Female,Abu Dhabi,Gold,MobileApp,2022-04-07
3381,25,Female,Sharjah,Gold,Website,2023-07-05
3383,20,Female,Dubai,Silver,Store,2022-03-02
3384,30,Male,Dubai,Gold,Website,2025-06-10
3385,18,Male,Sharjah,Silver,Store,2022-03-10
3387,30,Female,Dubai,Platinum,Website,2023-11-21
3391,55,Female,Sharjah,Silver,Website,2024-04-19
3392,18,Male,Abu Dhabi,Silver,Amazon.ae,2021-02-09
3393,18,Male,Dubai,Silver,Noon,2023-04-21
3394,18,Male,Dubai,Silver,Amazon.ae,2024-12-17
3398,18,Female,Abu Dhabi,Gold,Store,2025-08-21
3400,40,Male,Abu Dhabi,Silver,Store,2024-01-11
3401,25,Male,Sharjah,Gold,Store,2025-08-19
3405,20,Female,Dubai,Gold,MobileApp,2023-01-30
3406,30,Male,Dubai,Silver,Store,2022-12-19
3409,60,Male,Abu Dhabi,Gold,MobileApp,2023-03-11
3410,35,Male,Dubai,Silver,Amazon.ae,2024-08-26
3412,20,Male,Abu Dhabi,Silver,Noon,2025-01-03
3413,25,Male,Sharjah,Silver,Store,2021-06-08
3414,30,Male,Dubai,Silver,Store,2024-02-12
3415,18,Male,Abu Dhabi,Silver,MobileApp,2022-06-20
3416,18,Female,Abu Dhabi,Silver,Store,2021-06-12
3417,35,Female,Abu Dhabi,Silver,MobileApp,2021-10-13
3418,35,Male,Dubai,Silver,Website,2023-05-15
3419,25,Male,Abu Dhabi,Silver,MobileApp,2021-02-24
3421,25,Female,Abu Dhabi,Silver,Website,2021-02-02
3425,18,Female,Sharjah,Platinum,Amazon.ae,2023-03-12
3426,55,Male,Abu Dhabi,Silver,MobileApp,2021-07-15
3427,30,Female,Abu Dhabi,Gold,MobileApp,2022-03-24
3428,35,Male,Dubai,Silver,MobileApp,2025-06-03
3429,25,Female,Dubai,Silver,Website,2023-07-14
3431,20,Male,Abu Dhabi,Silver,Store,2022-08-31
3433,20,Male,Abu Dhabi,Silver,MobileApp,2021-10-13
3434,40,Female,Dubai,Gold,Store,2023-05-24
3439,18,Male,Sharjah,Silver,Store,2025-08-06
3441,25,Female,Abu Dhabi,Silver,Website,2024-09-27
3442,40,Male,Dubai,Silver,Website,2022-07-27
3443,60,Male,Abu Dhabi,Gold,Store,2022-06-19
3452,40,Female,Dubai,Silver,Store,2023-07-02
3454,35,Male,Sharjah,Silver,Store,2023-12-02
3456,30,Female,Dubai,Gold,Store,2021-01-10
3460,18,Male,Dubai,Silver,Store,2021-07-26
3462,20,Female,Dubai,Silver,Store,2022-05-29
3463,25,Female,Abu Dhabi,Silver,Store,2025-05-23
3464,30,Male,Abu Dhabi,Silver,Website,2024-05-18
3468,20,Male,Dubai,Gold,Website,2025-01-19
3470,25,Female,Dubai,Silver,MobileApp,2024-07-25
3472,20,Female,Sharjah,Silver,Store,2025-03-21
3476,60,Female,Sharjah,Platinum,Amazon.ae,2025-08-23
3477,20,Female,Dubai,Silver,MobileApp,2022-10-21
3480,30,Female,Abu Dhabi,Silver,Store,2023-10-25
3482,25,Female,Sharjah,Silver,MobileApp,2025-05-01
3486,30,Male,Abu Dhabi,Silver,Store,2025-03-13
3487,30,Female,Dubai,Gold,Store,2023-03-29
3488,30,Female,Dubai,Platinum,Store,2023-03-05
3491,18,Male,Dubai,Platinum,Store,2022-09-21
3493,40,Male,Dubai,Silver,Store,2024-07-29
3494,30,Male,Dubai,Silver,Noon,2025-09-21
3495,25,Male,Sharjah,Platinum,Website,2025-06-12
3497,30,Male,Dubai,Gold,Store,2022-08-22
3499,35,Female,Abu Dhabi,Silver,Store,2025-04-11
3502,20,Male,Dubai,Platinum,Noon,2024-02-24
3503,25,Female,Dubai,Silver,Website,2025-09-30
3508,18,Female,Abu Dhabi,Silver,Amazon.ae,2025-02-25
3509,30,Male,Dubai,Silver,Noon,2024-09-01
3511,35,Male,Sharjah,Gold,Store,2021-02-21
3512,18,Female,Dubai,Gold,MobileApp,2022-07-18
3513,30,Male,Sharjah,Platinum,Amazon.ae,2024-09-17
3514,50,Male,Abu Dhabi,Gold,Website,2022-05-14
3515,20,Male,Sharjah,Silver,Store,2023-09-04
3517,18,Male,Dubai,Platinum,Store,2024-12-04
3520,25,Male,Dubai,Gold,Store,2025-05-04
3524,18,Male,Dubai,Gold,Amazon.ae,2022-07-10
3525,45,Male,Abu Dhabi,Gold,MobileApp,2024-08-08
3527,45,Female,Sharjah,Silver,MobileApp,2024-06-24
3528,30,Female,Dubai,Silver,Amazon.ae,2021-08-07
3529,40,Male,Dubai,Gold,Amazon.ae,2022-06-18
3532,50,Male,Dubai,Silver,Store,2025-02-04
3533,30,Female,Sharjah,Platinum,Store,2024-10-05
3534,20,Female,Dubai,Silver,Noon,2021-02-13
3536,20,Female,Sharjah,Silver,Amazon.ae,2021-09-03
3537,20,Male,Dubai,Silver,Website,2023-09-14
3538,25,Female,Dubai,Gold,Website,2025-05-28
3539,30,Male,Abu Dhabi,Silver,Store,2023-12-31
3540,30,Male,Dubai,Silver,Store,2025-09-29
3544,18,Female,Dubai,Silver,MobileApp,2025-02-07
3547,20,Male,Dubai,Silver,Store,2023-04-05
3549,25,Male,Dubai,Platinum,Store,2021-06-09
3551,18,Male,Abu Dhabi,Gold,Store,2023-10-02
3553,35,Male,Abu Dhabi,Gold,Amazon.ae,2021-05-18
3555,50,Male,Dubai,Silver,Store,2022-07-07
3556,18,Female,Dubai,Silver,MobileApp,2024-08-19
3557,20,Female,Abu Dhabi,Gold,Website,2022-01-22
3559,30,Female,Dubai,Platinum,Website,2024-09-19
3561,35,Male,Dubai,Gold,Store,2025-04-01
3562,35,Male,Abu Dhabi,Silver,Store,2023-06-06
3563,50,Female,Abu Dhabi,Gold,MobileApp,2022-12-02
3564,60,Female,Dubai,Silver,Website,2025-04-13
3565,35,Female,Abu Dhabi,Silver,Website,2024-04-01
3566,25,Male,Dubai,Silver,Amazon.ae,2023-09-27
3568,18,Male,Sharjah,Silver,MobileApp,2023-12-15
3571,25,Female,Sharjah,Silver,Store,2021-11-01
3573,20,Male,Abu Dhabi,Silver,Noon,2025-04-27
3578,40,Male,Sharjah,Silver,Store,2024-08-31
3579,40,Male,Dubai,Gold,Website,2023-12-09
3583,55,Male,Dubai,Silver,Store,2024-05-19
3584,35,Male,Dubai,Silver,Store,2024-10-27
3586,25,Male,Dubai,Silver,Store,2022-08-20
3587,40,Male,Dubai,Gold,Store,2023-09-05
3590,55,Female,Dubai,Gold,MobileApp,2025-08-25
3593,35,Male,Abu Dhabi,Silver,Website,2021-08-18
3594,35,Female,Dubai,Gold,MobileApp,2024-08-16
3595,30,Male,Abu Dhabi,Gold,Store,2021-06-07
3597,30,Female,Sharjah,Silver,Amazon.ae,2023-07-12
3598,25,Male,Abu Dhabi,Silver,MobileApp,2024-06-24
3600,35,Male,Sharjah,Silver,MobileApp,2024-03-20
3601,35,Male,Sharjah,Platinum,Website,2021-10-26
3603,25,Male,Dubai,Gold,Website,2024-05-31
3604,25,Male,Sharjah,Gold,Store,2023-02-05
3610,45,Female,Sharjah,Silver,Website,2022-03-20
3611,40,Female,Abu Dhabi,Gold,Website,2023-06-24
3612,20,Male,Abu Dhabi,Silver,Website,2023-05-13
3613,55,Male,Abu Dhabi,Gold,Website,2024-03-07
3614,25,Female,Abu Dhabi,Silver,Noon,2023-07-15
3616,18,Male,Sharjah,Silver,Store,2021-10-19
3617,30,Female,Abu Dhabi,Silver,Website,2024-05-18
3618,20,Male,Abu Dhabi,Silver,Website,2025-09-04
3619,20,Female,Abu Dhabi,Gold,Website,2025-09-17
3623,25,Female,Abu Dhabi,Gold,Store,2022-10-25
3625,45,Male,Sharjah,Gold,Store,2024-11-20
3626,40,Male,Dubai,Silver,MobileApp,2024-02-22
3628,35,Female,Sharjah,Gold,Amazon.ae,2023-07-09
3629,50,Male,Dubai,Silver,Store,2023-06-28
3631,25,Female,Dubai,Silver,Website,2021-03-09
3633,35,Male,Abu Dhabi,Gold,Amazon.ae,2021-12-24
3635,20,Male,Sharjah,Silver,Store,2024-10-01
3636,25,Female,Abu Dhabi,Silver,Amazon.ae,2022-06-05
3637,40,Male,Dubai,Platinum,Store,2025-07-19
3639,20,Male,Abu Dhabi,Silver,Store,2022-09-16
3642,35,Male,Dubai,Silver,Website,2024-09-15
3643,40,Male,Abu Dhabi,Silver,MobileApp,2025-05-09
3644,40,Male,Abu Dhabi,Silver,Amazon.ae,2022-03-03
3648,20,Male,Abu Dhabi,Silver,Website,2024-01-24
3649,35,Male,Abu Dhabi,Gold,Store,2023-02-01
3652,25,Male,Abu Dhabi,Gold,Store,2024-09-02
3655,18,Male,Dubai,Silver,Store,2023-01-09
3656,35,Male,Abu Dhabi,Silver,Store,2022-10-10
3658,40,Male,Abu Dhabi,Silver,Website,2025-05-20
3659,25,Male,Dubai,Silver,Website,2021-01-05
3664,35,Female,Sharjah,Silver,Store,2023-09-13
3669,40,Male,Dubai,Gold,Store,2023-01-15
3671,20,Male,Dubai,Silver,Website,2022-06-17
3675,25,Male,Dubai,Gold,Store,2025-05-31
3676,45,Female,Sharjah,Gold,Store,2024-01-02
3677,35,Male,Dubai,Gold,Website,2024-06-10
3681,18,Female,Dubai,Gold,Website,2021-01-09
3683,35,Male,Dubai,Silver,MobileApp,2021-02-19
3684,35,Male,Sharjah,Platinum,MobileApp,2025-03-26
3685,25,Male,Abu Dhabi,Gold,Store,2025-07-07
3687,50,Male,Abu Dhabi,Gold,MobileApp,2025-06-02
3688,25,Female,Dubai,Platinum,Store,2021-02-05
3689,40,Female,Abu Dhabi,Silver,Store,2024-05-10
3690,25,Male,Dubai,Silver,Store,2021-04-28
3691,20,Male,Dubai,Silver,Website,2022-12-03
3692,18,Male,Abu Dhabi,Silver,Amazon.ae,2023-01-24
3696,25,Male,Dubai,Silver,Website,2022-07-14
3697,25,Male,Sharjah,Silver,Store,2024-03-19
3698,30,Female,Abu Dhabi,Silver,Store,2021-07-27
3700,45,Female,Dubai,Silver,Store,2024-02-15
3701,30,Male,Dubai,Gold,Website,2021-08-27
3704,60,Female,Abu Dhabi,Gold,Store,2025-01-11
3708,30,Female,Abu Dhabi,Gold,MobileApp,2024-12-19
3709,25,Male,Sharjah,Platinum,Website,2022-06-01
3710,25,Male,Abu Dhabi,Silver,Store,2025-06-24
3711,40,Male,Abu Dhabi,Silver,MobileApp,2021-07-24
3712,20,Male,Dubai,Silver,MobileApp,2024-04-18
3715,25,Male,Dubai,Silver,Store,2022-05-15
3716,30,Female,Dubai,Silver,Store,2024-02-06
3719,30,Male,Abu Dhabi,Silver,Store,2023-11-10
3720,25,Male,Dubai,Silver,Store,2024-10-14
3721,30,Male,Sharjah,Silver,Store,2025-06-21
3722,60,Male,Sharjah,Gold,MobileApp,2025-10-24
3724,50,Female,Dubai,Silver,Store,2021-01-07
3727,20,Female,Dubai,Silver,Website,2024-12-21
3728,25,Female,Dubai,Silver,Store,2021-10-23
3730,18,Female,Sharjah,Gold,Store,2022-07-24
3731,50,Female,Abu Dhabi,Silver,Website,2024-11-11
3733,35,Male,Sharjah,Gold,Noon,2021-03-31
3735,20,Male,Sharjah,Silver,Website,2025-05-30
3736,18,Female,Dubai,Silver,Store,2023-05-03
3737,35,Male,Dubai,Silver,Website,2024-07-08
3740,20,Female,Dubai,Silver,Store,2024-09-14
3741,30,Female,Dubai,Silver,Website,2022-02-05
3745,35,Male,Sharjah,Silver,Store,2023-04-14
3747,18,Female,Sharjah,Silver,Store,2021-04-29
3748,60,Female,Dubai,Silver,MobileApp,2023-12-07
3749,20,Male,Dubai,Gold,Website,2024-04-06
3753,25,Male,Dubai,Platinum,Website,2022-06-23
3754,40,Female,Sharjah,Gold,Noon,2024-08-12
3755,25,Male,Dubai,Platinum,Website,2025-03-17
3756,25,Male,Dubai,Silver,Store,2024-04-12
3760,45,Male,Abu Dhabi,Silver,MobileApp,2025-06-15
3761,18,Male,Abu Dhabi,Silver,Store,2021-10-30
3763,30,Male,Abu Dhabi,Gold,Store,2025-04-06
3768,20,Female,Dubai,Silver,Store,2023-06-08
3769,30,Female,Sharjah,Silver,MobileApp,2025-01-20
3770,60,Male,Dubai,Silver,Amazon.ae,2024-04-11
3771,45,Female,Dubai,Silver,Store,2022-03-21
3772,18,Female,Sharjah,Silver,Website,2021-05-02
3773,35,Female,Dubai,Gold,Store,2025-03-01
3777,20,Male,Dubai,Silver,Website,2021-02-18
3779,25,Female,Sharjah,Gold,Store,2024-11-18
3780,40,Male,Abu Dhabi,Silver,Website,2024-11-17
3782,25,Female,Dubai,Silver,Website,2025-02-08
3783,20,Male,Dubai,Silver,Website,2021-05-21
3787,30,Female,Sharjah,Silver,Website,2022-04-16
3788,25,Female,Abu Dhabi,Silver,Store,2024-07-10
3793,30,Male,Dubai,Gold,Store,2025-04-11
3795,20,Male,Dubai,Silver,Store,2022-02-26
3796,55,Male,Dubai,Silver,Store,2025-05-14
3798,25,Male,Abu Dhabi,Silver,Website,2022-02-21
3800,25,Female,Sharjah,Gold,Store,2023-07-02
3802,40,Female,Dubai,Silver,Noon,2024-09-03
3804,35,Female,Abu Dhabi,Silver,Amazon.ae,2023-10-13
3806,18,Male,Sharjah,Silver,Amazon.ae,2023-03-04
3812,55,Female,Sharjah,Silver,Store,2021-01-03
3813,20,Female,Abu Dhabi,Gold,Store,2022-02-22
3815,20,Male,Dubai,Silver,Store,2023-06-25
3816,45,Female,Dubai,Platinum,Website,2022-01-04
3818,30,Female,Dubai,Silver,Store,2023-05-30
3819,40,Female,Abu Dhabi,Silver,Amazon.ae,2021-12-12
3820,50,Female,Dubai,Silver,Amazon.ae,2023-01-01
3821,50,Female,Dubai,Gold,Website,2023-06-16
3822,40,Male,Dubai,Platinum,Store,2023-12-04
3824,20,Male,Abu Dhabi,Gold,Store,2022-07-18
3825,25,Female,Dubai,Silver,Store,2024-03-22
3827,25,Female,Dubai,Platinum,Website,2021-11-17
3828,25,Male,Dubai,Silver,Store,2022-04-09
3830,20,Female,Dubai,Gold,Store,2025-05-23
3831,35,Male,Abu Dhabi,Silver,Store,2024-06-04
3832,20,Male,Abu Dhabi,Silver,Store,2022-09-25
3833,25,Female,Abu Dhabi,Platinum,Noon,2021-11-29
3834,30,Female,Sharjah,Gold,Website,2025-02-01
3836,35,Female,Abu Dhabi,Silver,Website,2023-12-17
3841,25,Female,Dubai,Silver,Website,2025-07-15
3842,25,Male,Abu Dhabi,Silver,MobileApp,2024-06-01
3843,18,Female,Dubai,Silver,Website,2025-10-27
3844,25,Female,Dubai,Gold,Amazon.ae,2025-07-19
3845,55,Female,Dubai,Platinum,Store,2025-08-11
3846,55,Female,Dubai,Silver,Store,2025-10-30
3850,25,Male,Abu Dhabi,Silver,Store,2023-12-14
3852,20,Male,Sharjah,Silver,Store,2025-10-09
3855,60,Female,Sharjah,Silver,Amazon.ae,2022-10-03
3856,25,Female,Abu Dhabi,Silver,Amazon.ae,2022-07-24
3858,25,Female,Dubai,Silver,Website,2024-11-23
3860,20,Male,Sharjah,Gold,Store,2023-07-18
3862,50,Female,Abu Dhabi,Gold,Store,2025-05-31
3863,50,Male,Abu Dhabi,Platinum,Website,2024-01-18
3864,45,Male,Sharjah,Gold,Website,2022-08-16
3868,25,Female,Abu Dhabi,Platinum,MobileApp,2021-05-25
3869,25,Female,Abu Dhabi,Gold,Store,2025-07-23
3871,25,Male,Abu Dhabi,Silver,Website,2025-07-13
3872,20,Male,Dubai,Silver,Noon,2021-01-02
3874,40,Male,Dubai,Gold,Noon,2023-01-26
3877,20,Male,Dubai,Silver,Store,2025-06-14
3878,20,Male,Abu Dhabi,Silver,Store,2024-12-24
3879,25,Female,Abu Dhabi,Silver,Store,2025-09-10
3881,35,Male,Dubai,Silver,Noon,2024-06-09
3882,35,Male,Sharjah,Silver,Store,2022-03-12
3883,25,Female,Abu Dhabi,Silver,Website,2021-12-19
3884,40,Female,Dubai,Silver,Store,2025-09-08
3885,20,Male,Sharjah,Platinum,MobileApp,2022-11-10
3887,40,Male,Abu Dhabi,Gold,Store,2025-09-30
3890,45,Female,Sharjah,Silver,Store,2024-12-05
3894,35,Male,Sharjah,Gold,Website,2025-01-17
3895,25,Female,Abu Dhabi,Silver,MobileApp,2021-01-26
3896,18,Male,Dubai,Silver,Website,2024-12-20
3897,35,Female,Dubai,Gold,Store,2024-11-01
3900,18,Male,Dubai,Gold,Store,2022-09-20
3902,25,Female,Dubai,Gold,Website,2024-04-18
3907,20,Male,Dubai,Silver,Store,2022-07-04
3909,50,Female,Abu Dhabi,Silver,Amazon.ae,2021-03-18
3910,20,Male,Sharjah,Silver,MobileApp,2025-06-26
3912,20,Male,Abu Dhabi,Gold,Store,2023-12-09
3913,35,Male,Dubai,Gold,Website,2023-10-11
3914,30,Male,Dubai,Gold,Store,2024-07-01
3917,30,Male,Abu Dhabi,Gold,Store,2024-01-01
3918,20,Female,Abu Dhabi,Silver,Store,2022-03-23
3919,20,Male,Dubai,Silver,Website,2022-05-21
3920,50,Female,Dubai,Gold,Website,2025-09-29
3921,25,Male,Abu Dhabi,Silver,Website,2024-06-30
3924,25,Male,Abu Dhabi,Platinum,Website,2021-10-26
3925,55,Male,Abu Dhabi,Silver,Noon,2023-01-04
3927,30,Female,Sharjah,Silver,Store,2024-10-12
3928,45,Female,Abu Dhabi,Gold,Noon,2021-06-06
3930,25,Male,Dubai,Silver,Website,2023-09-01
3935,25,Female,Dubai,Silver,Website,2025-01-19
3936,25,Male,Abu Dhabi,Gold,MobileApp,2023-07-06
3938,25,Male,Dubai,Gold,Store,2023-11-18
3939,30,Male,Dubai,Gold,Store,2024-10-27
3941,50,Male,Abu Dhabi,Gold,MobileApp,2025-05-08
3942,30,Female,Sharjah,Gold,Amazon.ae,2024-07-31
3944,40,Female,Abu Dhabi,Silver,Store,2022-04-20
3946,25,Male,Dubai,Silver,Store,2024-10-04
3947,40,Male,Dubai,Platinum,Website,2022-09-28
3949,40,Male,Dubai,Silver,Store,2024-05-15
3951,35,Male,Dubai,Silver,Store,2022-03-15
3952,35,Male,Dubai,Silver,Amazon.ae,2021-06-14
3954,40,Male,Dubai,Silver,Amazon.ae,2022-02-24
3955,25,Male,Abu Dhabi,Silver,Store,2024-10-26
3958,35,Male,Dubai,Gold,Store,2024-07-26
3959,30,Male,Abu Dhabi,Silver,Website,2023-09-15
3964,35,Male,Dubai,Silver,MobileApp,2025-07-19
3965,30,Female,Abu Dhabi,Silver,Store,2024-08-19
3967,25,Male,Sharjah,Gold,Website,2021-01-28
3969,30,Male,Dubai,Silver,Store,2022-05-13
3972,35,Male,Dubai,Silver,Store,2021-07-13
3974,25,Male,Abu Dhabi,Gold,Store,2022-03-18
3976,45,Female,Dubai,Gold,Store,2021-09-15
3977,30,Female,Dubai,Silver,MobileApp,2021-04-23
3979,25,Male,Dubai,Gold,Amazon.ae,2025-10-04
3980,25,Male,Abu Dhabi,Gold,Store,2021-01-14
3981,20,Male,Abu Dhabi,Silver,Store,2025-08-18
3983,18,Female,Abu Dhabi,Silver,Website,2025-06-09
3984,18,Female,Abu Dhabi,Silver,Website,2021-05-20
3989,30,Female,Abu Dhabi,Silver,Store,2025-02-20
3990,20,Female,Dubai,Gold,MobileApp,2024-09-27
3992,35,Male,Abu Dhabi,Gold,Store,2025-02-24
3997,25,Male,Dubai,Silver,Amazon.ae,2024-04-18
3999,18,Male,Abu Dhabi,Platinum,Store,2023-06-17
4000,45,Female,Abu Dhabi,Gold,Store,2023-08-25
4006,30,Male,Abu Dhabi,Silver,Store,2024-06-26
4008,25,Female,Dubai,Gold,Noon,2025-08-24
4012,40,Female,Abu Dhabi,Silver,Store,2022-07-24
4013,20,Female,Abu Dhabi,Gold,Store,2022-04-06
4014,25,Female,Dubai,Silver,Store,2021-05-05
4016,35,Female,Dubai,Silver,Website,2025-01-31
4018,35,Male,Dubai,Silver,Store,2023-07-30
4019,20,Male,Sharjah,Silver,Store,2021-01-27
4020,20,Male,Sharjah,Gold,Website,2021-07-26
4023,30,Male,Dubai,Silver,Amazon.ae,2022-01-17
4027,55,Female,Dubai,Silver,Website,2021-10-23
4028,35,Male,Abu Dhabi,Gold,Store,2022-02-06
4030,30,Male,Sharjah,Silver,Store,2025-05-16
4032,18,Female,Abu Dhabi,Silver,Amazon.ae,2023-01-21
4033,35,Female,Dubai,Silver,Store,2021-04-16
4034,20,Female,Dubai,Silver,Store,2023-03-02
4036,30,Female,Sharjah,Silver,Website,2025-04-23
4037,30,Female,Dubai,Gold,Website,2021-03-13
4039,20,Female,Abu Dhabi,Silver,MobileApp,2024-04-05
4040,25,Male,Sharjah,Gold,Website,2024-05-29
4041,35,Female,Dubai,Silver,Store,2021-03-17
4043,35,Female,Sharjah,Gold,Website,2023-10-07
4046,30,Male,Dubai,Gold,Website,2025-10-27
4048,35,Female,Abu Dhabi,Silver,Store,2023-02-05
4049,35,Female,Abu Dhabi,Silver,Store,2022-05-02
4050,35,Female,Abu Dhabi,Gold,Store,2022-10-30
4052,30,Male,Dubai,Silver,Store,2025-08-12
4054,30,Female,Dubai,Platinum,Website,2023-03-02
4055,20,Female,Sharjah,Silver,Website,2023-08-29
4058,18,Male,Sharjah,Silver,Store,2021-08-19
4060,35,Male,Abu Dhabi,Platinum,Store,2024-06-02
4061,25,Male,Dubai,Silver,Amazon.ae,2022-04-20
4063,30,Male,Dubai,Platinum,Website,2025-07-02
4065,50,Male,Dubai,Silver,Store,2025-07-27
4066,50,Male,Dubai,Silver,Store,2025-09-06
4067,30,Female,Dubai,Gold,MobileApp,2025-05-19
4068,25,Male,Dubai,Gold,Store,2024-05-18
4069,35,Male,Dubai,Platinum,Website,2024-08-13
4070,18,Female,Abu Dhabi,Silver,Store,2025-06-22
4071,30,Female,Dubai,Silver,Store,2024-04-10
4074,18,Female,Sharjah,Silver,Website,2021-05-23
4075,30,Female,Sharjah,Silver,Store,2022-12-09
4076,35,Female,Dubai,Silver,Store,2025-09-11
4078,18,Male,Dubai,Gold,Store,2021-07-15
4080,30,Male,Abu Dhabi,Silver,Store,2025-02-21
4082,20,Male,Dubai,Silver,Store,2021-10-25
4084,25,Female,Dubai,Silver,Website,2022-06-21
4085,18,Female,Abu Dhabi,Gold,Noon,2022-08-02
4089,20,Male,Dubai,Silver,Website,2023-04-21
4090,30,Female,Dubai,Silver,MobileApp,2021-07-25
4092,18,Male,Dubai,Silver,Website,2024-03-06
4096,18,Male,Abu Dhabi,Gold,Amazon.ae,2022-11-08
4099,18,Female,Abu Dhabi,Gold,Website,2022-03-17
4100,25,Male,Dubai,Silver,Store,2024-06-05
4103,25,Male,Abu Dhabi,Platinum,Website,2022-05-02
4105,25,Female,Dubai,Platinum,Store,2024-03-24
4106,30,Female,Dubai,Silver,Amazon.ae,2025-08-08
4107,30,Female,Dubai,Silver,Website,2023-09-13
4108,25,Male,Abu Dhabi,Silver,Store,2023-07-26
4109,25,Female,Sharjah,Gold,Website,2023-02-11
4110,20,Male,Sharjah,Silver,Noon,2021-01-19
4114,55,Male,Dubai,Silver,Store,2022-02-27
4115,55,Male,Abu Dhabi,Platinum,Website,2025-04-21
4117,35,Female,Sharjah,Silver,Store,2023-04-24
4118,35,Male,Dubai,Gold,Website,2025-08-11
4122,30,Female,Sharjah,Silver,Store,2021-03-07
4128,30,Female,Abu Dhabi,Silver,Amazon.ae,2023-03-01
4129,50,Male,Dubai,Gold,Website,2023-12-28
4131,30,Male,Abu Dhabi,Gold,Amazon.ae,2025-10-05
4134,45,Female,Dubai,Gold,Store,2023-10-30
4135,30,Female,Dubai,Silver,Website,2023-07-16
4138,18,Male,Dubai,Silver,Website,2025-02-22
4140,25,Male,Dubai,Silver,Store,2021-08-15
4141,35,Male,Dubai,Silver,Website,2025-05-30
4145,30,Male,Abu Dhabi,Gold,Store,2022-12-07
4146,20,Male,Sharjah,Silver,Website,2024-06-15
4147,30,Female,Abu Dhabi,Silver,Website,2024-11-05
4149,25,Female,Abu Dhabi,Gold,Store,2022-10-31
4150,45,Female,Sharjah,Gold,Store,2021-09-11
4151,35,Female,Abu Dhabi,Platinum,Store,2024-08-24
4153,35,Female,Sharjah,Silver,Store,2024-08-17
4155,25,Female,Abu Dhabi,Silver,Website,2021-02-19
4158,40,Male,Dubai,Gold,Amazon.ae,2022-06-27
4162,40,Male,Abu Dhabi,Gold,Store,2023-08-02
4163,30,Female,Dubai,Silver,Amazon.ae,2024-06-23
4165,35,Female,Dubai,Gold,Store,2025-04-16
4169,20,Female,Dubai,Silver,MobileApp,2025-06-21
4170,60,Male,Dubai,Silver,MobileApp,2025-05-22
4171,20,Male,Dubai,Silver,MobileApp,2025-09-24
4174,40,Male,Abu Dhabi,Gold,Store,2024-12-24
4175,25,Male,Dubai,Platinum,Store,2021-12-05
4176,30,Male,Dubai,Silver,Store,2021-07-03
4177,18,Male,Abu Dhabi,Silver,Store,2021-02-25
4178,18,Male,Dubai,Silver,Store,2023-09-06
4180,40,Male,Abu Dhabi,Silver,Amazon.ae,2022-07-26
4181,45,Female,Dubai,Gold,Noon,2024-02-26
4182,18,Male,Dubai,Silver,MobileApp,2022-12-18
4184,50,Female,Dubai,Silver,MobileApp,2025-07-21
4185,25,Female,Dubai,Platinum,MobileApp,2023-10-05
4186,40,Male,Dubai,Gold,Website,2025-03-12
4187,20,Male,Abu Dhabi,Platinum,MobileApp,2025-05-27
4188,50,Male,Abu Dhabi,Platinum,Website,2021-08-04
4189,40,Female,Dubai,Silver,Store,2024-01-19
4191,35,Female,Dubai,Silver,Website,2021-11-10
4192,25,Female,Abu Dhabi,Silver,MobileApp,2021-08-21
4193,50,Male,Dubai,Gold,Store,2023-01-15
4194,25,Male,Abu Dhabi,Silver,Website,2022-07-29
4195,25,Female,Sharjah,Silver,Amazon.ae,2023-06-07
4197,40,Male,Dubai,Gold,Store,2022-03-18
4200,40,Female,Dubai,Gold,Store,2023-10-23
4201,35,Female,Sharjah,Silver,Store,2021-06-10
4202,18,Female,Sharjah,Silver,Store,2021-05-20
4204,25,Male,Abu Dhabi,Platinum,MobileApp,2025-01-23
4207,35,Male,Dubai,Silver,Website,2023-07-26
4208,35,Male,Dubai,Silver,Store,2024-10-02
4209,55,Male,Dubai,Gold,Website,2025-06-06
4219,25,Female,Abu Dhabi,Gold,Store,2024-02-01
4221,25,Female,Sharjah,Gold,Website,2022-05-20
4222,35,Male,Dubai,Silver,MobileApp,2025-09-16
4226,30,Female,Sharjah,Gold,Amazon.ae,2023-02-14
4229,25,Male,Dubai,Gold,Website,2024-03-02
4230,18,Male,Dubai,Silver,Noon,2023-10-15
4231,30,Female,Dubai,Silver,Website,2021-02-19
4233,20,Male,Sharjah,Silver,MobileApp,2022-11-26
4234,30,Male,Sharjah,Platinum,Website,2021-01-26
4235,35,Male,Dubai,Gold,MobileApp,2022-10-12
4236,25,Male,Abu Dhabi,Silver,Store,2021-01-11
4237,35,Female,Sharjah,Gold,Store,2023-03-19
4238,25,Male,Dubai,Gold,Store,2024-01-31
4239,30,Female,Dubai,Silver,Amazon.ae,2021-01-11
4240,18,Female,Dubai,Silver,Website,2024-02-10
4243,18,Female,Dubai,Gold,Store,2023-02-09
4245,55,Male,Sharjah,Silver,MobileApp,2024-04-05
4246,25,Male,Abu Dhabi,Gold,Noon,2025-10-11
4247,30,Male,Dubai,Platinum,Store,2022-02-11
4249,35,Male,Dubai,Gold,Store,2023-04-22
4252,45,Female,Dubai,Silver,Website,2022-07-08
4253,30,Female,Abu Dhabi,Gold,Store,2021-10-12
4257,35,Male,Dubai,Gold,Store,2025-01-07
4259,45,Female,Abu Dhabi,Silver,Store,2024-10-11
4260,30,Male,Sharjah,Gold,Amazon.ae,2023-02-23
4261,18,Female,Abu Dhabi,Silver,Website,2022-03-01
4262,30,Male,Dubai,Platinum,MobileApp,2023-10-27
4263,25,Female,Sharjah,Silver,Store,2025-04-27
4265,20,Female,Abu Dhabi,Gold,Website,2021-12-22
4268,18,Female,Dubai,Platinum,Website,2025-05-31
4269,55,Female,Abu Dhabi,Silver,MobileApp,2022-07-08
4270,30,Male,Dubai,Silver,Store,2021-09-25
4273,45,Male,Dubai,Silver,Store,2021-03-05
4274,25,Male,Dubai,Silver,Website,2022-03-18
4276,20,Male,Abu Dhabi,Gold,Store,2022-06-25
4277,25,Female,Dubai,Silver,Store,2024-07-22
4279,30,Female,Dubai,Gold,Website,2024-05-24
4280,20,Male,Dubai,Silver,Noon,2025-05-09
4285,60,Male,Sharjah,Silver,Website,2021-01-13
4288,45,Female,Dubai,Silver,Store,2024-11-20
4291,60,Male,Abu Dhabi,Gold,MobileApp,2023-01-22
4292,18,Male,Sharjah,Silver,MobileApp,2021-09-27
4294,35,Male,Sharjah,Gold,Store,2025-06-23
4295,25,Male,Dubai,Gold,Store,2023-01-02
4296,20,Male,Sharjah,Gold,Store,2023-04-24
4298,18,Female,Abu Dhabi,Platinum,Website,2024-12-26
4299,40,Male,Dubai,Silver,Store,2024-12-02
4302,35,Male,Dubai,Silver,Store,2023-11-28
4303,25,Male,Abu Dhabi,Gold,Store,2021-01-28
4304,18,Female,Dubai,Silver,Website,2024-08-05
4307,40,Male,Dubai,Gold,Amazon.ae,2022-01-19
4309,25,Male,Abu Dhabi,Gold,MobileApp,2021-03-26
4310,30,Female,Dubai,Gold,Store,2023-01-19
4311,30,Female,Abu Dhabi,Silver,Website,2021-09-03
4312,25,Male,Sharjah,Silver,Amazon.ae,2022-01-23
4313,45,Female,Sharjah,Silver,Website,2023-07-18
4316,35,Male,Abu Dhabi,Silver,Store,2023-03-15
4318,55,Male,Dubai,Platinum,Amazon.ae,2021-08-16
4320,30,Male,Sharjah,Silver,Store,2024-01-02
4326,25,Male,Abu Dhabi,Silver,Store,2023-03-06
4327,25,Female,Dubai,Silver,Store,2022-11-07
4328,60,Male,Sharjah,Gold,Website,2022-10-11
4332,20,Male,Dubai,Gold,Store,2023-03-20
4336,25,Female,Sharjah,Gold,MobileApp,2024-11-12
4337,18,Male,Abu Dhabi,Gold,Store,2022-01-07
4339,55,Male,Abu Dhabi,Gold,Website,2024-11-28
4340,50,Female,Sharjah,Silver,Store,2021-08-08
4343,50,Male,Dubai,Silver,Website,2023-09-15
4345,40,Male,Abu Dhabi,Platinum,Store,2022-08-31
4347,18,Male,Dubai,Silver,Store,2023-12-12
4350,30,Male,Sharjah,Silver,Store,2023-11-11
4351,18,Male,Dubai,Silver,Website,2021-04-16
4352,25,Female,Abu Dhabi,Silver,Store,2024-05-08
4355,35,Female,Dubai,Silver,Website,2024-07-29
4356,60,Female,Dubai,Silver,Amazon.ae,2022-09-04
4359,30,Male,Dubai,Platinum,Website,2024-06-22
4369,30,Male,Sharjah,Silver,MobileApp,2022-10-08
4370,60,Male,Dubai,Gold,MobileApp,2022-06-09
4371,35,Female,Sharjah,Platinum,Noon,2021-06-23
4373,40,Female,Dubai,Silver,Website,2022-01-03
4375,25,Male,Dubai,Silver,Website,2024-05-15
4376,25,Female,Abu Dhabi,Silver,MobileApp,2023-12-22
4381,30,Male,Sharjah,Silver,MobileApp,2024-02-03
4383,40,Female,Sharjah,Silver,Website,2025-01-25
4386,30,Female,Dubai,Silver,Amazon.ae,2024-05-28
4388,18,Female,Sharjah,Silver,Store,2023-08-04
4392,55,Female,Dubai,Silver,Website,2024-12-24
4394,45,Female,Sharjah,Silver,Amazon.ae,2022-07-28
4395,20,Female,Dubai,Silver,Store,2022-05-28
4397,45,Female,Dubai,Silver,Store,2021-03-06
4398,30,Male,Sharjah,Gold,Noon,2021-07-02
4399,35,Male,Sharjah,Silver,Store,2023-12-26
4402,30,Female,Sharjah,Silver,Store,2021-02-23
4403,25,Male,Abu Dhabi,Gold,Noon,2024-05-29
4409,25,Female,Sharjah,Silver,MobileApp,2023-10-01
4411,55,Male,Abu Dhabi,Platinum,Store,2024-12-30
4417,35,Male,Sharjah,Gold,MobileApp,2025-01-06
4418,18,Male,Dubai,Silver,Store,2025-03-10
4419,18,Female,Abu Dhabi,Gold,Website,2022-02-08
4424,25,Female,Dubai,Silver,Amazon.ae,2021-08-02
4425,20,Male,Dubai,Silver,Amazon.ae,2023-10-21
4427,55,Female,Dubai,Silver,Amazon.ae,2021-11-18
4429,25,Female,Sharjah,Platinum,Amazon.ae,2023-12-15
4431,60,Male,Abu Dhabi,Silver,Store,2023-05-06
4432,20,Female,Dubai,Silver,Store,2023-12-31
4433,35,Male,Sharjah,Silver,Store,2023-12-28
4435,35,Male,Abu Dhabi,Platinum,Store,2022-01-15
4436,18,Male,Sharjah,Silver,Store,2023-07-22
4437,35,Female,Abu Dhabi,Silver,Website,2025-09-06
4439,30,Female,Dubai,Gold,MobileApp,2022-03-26
4440,35,Male,Dubai,Gold,Store,2024-07-08
4441,20,Male,Abu Dhabi,Silver,Store,2025-01-10
4443,18,Male,Abu Dhabi,Silver,Store,2021-05-11
4444,40,Male,Dubai,Silver,Website,2024-06-11
4448,55,Female,Abu Dhabi,Gold,Store,2022-09-29
4450,20,Female,Dubai,Gold,Store,2021-02-22
4454,20,Female,Dubai,Platinum,Noon,2023-11-04
4455,25,Female,Abu Dhabi,Gold,MobileApp,2022-05-11
4458,25,Female,Abu Dhabi,Gold,Website,2022-06-23
4460,20,Male,Dubai,Gold,Store,2025-01-15
4462,25,Male,Dubai,Silver,Amazon.ae,2022-05-30
4463,55,Male,Abu Dhabi,Silver,Store,2022-04-26
4464,55,Male,Abu Dhabi,Silver,MobileApp,2022-02-18
4466,20,Male,Sharjah,Silver,Store,2021-05-17
4469,25,Male,Sharjah,Platinum,MobileApp,2023-04-15
4474,25,Male,Sharjah,Silver,MobileApp,2021-11-01
4476,25,Female,Abu Dhabi,Silver,Website,2021-06-30
4478,35,Male,Dubai,Silver,Store,2023-08-30
4482,35,Male,Abu Dhabi,Gold,Amazon.ae,2021-11-15
4486,25,Female,Dubai,Silver,Store,2021-11-20
4487,25,Female,Abu Dhabi,Gold,Store,2023-08-01
4490,60,Female,Sharjah,Silver,Amazon.ae,2024-07-25
4491,20,Male,Sharjah,Silver,Website,2024-09-04
4497,30,Male,Abu Dhabi,Silver,Amazon.ae,2024-09-08
4500,25,Male,Sharjah,Platinum,Website,2024-03-28
4502,45,Female,Dubai,Silver,Store,2022-02-10
4503,30,Male,Dubai,Gold,MobileApp,2022-06-23
4510,20,Male,Sharjah,Gold,Store,2024-10-23
4511,30,Male,Abu Dhabi,Gold,MobileApp,2021-05-05
4513,25,Female,Dubai,Silver,Store,2021-07-31
4516,50,Female,Abu Dhabi,Gold,Store,2024-12-09
4519,20,Female,Dubai,Gold,Store,2025-10-02
4520,40,Male,Dubai,Silver,Store,2023-06-08
4521,40,Female,Dubai,Silver,Noon,2024-04-19
4523,20,Female,Dubai,Platinum,Store,2025-07-24
4525,40,Male,Dubai,Silver,Website,2024-04-25
4526,30,Female,Sharjah,Gold,Store,2025-10-29
4527,35,Female,Dubai,Silver,Store,2025-08-25
4528,30,Male,Sharjah,Gold,Store,2025-07-06
4530,18,Female,Dubai,Silver,Store,2025-01-20
4535,30,Female,Dubai,Silver,Store,2021-11-13
4536,20,Female,Abu Dhabi,Silver,Website,2023-09-28
4537,35,Female,Sharjah,Silver,Store,2023-04-04
4538,40,Male,Dubai,Silver,Store,2023-05-20
4540,20,Male,Sharjah,Gold,Website,2023-06-06
4542,45,Male,Abu Dhabi,Silver,Website,2022-04-15
4543,30,Female,Abu Dhabi,Silver,Website,2021-08-12
4545,20,Male,Dubai,Gold,Website,2023-12-24
4548,40,Female,Abu Dhabi,Silver,Website,2023-04-10
4553,25,Male,Dubai,Platinum,MobileApp,2021-03-16
4555,25,Male,Dubai,Silver,Store,2022-05-15
4556,25,Male,Dubai,Silver,Store,2025-03-26
4557,50,Female,Dubai,Silver,Amazon.ae,2021-09-25
4558,35,Female,Dubai,Silver,Amazon.ae,2025-02-19
4560,35,Male,Sharjah,Gold,MobileApp,2025-06-12
4562,35,Female,Sharjah,Gold,Store,2025-08-06
4563,25,Male,Sharjah,Silver,MobileApp,2023-12-19
4564,35,Female,Sharjah,Silver,Website,2025-01-17
4566,60,Female,Dubai,Silver,Store,2024-01-01
4567,25,Male,Abu Dhabi,Silver,Store,2021-07-09
4569,50,Male,Dubai,Gold,Store,2025-05-05
4570,18,Female,Dubai,Silver,Website,2025-10-07
4572,35,Male,Dubai,Silver,Store,2023-09-20
4574,55,Female,Dubai,Silver,MobileApp,2021-06-05
4583,50,Male,Abu Dhabi,Silver,Website,2021-03-26
4584,25,Female,Abu Dhabi,Gold,Noon,2023-07-30
4586,25,Female,Dubai,Silver,MobileApp,2022-08-15
4587,40,Male,Dubai,Silver,Store,2023-01-02
4588,35,Female,Abu Dhabi,Silver,Website,2022-09-14
4589,30,Male,Dubai,Silver,Website,2023-10-06
4590,18,Male,Dubai,Gold,Amazon.ae,2021-11-13
4591,25,Male,Dubai,Silver,Store,2024-04-02
4592,30,Female,Dubai,Silver,Store,2025-06-27
4593,50,Female,Dubai,Gold,Store,2022-09-17
4595,25,Female,Abu Dhabi,Silver,Amazon.ae,2021-06-01
4597,18,Male,Abu Dhabi,Silver,MobileApp,2023-06-29
4598,55,Male,Abu Dhabi,Gold,Website,2024-10-23
4600,30,Female,Dubai,Silver,Store,2022-08-23
4601,25,Male,Dubai,Silver,Store,2023-10-04
4602,35,Female,Sharjah,Silver,MobileApp,2023-08-29
4604,35,Male,Dubai,Platinum,Store,2024-01-29
4608,35,Female,Sharjah,Gold,Store,2025-10-06
4613,25,Female,Abu Dhabi,Gold,MobileApp,2021-03-09
4614,30,Female,Abu Dhabi,Gold,MobileApp,2021-06-03
4616,35,Female,Abu Dhabi,Silver,Store,2025-02-26
4620,40,Male,Dubai,Silver,Website,2021-01-20
4621,45,Female,Abu Dhabi,Silver,Store,2023-05-01
4622,20,Female,Abu Dhabi,Platinum,Store,2024-07-30
4623,30,Male,Sharjah,Silver,Website,2023-06-17
4629,18,Female,Dubai,Silver,Store,2024-08-19
4632,25,Male,Sharjah,Platinum,Website,2023-02-23
4634,18,Male,Dubai,Platinum,MobileApp,2021-07-07
4639,20,Male,Dubai,Silver,Website,2022-12-07
4640,18,Female,Dubai,Silver,Noon,2024-04-15
4642,40,Female,Dubai,Silver,Amazon.ae,2022-02-19
4643,18,Female,Sharjah,Gold,Store,2022-08-01
4644,18,Male,Abu Dhabi,Silver,Store,2021-11-06
4646,40,Female,Dubai,Silver,Store,2021-11-13
4647,25,Male,Sharjah,Silver,Store,2025-03-13
4648,25,Female,Dubai,Silver,Website,2023-10-17
4649,30,Male,Dubai,Silver,Website,2025-05-15
4657,20,Female,Abu Dhabi,Silver,Store,2023-12-23
4659,20,Male,Abu Dhabi,Gold,Website,2023-07-29
4661,35,Male,Dubai,Silver,Noon,2021-01-28
4664,35,Female,Dubai,Silver,Store,2022-08-13
4669,35,Female,Abu Dhabi,Platinum,Noon,2024-10-16
4674,35,Male,Dubai,Silver,Website,2021-09-20
4676,25,Male,Abu Dhabi,Silver,Store,2022-01-12
4679,55,Male,Sharjah,Gold,MobileApp,2023-03-10
4681,30,Female,Dubai,Silver,Store,2023-01-02
4682,20,Female,Abu Dhabi,Silver,Store,2023-08-30
4684,20,Male,Dubai,Silver,Noon,2023-08-05
4685,20,Male,Sharjah,Silver,Store,2023-12-18
4688,20,Female,Abu Dhabi,Silver,Store,2023-04-11
4694,35,Male,Sharjah,Silver,Store,2025-07-10
4695,20,Female,Dubai,Silver,Amazon.ae,2025-06-22
4696,20,Male,Abu Dhabi,Platinum,Website,2024-06-16
4698,30,Male,Dubai,Platinum,Website,2025-01-05
4699,40,Female,Dubai,Gold,Store,2024-08-16
4700,25,Female,Abu Dhabi,Silver,Store,2021-04-03
4704,25,Male,Dubai,Gold,MobileApp,2021-11-06
4706,25,Male,Dubai,Silver,Store,2024-04-05
4707,30,Male,Dubai,Silver,MobileApp,2021-01-07
4708,25,Female,Dubai,Platinum,Website,2023-12-03
4709,50,Male,Dubai,Gold,Store,2023-02-27
4710,25,Female,Dubai,Platinum,Website,2024-09-25
4712,20,Male,Dubai,Silver,Store,2021-02-12
4714,50,Male,Abu Dhabi,Platinum,Store,2021-07-20
4715,20,Female,Dubai,Silver,Store,2023-06-14
4717,30,Female,Dubai,Silver,Store,2025-10-22
4718,50,Female,Sharjah,Silver,Store,2025-08-16
4719,35,Female,Dubai,Silver,Store,2022-07-02
4721,20,Male,Dubai,Silver,Store,2022-09-25
4724,20,Male,Abu Dhabi,Silver,MobileApp,2024-09-20
4725,20,Female,Dubai,Gold,Store,2024-04-19
4726,25,Male,Dubai,Silver,Store,2025-04-06
4727,40,Male,Abu Dhabi,Platinum,Store,2023-08-04
4729,20,Female,Sharjah,Silver,Website,2021-07-13
4730,35,Male,Dubai,Gold,Store,2022-06-22
4731,20,Male,Dubai,Gold,Store,2022-04-26
4733,20,Male,Dubai,Platinum,Store,2022-03-06
4734,50,Female,Dubai,Silver,MobileApp,2025-03-16
4736,25,Female,Abu Dhabi,Silver,Website,2024-09-12
4738,30,Female,Dubai,Silver,Website,2023-06-30
4739,35,Male,Abu Dhabi,Silver,Store,2022-08-01
4742,25,Male,Abu Dhabi,Silver,Store,2021-07-31
4743,18,Male,Dubai,Silver,Website,2025-09-03
4745,45,Male,Dubai,Gold,Store,2023-05-28
4747,40,Male,Sharjah,Gold,Store,2023-09-23
4748,60,Male,Abu Dhabi,Platinum,Store,2022-07-25
4751,35,Female,Abu Dhabi,Silver,Store,2022-10-28
4753,60,Male,Dubai,Silver,Noon,2025-03-18
4758,40,Female,Dubai,Gold,Store,2025-04-16
4761,35,Male,Abu Dhabi,Silver,Amazon.ae,2023-06-04
4765,40,Male,Dubai,Silver,MobileApp,2024-08-12
4768,20,Male,Dubai,Gold,Store,2021-03-20
4770,35,Female,Dubai,Silver,Store,2025-02-02
4773,25,Male,Abu Dhabi,Gold,Store,2021-11-01
4776,35,Female,Dubai,Silver,Amazon.ae,2024-04-29
4778,35,Male,Sharjah,Silver,Website,2025-05-17
4779,18,Male,Sharjah,Gold,Amazon.ae,2022-07-08
4780,25,Male,Abu Dhabi,Platinum,Store,2023-11-14
4784,20,Male,Sharjah,Platinum,Store,2024-12-27
4786,25,Male,Abu Dhabi,Silver,Store,2021-03-24
4788,20,Female,Dubai,Gold,Amazon.ae,2024-07-25
4791,25,Male,Dubai,Silver,Store,2022-07-27
4792,40,Male,Dubai,Gold,Store,2024-05-16
4795,25,Female,Abu Dhabi,Silver,Amazon.ae,2023-09-28
4796,35,Male,Dubai,Gold,Website,2025-01-07
4803,55,Female,Dubai,Gold,Store,2022-05-19
4806,20,Female,Dubai,Gold,Website,2024-10-15
4808,40,Female,Dubai,Silver,Website,2023-11-09
4809,25,Female,Dubai,Silver,Website,2022-11-21
4810,18,Male,Dubai,Silver,Store,2021-07-28
4812,60,Male,Sharjah,Gold,Store,2023-01-13
4815,20,Female,Dubai,Silver,Website,2025-04-16
4816,60,Female,Dubai,Silver,Amazon.ae,2021-12-28
4819,18,Female,Dubai,Silver,Amazon.ae,2023-08-01
4821,20,Female,Abu Dhabi,Silver,MobileApp,2024-07-20
4824,30,Male,Dubai,Silver,Website,2023-01-01
4827,35,Female,Abu Dhabi,Gold,Website,2022-09-01
4828,35,Male,Abu Dhabi,Silver,Store,2023-06-01
4830,25,Male,Dubai,Silver,Website,2023-11-11
4834,30,Male,Dubai,Platinum,Store,2022-01-16
4839,40,Male,Sharjah,Silver,Store,2021-12-03
4840,30,Female,Abu Dhabi,Silver,Store,2024-09-23
4841,45,Female,Sharjah,Silver,MobileApp,2024-08-16
4842,25,Female,Dubai,Silver,Store,2025-06-13
4845,25,Female,Abu Dhabi,Silver,MobileApp,2023-01-30
4846,20,Male,Sharjah,Gold,Website,2024-12-03
4847,18,Female,Dubai,Silver,Amazon.ae,2022-11-20
4849,45,Male,Dubai,Platinum,Website,2021-06-23
4852,35,Female,Abu Dhabi,Silver,Store,2025-10-20
4853,25,Female,Dubai,Silver,Noon,2021-11-15
4857,45,Female,Dubai,Silver,Website,2022-03-17
4858,45,Female,Sharjah,Platinum,MobileApp,2024-05-09
4859,25,Male,Dubai,Platinum,Store,2025-05-19
4860,40,Female,Dubai,Silver,Store,2022-02-19
4861,20,Female,Sharjah,Silver,Website,2023-10-25
4863,18,Female,Dubai,Gold,Amazon.ae,2021-03-24
4865,30,Female,Dubai,Silver,Website,2023-09-16
4867,18,Male,Abu Dhabi,Silver,Amazon.ae,2021-01-06
4870,25,Female,Dubai,Silver,Store,2021-12-13
4871,35,Male,Abu Dhabi,Gold,Store,2022-06-18
4872,20,Female,Sharjah,Gold,MobileApp,2022-10-19
4876,20,Female,Dubai,Silver,Website,2023-10-23
4878,40,Male,Abu Dhabi,Silver,MobileApp,2023-07-07
4879,25,Female,Dubai,Silver,MobileApp,2024-06-02
4887,25,Male,Dubai,Gold,Website,2022-05-22
4888,60,Female,Dubai,Silver,Store,2023-09-10
4889,30,Male,Abu Dhabi,Gold,Website,2022-07-30
4890,30,Female,Dubai,Silver,Website,2021-11-29
4891,30,Male,Abu Dhabi,Platinum,Store,2021-07-31
4894,30,Male,Sharjah,Silver,Store,2021-06-15
4896,30,Male,Abu Dhabi,Gold,Store,2024-03-26
4898,20,Male,Abu Dhabi,Platinum,MobileApp,2023-11-22
4899,30,Female,Dubai,Silver,Store,2021-10-01
4900,20,Male,Dubai,Silver,Amazon.ae,2024-08-17
4902,25,Male,Sharjah,Silver,Amazon.ae,2025-03-28
4904,30,Male,Dubai,Silver,Store,2021-10-03
4905,35,Male,Dubai,Gold,Store,2023-10-28
4908,25,Female,Dubai,Gold,Store,2024-02-28
4910,35,Male,Dubai,Platinum,Store,2021-04-07
4913,20,Female,Dubai,Silver,Website,2023-03-11
4916,50,Female,Abu Dhabi,Platinum,Store,2021-07-24
4917,35,Male,Abu Dhabi,Gold,Store,2021-04-13
4921,60,Male,Dubai,Gold,Website,2021-12-26
4923,25,Female,Sharjah,Silver,Noon,2021-02-08
4926,55,Female,Sharjah,Gold,Amazon.ae,2022-06-04
4927,20,Male,Dubai,Silver,Store,2023-05-28
4929,20,Female,Dubai,Platinum,Website,2021-07-13
4930,35,Male,Sharjah,Gold,Store,2025-03-22
4933,35,Female,Dubai,Silver,Website,2024-02-20
4937,20,Male,Sharjah,Gold,Store,2021-04-25
4938,60,Female,Dubai,Gold,Website,2021-08-27
4939,25,Male,Dubai,Silver,MobileApp,2022-07-20
4941,35,Female,Dubai,Silver,Store,2024-04-07
4943,20,Male,Dubai,Silver,Website,2023-01-06
4944,25,Male,Sharjah,Gold,Store,2023-12-30
4945,25,Female,Dubai,Gold,Store,2022-05-23
4947,18,Male,Abu Dhabi,Gold,Noon,2025-05-02
4948,45,Male,Dubai,Gold,MobileApp,2022-04-06
4949,55,Male,Dubai,Gold,MobileApp,2024-10-28
4952,18,Female,Abu Dhabi,Silver,Amazon.ae,2022-10-16
4953,35,Male,Dubai,Silver,Store,2021-11-13
4955,20,Male,Sharjah,Platinum,MobileApp,2025-07-20
4960,35,Female,Sharjah,Platinum,Store,2022-05-11
4962,25,Female,Dubai,Platinum,Website,2022-04-02
4963,40,Female,Abu Dhabi,Silver,Amazon.ae,2024-04-16
4964,40,Female,Dubai,Silver,MobileApp,2021-05-09
4966,50,Male,Abu Dhabi,Silver,Amazon.ae,2023-11-29
4968,40,Male,Dubai,Silver,Store,2023-03-23
4969,30,Female,Abu Dhabi,Platinum,Store,2023-05-23
4970,45,Male,Dubai,Silver,Amazon.ae,2021-12-16
4971,50,Male,Abu Dhabi,Gold,Store,2022-10-07
4972,18,Female,Dubai,Silver,MobileApp,2022-03-28
4974,40,Male,Abu Dhabi,Silver,Amazon.ae,2021-04-19
4976,20,Female,Dubai,Gold,MobileApp,2024-05-16
4979,25,Female,Abu Dhabi,Silver,Website,2022-08-14
4981,18,Female,Dubai,Silver,Website,2024-11-23
4983,30,Male,Dubai,Silver,MobileApp,2024-07-09
4990,18,Male,Dubai,Silver,MobileApp,2021-04-06
4994,40,Female,Abu Dhabi,Silver,Store,2021-01-31
4995,18,Female,Abu Dhabi,Gold,MobileApp,2022-02-12
4996,30,Female,Dubai,Silver,Store,2024-10-30
4997,30,Female,Sharjah,Gold,Store,2024-11-06
4998,30,Male,Abu Dhabi,Silver,MobileApp,2022-12-17
